paper_id,title,authors,venue,year,pdf_url,proceedings_url,source_retrieved_date,selection_status,award_status,screening_level,pdf_text_retrieved,caption_candidates_extracted,analyst_caption_reviewed,visual_reviewed,pdf_title_token_check,caption_candidate_count,figure_candidates,caption_window_excerpt,excerpt_note,candidate_window_keyword_tags,retrieval_limitation,selection_note
p0001,PAC-Bayesian Bounds on Rate-Efficient Classifiers,"Alhabib Abbas, Yiannis Andreopoulos",ICML,2022,https://proceedings.mlr.press/v162/abbas22a/abbas22a.pdf,https://proceedings.mlr.press/v162/,2026-09-09,convenience_sample_candidate,not_checked,caption_candidates_extracted,True,True,False,False,passed_70_percent_threshold,1,"[{""figure"": 1, ""pdf_page"": 4}]","Observation model of η-enabled rate-efficient inference. By combining analytical guarantees with measures of compression noise, we realize rate-efficient machines that bound noise",Automatically extracted first 22 words starting at a caption-like line; may include neighboring text.,"[""efficiency_or_tradeoff"", ""uncertainty_or_distribution""]","Bounded browser PDF text windows, not full-paper reading","Bounded proceedings windows; title-prioritized for AI model, method and empirical relevance; not ranked by figure quality."
p0002,Sharp-MAML: Sharpness-Aware Model-Agnostic Meta Learning,"Momin Abbas, Quan Xiao, Lisha Chen, Pin-Yu Chen, Tianyi Chen",ICML,2022,https://proceedings.mlr.press/v162/abbas22b/abbas22b.pdf,https://proceedings.mlr.press/v162/,2026-09-09,convenience_sample_candidate,not_checked,caption_candidates_extracted,True,True,False,False,passed_70_percent_threshold,1,"[{""figure"": 1, ""pdf_page"": 4}]",Loss landscapes of MAML and ERM for a single task on CIFAR-100 dataset. Details of the architecture are given in Section 5.1.,Automatically extracted first 22 words starting at a caption-like line; may include neighboring text.,"[""method_or_architecture"", ""worked_example_or_problem""]","Bounded browser PDF text windows, not full-paper reading","Bounded proceedings windows; title-prioritized for AI model, method and empirical relevance; not ranked by figure quality."
p0003,An Initial Alignment between Neural Network and Target is Needed for Gradient Descent to Learn,"Emmanuel Abbe, Elisabetta Cornacchia, Jan Hazla, Christopher Marquis",ICML,2022,https://proceedings.mlr.press/v162/abbe22a/abbe22a.pdf,https://proceedings.mlr.press/v162/,2026-09-09,convenience_sample_candidate,not_checked,caption_candidates_extracted,True,True,False,False,passed_70_percent_threshold,2,"[{""figure"": 1, ""pdf_page"": 8}, {""figure"": 2, ""pdf_page"": 8}]","Comparison of INAL and generalization accuracy for three Boolean functions. On the left, we estimate the INAL between each target function and",Automatically extracted first 22 words starting at a caption-like line; may include neighboring text.,"[""quantitative_comparison""]","Bounded browser PDF text windows, not full-paper reading","Bounded proceedings windows; title-prioritized for AI model, method and empirical relevance; not ranked by figure quality."
p0004,Meaningfully debugging model mistakes using conceptual counterfactual explanations,"Abubakar Abid, Mert Yuksekgonul, James Zou",ICML,2022,https://proceedings.mlr.press/v162/abid22a/abid22a.pdf,https://proceedings.mlr.press/v162/,2026-09-09,convenience_sample_candidate,not_checked,caption_candidates_extracted,True,True,False,False,passed_70_percent_threshold,1,"[{""figure"": 1, ""pdf_page"": 3}]","Explaining with Conceptual Counterfactuals: (a) In generating conceptual explanations, the first step is to define a concept library. After defining a concept",Automatically extracted first 22 words starting at a caption-like line; may include neighboring text.,[],"Bounded browser PDF text windows, not full-paper reading","Bounded proceedings windows; title-prioritized for AI model, method and empirical relevance; not ranked by figure quality."
p0005,Hierarchical Shrinkage: Improving the accuracy and interpretability of tree-based models.,"Abhineet Agarwal, Yan Shuo Tan, Omer Ronen, Chandan Singh, Bin Yu",ICML,2022,https://proceedings.mlr.press/v162/agarwal22b/agarwal22b.pdf,https://proceedings.mlr.press/v162/,2026-09-09,convenience_sample_candidate,not_checked,caption_candidates_extracted,True,True,False,False,passed_70_percent_threshold,2,"[{""figure"": 1, ""pdf_page"": 2}, {""figure"": 2, ""pdf_page"": 2}]",Diagram showing how HS works for a toy tree model. The predictions over each tree node (including internal nodes) gets shrunk toward,Automatically extracted first 22 words starting at a caption-like line; may include neighboring text.,"[""worked_example_or_problem""]","Bounded browser PDF text windows, not full-paper reading","Bounded proceedings windows; title-prioritized for AI model, method and empirical relevance; not ranked by figure quality."
p0006,Learning of Cluster-based Feature Importance for Electronic Health Record Time-series,"Henrique Aguiar, Mauro Santos, Peter Watkinson, Tingting Zhu",ICML,2022,https://proceedings.mlr.press/v162/aguiar22a/aguiar22a.pdf,https://proceedings.mlr.press/v162/,2026-09-09,convenience_sample_candidate,not_checked,caption_candidates_extracted,True,True,False,False,passed_70_percent_threshold,2,"[{""figure"": 1, ""pdf_page"": 4}, {""figure"": 2, ""pdf_page"": 4}]",Diagram of proposed model. MLP - Multilayer Perceptron neural network blocks; RNN - Recurrent Neural Network. Let N denote the number of,Automatically extracted first 22 words starting at a caption-like line; may include neighboring text.,"[""efficiency_or_tradeoff""]","Bounded browser PDF text windows, not full-paper reading","Bounded proceedings windows; title-prioritized for AI model, method and empirical relevance; not ranked by figure quality."
p0007,On the Convergence of the Shapley Value in Parametric Bayesian Learning Games,"Lucas Agussurja, Xinyi Xu, Bryan Kian Hsiang Low",ICML,2022,https://proceedings.mlr.press/v162/agussurja22a/agussurja22a.pdf,https://proceedings.mlr.press/v162/,2026-09-09,convenience_sample_candidate,not_checked,caption_candidates_extracted,True,True,False,False,passed_70_percent_threshold,1,"[{""figure"": 1, ""pdf_page"": 3}]","An illustrative example of a 3-player parametric Bayesian learning game. random samples. In our example, θ ∗ is a vector of four",Automatically extracted first 22 words starting at a caption-like line; may include neighboring text.,"[""worked_example_or_problem""]","Bounded browser PDF text windows, not full-paper reading","Bounded proceedings windows; title-prioritized for AI model, method and empirical relevance; not ranked by figure quality."
p0008,Minimum Cost Intervention Design for Causal Effect Identification,"Sina Akbari, Jalal Etesami, Negar Kiyavash",ICML,2022,https://proceedings.mlr.press/v162/akbari22a/akbari22a.pdf,https://proceedings.mlr.press/v162/,2026-09-09,convenience_sample_candidate,not_checked,caption_candidates_extracted,True,True,False,False,passed_70_percent_threshold,1,"[{""figure"": 1, ""pdf_page"": 2}]","An example of a semi-Markovian graph. In this example, pa(x) = {v3, s2}, biD(x) = {v3, s1, v1}, and pa↔(x) = {v3}.",Automatically extracted first 22 words starting at a caption-like line; may include neighboring text.,"[""worked_example_or_problem"", ""qualitative_outputs""]","Bounded browser PDF text windows, not full-paper reading","Bounded proceedings windows; title-prioritized for AI model, method and empirical relevance; not ranked by figure quality."
p0009,How Faithful is your Synthetic Data? Sample-level Metrics for Evaluating and Auditing Generative Models,"Ahmed Alaa, Boris Van Breugel, Evgeny S. Saveliev, Mihaela van der Schaar",ICML,2022,https://proceedings.mlr.press/v162/alaa22a/alaa22a.pdf,https://proceedings.mlr.press/v162/,2026-09-09,convenience_sample_candidate,not_checked,caption_candidates_extracted,True,True,True,False,passed_70_percent_threshold,3,"[{""figure"": 1, ""pdf_page"": 1}, {""figure"": 2, ""pdf_page"": 3}, {""figure"": 3, ""pdf_page"": 5}]","Pictorial depiction for the proposed metrics. The blue and red spheres correspond to the α- and β-supports of real and generative distributions,",Automatically extracted first 22 words starting at a caption-like line; may include neighboring text.,"[""method_or_architecture"", ""worked_example_or_problem"", ""uncertainty_or_distribution""]","Bounded browser PDF text windows, not full-paper reading","Bounded proceedings windows; title-prioritized for AI model, method and empirical relevance; not ranked by figure quality."
p0010,Deploying Convolutional Networks on Untrusted Platforms Using 2D Holographic Reduced Representations,"Mohammad Mahmudul Alam, Edward Raff, Tim Oates, James Holt",ICML,2022,https://proceedings.mlr.press/v162/alam22a/alam22a.pdf,https://proceedings.mlr.press/v162/,2026-09-09,convenience_sample_candidate,not_checked,metadata_catalogued,False,False,False,False,not_run,0,[],,,[],PDF exceeded browser size limit,"Bounded proceedings windows; title-prioritized for AI model, method and empirical relevance; not ranked by figure quality."
p0011,XAI for Transformers: Better Explanations through Conservative Propagation,"Ameen Ali, Thomas Schnake, Oliver Eberle, Grégoire Montavon, Klaus-Robert Müller, Lior Wolf",ICML,2022,https://proceedings.mlr.press/v162/ali22a/ali22a.pdf,https://proceedings.mlr.press/v162/,2026-09-09,convenience_sample_candidate,not_checked,caption_candidates_extracted,True,True,True,False,passed_70_percent_threshold,2,"[{""figure"": 1, ""pdf_page"": 4}, {""figure"": 2, ""pdf_page"": 4}]","Diagram of specific modules found in Transformer architectures: (a) attention head, (b) LayerNorm. Modules are depicted with the types of nonlinearities they",Automatically extracted first 22 words starting at a caption-like line; may include neighboring text.,"[""method_or_architecture"", ""quantitative_comparison""]","Bounded browser PDF text windows, not full-paper reading","Bounded proceedings windows; title-prioritized for AI model, method and empirical relevance; not ranked by figure quality."
p0012,Neuro-Symbolic Language Modeling with Automaton-augmented Retrieval,"Uri Alon, Frank Xu, Junxian He, Sudipta Sengupta, Dan Roth, Graham Neubig",ICML,2022,https://proceedings.mlr.press/v162/alon22a/alon22a.pdf,https://proceedings.mlr.press/v162/,2026-09-09,convenience_sample_candidate,not_checked,caption_candidates_extracted,True,True,True,False,passed_70_percent_threshold,2,"[{""figure"": 1, ""pdf_page"": 2}, {""figure"": 2, ""pdf_page"": 3}]","An illustration of RETOMATON. Given a context 1 (“The U.S.”), a k-nearest neighbor search 2 returns the nearest datastore entries. Every datastore",Automatically extracted first 22 words starting at a caption-like line; may include neighboring text.,"[""worked_example_or_problem""]","Bounded browser PDF text windows, not full-paper reading","Bounded proceedings windows; title-prioritized for AI model, method and empirical relevance; not ranked by figure quality."
p0013,Minimax Classification under Concept Drift with Multidimensional Adaptation and Performance Guarantees,"Verónica Álvarez, Santiago Mazuelas, Jose A Lozano",ICML,2022,https://proceedings.mlr.press/v162/alvarez22a/alvarez22a.pdf,https://proceedings.mlr.press/v162/,2026-09-09,convenience_sample_candidate,not_checked,caption_candidates_extracted,True,True,False,False,passed_70_percent_threshold,2,"[{""figure"": 1, ""pdf_page"": 1}, {""figure"": 2, ""pdf_page"": 3}]","From time t1 to time t2, the statistical characteristic corresponding with class 1 (τ1 and τ2) significantly change, while those corresponding with",Automatically extracted first 22 words starting at a caption-like line; may include neighboring text.,"[""uncertainty_or_distribution""]","Bounded browser PDF text windows, not full-paper reading","Bounded proceedings windows; title-prioritized for AI model, method and empirical relevance; not ranked by figure quality."
p0014,Scalable First-Order Bayesian Optimization via Structured Automatic Differentiation,"Sebastian E Ament, Carla P Gomes",ICML,2022,https://proceedings.mlr.press/v162/ament22a/ament22a.pdf,https://proceedings.mlr.press/v162/,2026-09-09,convenience_sample_candidate,not_checked,caption_candidates_extracted,True,True,False,False,passed_70_percent_threshold,4,"[{""figure"": 1, ""pdf_page"": 5}, {""figure"": 2, ""pdf_page"": 6}, {""figure"": 3, ""pdf_page"": 7}, {""figure"": 4, ""pdf_page"": 7}]",Computational graphs of composite kernels whose gradient kernel matrix can be expressed with the data-sparse structured expressions derived in Section 3.2. Inside,Automatically extracted first 22 words starting at a caption-like line; may include neighboring text.,"[""quantitative_comparison"", ""efficiency_or_tradeoff""]","Bounded browser PDF text windows, not full-paper reading","Bounded proceedings windows; title-prioritized for AI model, method and empirical relevance; not ranked by figure quality."
p0015,Public Data-Assisted Mirror Descent for Private Model Training,"Ehsan Amid, Arun Ganesh, Rajiv Mathews, Swaroop Ramaswamy, Shuang Song, Thomas Steinke, Thomas Steinke, Vinith M Suriyakumar, Om Thakkar, Abhradeep Thakurta",ICML,2022,https://proceedings.mlr.press/v162/amid22a/amid22a.pdf,https://proceedings.mlr.press/v162/,2026-09-09,convenience_sample_candidate,not_checked,caption_candidates_extracted,True,True,False,False,passed_70_percent_threshold,3,"[{""figure"": 1, ""pdf_page"": 7}, {""figure"": 2, ""pdf_page"": 8}, {""figure"": 3, ""pdf_page"": 9}]",The empirical loss on synthetic linear regression data. The mean and error bars for a 95% confidence interval over 20 runs are,Automatically extracted first 22 words starting at a caption-like line; may include neighboring text.,"[""quantitative_comparison"", ""uncertainty_or_distribution""]","Bounded browser PDF text windows, not full-paper reading","Bounded proceedings windows; title-prioritized for AI model, method and empirical relevance; not ranked by figure quality."
p0016,"Learning to Hash Robustly, Guaranteed","Alexandr Andoni, Daniel Beaglehole",ICML,2022,https://proceedings.mlr.press/v162/andoni22a/andoni22a.pdf,https://proceedings.mlr.press/v162/,2026-09-09,convenience_sample_candidate,not_checked,caption_candidates_extracted,True,True,False,False,passed_70_percent_threshold,2,"[{""figure"": 1, ""pdf_page"": 8}, {""figure"": 2, ""pdf_page"": 9}]","Scaled and centered distributions produced by Algorithm 3 for the MNIST dataset (optimized for the entire dataset)Learning to Hash Robustly, Guaranteed",Automatically extracted first 22 words starting at a caption-like line; may include neighboring text.,"[""uncertainty_or_distribution""]","Bounded browser PDF text windows, not full-paper reading","Bounded proceedings windows; title-prioritized for AI model, method and empirical relevance; not ranked by figure quality."
p0017,Image-to-Image Regression with Distribution-Free Uncertainty Quantification and Applications in Imaging,"Anastasios N Angelopoulos, Amit Pal Kohli, Stephen Bates, Michael Jordan, Jitendra Malik, Thayer Alshaabi, Srigokul Upadhyayula, Yaniv Romano",ICML,2022,https://proceedings.mlr.press/v162/angelopoulos22a/angelopoulos22a.pdf,https://proceedings.mlr.press/v162/,2026-09-09,convenience_sample_candidate,not_checked,caption_candidates_extracted,True,True,False,False,passed_70_percent_threshold,2,"[{""figure"": 1, ""pdf_page"": 2}, {""figure"": 2, ""pdf_page"": 3}]",An algorithmic MRI reconstruction with uncertainty. A rapidly acquired but undersampled MR image of a knee (A) is fed into a model,Automatically extracted first 22 words starting at a caption-like line; may include neighboring text.,"[""worked_example_or_problem"", ""qualitative_outputs"", ""uncertainty_or_distribution""]","Bounded browser PDF text windows, not full-paper reading","Bounded proceedings windows; title-prioritized for AI model, method and empirical relevance; not ranked by figure quality."
p0018,Adapting the Linearised Laplace Model Evidence for Modern Deep Learning,"Javier Antoran, David Janz, James U Allingham, Erik Daxberger, Riccardo Rb Barbano, Eric Nalisnick, Jose Miguel Hernandez-Lobato",ICML,2022,https://proceedings.mlr.press/v162/antoran22a/antoran22a.pdf,https://proceedings.mlr.press/v162/,2026-09-09,convenience_sample_candidate,not_checked,caption_candidates_extracted,True,True,False,False,passed_70_percent_threshold,2,"[{""figure"": 1, ""pdf_page"": 3}, {""figure"": 2, ""pdf_page"": 4}]",Linearised Laplace predictive mean and std-dev for a 2.6k parameter MLP trained on toy data from Antoran et al. (2020). Choosing Λ,Automatically extracted first 22 words starting at a caption-like line; may include neighboring text.,"[""worked_example_or_problem"", ""uncertainty_or_distribution""]","Bounded browser PDF text windows, not full-paper reading","Bounded proceedings windows; title-prioritized for AI model, method and empirical relevance; not ranked by figure quality."
p0019,EAT-C: Environment-Adversarial sub-Task Curriculum for Efficient Reinforcement Learning,"Shuang Ao, Tianyi Zhou, Jing Jiang, Guodong Long, Xuan Song, Chengqi Zhang",ICML,2022,https://proceedings.mlr.press/v162/ao22a/ao22a.pdf,https://proceedings.mlr.press/v162/,2026-09-09,convenience_sample_candidate,not_checked,caption_candidates_extracted,True,True,False,False,passed_70_percent_threshold,1,"[{""figure"": 1, ""pdf_page"": 1}]","Main structure of EAT-C: The path-planner recursively generates a sub-task tree for a task (g0, g), while the environment generator (EG) adversarially",Automatically extracted first 22 words starting at a caption-like line; may include neighboring text.,"[""efficiency_or_tradeoff""]","Bounded browser PDF text windows, not full-paper reading","Bounded proceedings windows; title-prioritized for AI model, method and empirical relevance; not ranked by figure quality."
p0020,VariGrow: Variational Architecture Growing for Task-Agnostic Continual Learning based on Bayesian Novelty,"Randy Ardywibowo, Zepeng Huo, Zhangyang Wang, Bobak J Mortazavi, Shuai Huang, Xiaoning Qian",ICML,2022,https://proceedings.mlr.press/v162/ardywibowo22a/ardywibowo22a.pdf,https://proceedings.mlr.press/v162/,2026-09-09,convenience_sample_candidate,not_checked,caption_candidates_extracted,True,True,True,False,passed_70_percent_threshold,1,"[{""figure"": 1, ""pdf_page"": 3}]",VariGrow schematic: (a): The dynamically growing construct illustrated for two expert components. The input x is passed into a Bayesian Neural Network,Automatically extracted first 22 words starting at a caption-like line; may include neighboring text.,"[""method_or_architecture"", ""worked_example_or_problem"", ""ablation_or_mechanism""]","Bounded browser PDF text windows, not full-paper reading","Bounded proceedings windows; title-prioritized for AI model, method and empirical relevance; not ranked by figure quality."
p0021,Understanding Gradient Descent on the Edge of Stability in Deep Learning,"Sanjeev Arora, Zhiyuan Li, Abhishek Panigrahi",ICML,2022,https://proceedings.mlr.press/v162/arora22a/arora22a.pdf,https://proceedings.mlr.press/v162/,2026-09-09,convenience_sample_candidate,not_checked,caption_candidates_extracted,True,True,False,False,passed_70_percent_threshold,2,"[{""figure"": 1, ""pdf_page"": 2}, {""figure"": 2, ""pdf_page"": 4}]","GD operating on EoS oscillates around the zero loss manifold Γ = {(x, y) | y = 0} while slowly moving towards",Automatically extracted first 22 words starting at a caption-like line; may include neighboring text.,"[""qualitative_outputs""]","Bounded browser PDF text windows, not full-paper reading","Bounded proceedings windows; title-prioritized for AI model, method and empirical relevance; not ranked by figure quality."
p0022,Do More Negative Samples Necessarily Hurt In Contrastive Learning?,"Pranjal Awasthi, Nishanth Dikkala, Pritish Kamath",ICML,2022,https://proceedings.mlr.press/v162/awasthi22b/awasthi22b.pdf,https://proceedings.mlr.press/v162/,2026-09-09,convenience_sample_candidate,not_checked,caption_candidates_extracted,True,True,False,False,passed_70_percent_threshold,3,"[{""figure"": 1, ""pdf_page"": 7}, {""figure"": 2, ""pdf_page"": 7}, {""figure"": 3, ""pdf_page"": 8}]",The figure shows how the supervised loss of the NCE optimal representation varies with k for different multiclass settings corresponding to C,Automatically extracted first 22 words starting at a caption-like line; may include neighboring text.,"[""worked_example_or_problem"", ""quantitative_comparison"", ""uncertainty_or_distribution""]","Bounded browser PDF text windows, not full-paper reading","Bounded proceedings windows; title-prioritized for AI model, method and empirical relevance; not ranked by figure quality."
p0023,Iterative Hard Thresholding with Adaptive Regularization: Sparser Solutions Without Sacrificing Runtime,"Kyriakos Axiotis, Maxim Sviridenko",ICML,2022,https://proceedings.mlr.press/v162/axiotis22a/axiotis22a.pdf,https://proceedings.mlr.press/v162/,2026-09-09,convenience_sample_candidate,not_checked,caption_candidates_extracted,True,True,False,False,passed_70_percent_threshold,1,"[{""figure"": 1, ""pdf_page"": 9}]",(a)-(b): IHT vs Regularized IHT performance on the year and rcv1 datasets with fixed sparsity levels s = 11 and s =,Automatically extracted first 22 words starting at a caption-like line; may include neighboring text.,"[""quantitative_comparison""]","Bounded browser PDF text windows, not full-paper reading","Bounded proceedings windows; title-prioritized for AI model, method and empirical relevance; not ranked by figure quality."
p0024,Proving Theorems using Incremental Learning and Hindsight Experience Replay,"Eser Aygün, Ankit Anand, Laurent Orseau, Xavier Glorot, Stephen M Mcaleer, Vlad Firoiu, Lei M Zhang, Doina Precup, Shibl Mourad",ICML,2022,https://proceedings.mlr.press/v162/aygun22a/aygun22a.pdf,https://proceedings.mlr.press/v162/,2026-09-09,convenience_sample_candidate,not_checked,caption_candidates_extracted,True,True,False,False,passed_70_percent_threshold,3,"[{""figure"": 1, ""pdf_page"": 6}, {""figure"": 2, ""pdf_page"": 8}, {""figure"": 3, ""pdf_page"": 8}]","Clause graph of a goal clause. Each node has five features: clause type, node type, literal polarity, symbol hash and argument slot",Automatically extracted first 22 words starting at a caption-like line; may include neighboring text.,"[""method_or_architecture"", ""quantitative_comparison"", ""ablation_or_mechanism""]","Bounded browser PDF text windows, not full-paper reading","Bounded proceedings windows; title-prioritized for AI model, method and empirical relevance; not ranked by figure quality."
p0025,Near-optimal rate of consistency for linear models with missing values,"Alexis Ayme, Claire Boyer, Aymeric Dieuleveut, Erwan Scornet",ICML,2022,https://proceedings.mlr.press/v162/ayme22a/ayme22a.pdf,https://proceedings.mlr.press/v162/,2026-09-09,convenience_sample_candidate,not_checked,caption_candidates_extracted,True,True,False,False,passed_70_percent_threshold,2,"[{""figure"": 1, ""pdf_page"": 3}, {""figure"": 2, ""pdf_page"": 3}]",Links between the different assumptions to get the linearity of the Bayes predictor as in Proposition 2.3. Scenarios that may contain MNAR,Automatically extracted first 22 words starting at a caption-like line; may include neighboring text.,"[""worked_example_or_problem""]","Bounded browser PDF text windows, not full-paper reading","Bounded proceedings windows; title-prioritized for AI model, method and empirical relevance; not ranked by figure quality."
p0026,How Tempering Fixes Data Augmentation in Bayesian Neural Networks,"Gregor Bachmann, Lorenzo Noci, Thomas Hofmann",ICML,2022,https://proceedings.mlr.press/v162/bachmann22a/bachmann22a.pdf,https://proceedings.mlr.press/v162/,2026-09-09,convenience_sample_candidate,not_checked,caption_candidates_extracted,True,True,False,False,passed_70_percent_threshold,2,"[{""figure"": 1, ""pdf_page"": 4}, {""figure"": 2, ""pdf_page"": 5}]","Illustration of augmentations, the original image x (left), and two random augmentation Rη1(x) (middle) and Rη2(x) (right). We apply a composition of",Automatically extracted first 22 words starting at a caption-like line; may include neighboring text.,"[""worked_example_or_problem""]","Bounded browser PDF text windows, not full-paper reading","Bounded proceedings windows; title-prioritized for AI model, method and empirical relevance; not ranked by figure quality."
p0027,ASAP.SGD: Instance-based Adaptiveness to Staleness in Asynchronous SGD,"Karl Bäckström, Marina Papatriantafilou, Philippas Tsigas",ICML,2022,https://proceedings.mlr.press/v162/backstrom22a/backstrom22a.pdf,https://proceedings.mlr.press/v162/,2026-09-09,convenience_sample_candidate,not_checked,caption_candidates_extracted,True,True,False,False,passed_70_percent_threshold,3,"[{""figure"": 1, ""pdf_page"": 5}, {""figure"": 2, ""pdf_page"": 7}, {""figure"": 3, ""pdf_page"": 7}]","The scaling factor CA(τ ) of TAIL-τ , relative a staleness distribution, with properties from Lemma 4.7. Fresh updates (low staleness) are",Automatically extracted first 22 words starting at a caption-like line; may include neighboring text.,"[""efficiency_or_tradeoff"", ""ablation_or_mechanism"", ""uncertainty_or_distribution""]","Bounded browser PDF text windows, not full-paper reading","Bounded proceedings windows; title-prioritized for AI model, method and empirical relevance; not ranked by figure quality."
p0028,From Noisy Prediction to True Label: Noisy Prediction Calibration via Generative Model,"Heesun Bae, Seungjae Shin, Byeonghu Na, Joonho Jang, Kyungwoo Song, Il-Chul Moon",ICML,2022,https://proceedings.mlr.press/v162/bae22a/bae22a.pdf,https://proceedings.mlr.press/v162/,2026-09-09,convenience_sample_candidate,not_checked,caption_candidates_extracted,True,True,True,False,passed_70_percent_threshold,2,"[{""figure"": 1, ""pdf_page"": 3}, {""figure"": 2, ""pdf_page"": 4}]","Overview. Existing methods shift the function ψ to estimate the mapping from x to y during the learning procedure. On the contrary,",Automatically extracted first 22 words starting at a caption-like line; may include neighboring text.,"[""method_or_architecture"", ""worked_example_or_problem"", ""quantitative_comparison"", ""uncertainty_or_distribution""]","Bounded browser PDF text windows, not full-paper reading","Bounded proceedings windows; title-prioritized for AI model, method and empirical relevance; not ranked by figure quality."
p0029,"data2vec: A General Framework for Self-supervised Learning in Speech, Vision and Language","Alexei Baevski, Wei-Ning Hsu, Qiantong Xu, Arun Babu, Jiatao Gu, Michael Auli",ICML,2022,https://proceedings.mlr.press/v162/baevski22a/baevski22a.pdf,https://proceedings.mlr.press/v162/,2026-09-09,convenience_sample_candidate,not_checked,caption_candidates_extracted,True,True,False,False,passed_70_percent_threshold,1,"[{""figure"": 1, ""pdf_page"": 2}]",Illustration of how data2vec follows the same learning process for different modalities. The model first produces representations of the original input example,Automatically extracted first 22 words starting at a caption-like line; may include neighboring text.,"[""worked_example_or_problem""]","Bounded browser PDF text windows, not full-paper reading","Bounded proceedings windows; title-prioritized for AI model, method and empirical relevance; not ranked by figure quality."
p0030,End-to-End Balancing for Causal Continuous Treatment-Effect Estimation,"Taha Bahadori, Eric Tchetgen Tchetgen, David Heckerman",ICML,2022,https://proceedings.mlr.press/v162/bahadori22a/bahadori22a.pdf,https://proceedings.mlr.press/v162/,2026-09-09,convenience_sample_candidate,not_checked,caption_candidates_extracted,True,True,False,False,passed_70_percent_threshold,2,"[{""figure"": 1, ""pdf_page"": 7}, {""figure"": 2, ""pdf_page"": 8}]",The estimated log-base-weight function ℓθ as a function of logarithms of the empirical density of the treatment log(pb(a)) and conditional distribution log(pb(a|x)).,Automatically extracted first 22 words starting at a caption-like line; may include neighboring text.,"[""quantitative_comparison"", ""ablation_or_mechanism"", ""uncertainty_or_distribution""]","Bounded browser PDF text windows, not full-paper reading","Bounded proceedings windows; title-prioritized for AI model, method and empirical relevance; not ranked by figure quality."
p0031,A Hierarchical Transitive-Aligned Graph Kernel for Un-attributed Graphs,"Lu Bai, Lixin Cui, Hancock Edwin",ICML,2022,https://proceedings.mlr.press/v162/bai22a/bai22a.pdf,https://proceedings.mlr.press/v162/,2026-09-09,convenience_sample_candidate,not_checked,caption_candidates_extracted,True,True,True,False,passed_70_percent_threshold,3,"[{""figure"": 1, ""pdf_page"": 1}, {""figure"": 2, ""pdf_page"": 3}, {""figure"": 3, ""pdf_page"": 4}]","Graphs abstracted from digital images of different angles. specific isomorphic substructures (Haussler, 1999). Specifically, these graph kernels are the so-called R-convolution kernels,",Automatically extracted first 22 words starting at a caption-like line; may include neighboring text.,"[""method_or_architecture""]","Bounded browser PDF text windows, not full-paper reading","Bounded proceedings windows; title-prioritized for AI model, method and empirical relevance; not ranked by figure quality."
p0032,Near-Optimal Learning of Extensive-Form Games with Imperfect Information,"Yu Bai, Chi Jin, Song Mei, Tiancheng Yu",ICML,2022,https://proceedings.mlr.press/v162/bai22b/bai22b.pdf,https://proceedings.mlr.press/v162/,2026-09-09,convenience_sample_candidate,not_checked,pdf_text_retrieved,True,False,False,False,passed_70_percent_threshold,0,[],,,[],"Bounded browser PDF text windows, not full-paper reading","Bounded proceedings windows; title-prioritized for AI model, method and empirical relevance; not ranked by figure quality."
p0033,Gaussian Mixture Variational Autoencoder with Contrastive Learning for Multi-Label Classification,"Junwen Bai, Shufeng Kong, Carla P Gomes",ICML,2022,https://proceedings.mlr.press/v162/bai22c/bai22c.pdf,https://proceedings.mlr.press/v162/,2026-09-09,convenience_sample_candidate,not_checked,caption_candidates_extracted,True,True,True,False,passed_70_percent_threshold,1,"[{""figure"": 1, ""pdf_page"": 3}]",The full pipeline of C-GMVAE. Every label category is mapped to a learnable embedding first. The label encoder transforms each embedding w,Automatically extracted first 22 words starting at a caption-like line; may include neighboring text.,"[""method_or_architecture""]","Bounded browser PDF text windows, not full-paper reading","Bounded proceedings windows; title-prioritized for AI model, method and empirical relevance; not ranked by figure quality."
p0034,Certified Neural Network Watermarks with Randomized Smoothing,"Arpit Bansal, Ping-Yeh Chiang, Michael J Curry, Rajiv Jain, Curtis Wigington, Varun Manjunatha, John P Dickerson, Tom Goldstein",ICML,2022,https://proceedings.mlr.press/v162/bansal22a/bansal22a.pdf,https://proceedings.mlr.press/v162/,2026-09-09,convenience_sample_candidate,not_checked,caption_candidates_extracted,True,True,False,False,passed_70_percent_threshold,1,"[{""figure"": 1, ""pdf_page"": 5}]","Graphical illustration of perfect, sufficient, and necessary threat models. 4.2. Properties of a Good Threat Model Before we present our experimental results",Automatically extracted first 22 words starting at a caption-like line; may include neighboring text.,"[""worked_example_or_problem"", ""quantitative_comparison""]","Bounded browser PDF text windows, not full-paper reading","Bounded proceedings windows; title-prioritized for AI model, method and empirical relevance; not ranked by figure quality."
p0035,Data Scaling Laws in NMT: The Effect of Noise and Architecture,"Yamini Bansal, Behrooz Ghorbani, Ankush Garg, Biao Zhang, Colin Cherry, Behnam Neyshabur, Orhan Firat",ICML,2022,https://proceedings.mlr.press/v162/bansal22b/bansal22b.pdf,https://proceedings.mlr.press/v162/,2026-09-09,convenience_sample_candidate,not_checked,caption_candidates_extracted,True,True,True,False,passed_70_percent_threshold,2,"[{""figure"": 1, ""pdf_page"": 2}, {""figure"": 2, ""pdf_page"": 4}]",Data scaling exponent is minimally impacted by changes to the training setup. We train a series of models on increasing amounts of,Automatically extracted first 22 words starting at a caption-like line; may include neighboring text.,"[""method_or_architecture"", ""worked_example_or_problem"", ""quantitative_comparison"", ""efficiency_or_tradeoff"", ""uncertainty_or_distribution""]","Bounded browser PDF text windows, not full-paper reading","Bounded proceedings windows; title-prioritized for AI model, method and empirical relevance; not ranked by figure quality."
p0036,Learning Stable Classifiers by Transferring Unstable Features,"Yujia Bao, Shiyu Chang, Dr.Regina Barzilay",ICML,2022,https://proceedings.mlr.press/v162/bao22a/bao22a.pdf,https://proceedings.mlr.press/v162/,2026-09-09,convenience_sample_candidate,not_checked,caption_candidates_extracted,True,True,False,False,passed_70_percent_threshold,2,"[{""figure"": 1, ""pdf_page"": 2}, {""figure"": 2, ""pdf_page"": 3}]","Transferring across tasks in Colored MNIST (Arjovsky et al., 2019). On the source task, we learn a color-invariant model that achieves oracle",Automatically extracted first 22 words starting at a caption-like line; may include neighboring text.,"[""worked_example_or_problem"", ""quantitative_comparison""]","Bounded browser PDF text windows, not full-paper reading","Bounded proceedings windows; title-prioritized for AI model, method and empirical relevance; not ranked by figure quality."
p0037,Fast Composite Optimization and Statistical Recovery in Federated Learning,"Yajie Bao, Michael Crawshaw, Shan Luo, Mingrui Liu",ICML,2022,https://proceedings.mlr.press/v162/bao22b/bao22b.pdf,https://proceedings.mlr.press/v162/,2026-09-09,convenience_sample_candidate,not_checked,caption_candidates_extracted,True,True,False,False,passed_70_percent_threshold,3,"[{""figure"": 1, ""pdf_page"": 8}, {""figure"": 2, ""pdf_page"": 8}, {""figure"": 3, ""pdf_page"": 9}]","Recovery results for federated sparse linear regression problem with p = 1024 and s = 512. Except FedMiD, other methods nearly achieve",Automatically extracted first 22 words starting at a caption-like line; may include neighboring text.,"[""worked_example_or_problem"", ""quantitative_comparison""]","Bounded browser PDF text windows, not full-paper reading","Bounded proceedings windows; title-prioritized for AI model, method and empirical relevance; not ranked by figure quality."
p0038,Generative Modeling for Multi-task Visual Learning,"Zhipeng Bao, Martial Hebert, Yu-Xiong Wang",ICML,2022,https://proceedings.mlr.press/v162/bao22c/bao22c.pdf,https://proceedings.mlr.press/v162/,2026-09-09,convenience_sample_candidate,not_checked,caption_candidates_extracted,True,True,True,False,passed_70_percent_threshold,3,"[{""figure"": 1, ""pdf_page"": 2}, {""figure"": 2, ""pdf_page"": 3}, {""figure"": 3, ""pdf_page"": 5}]",(a): Traditional multi-task learning framework that learns a shared feature representation vs. (b): our proposed multi-task oriented generative modeling that additionally learns,Automatically extracted first 22 words starting at a caption-like line; may include neighboring text.,"[""method_or_architecture"", ""ablation_or_mechanism""]","Bounded browser PDF text windows, not full-paper reading","Bounded proceedings windows; title-prioritized for AI model, method and empirical relevance; not ranked by figure quality."
p0039,Estimating the Optimal Covariance with Imperfect Mean in Diffusion Probabilistic Models,"Fan Bao, Chongxuan Li, Jiacheng Sun, Jun Zhu, Bo Zhang",ICML,2022,https://proceedings.mlr.press/v162/bao22d/bao22d.pdf,https://proceedings.mlr.press/v162/,2026-09-09,convenience_sample_candidate,not_checked,metadata_catalogued,False,False,False,False,not_run,0,[],,,[],PDF exceeded browser size limit,"Bounded proceedings windows; title-prioritized for AI model, method and empirical relevance; not ranked by figure quality."
p0040,Representation Topology Divergence: A Method for Comparing Neural Network Representations.,"Serguei Barannikov, Ilya Trofimov, Nikita Balabin, Evgeny Burnaev",ICML,2022,https://proceedings.mlr.press/v162/barannikov22a/barannikov22a.pdf,https://proceedings.mlr.press/v162/,2026-09-09,convenience_sample_candidate,not_checked,caption_candidates_extracted,True,True,False,False,passed_70_percent_threshold,3,"[{""figure"": 1, ""pdf_page"": 2}, {""figure"": 2, ""pdf_page"": 3}, {""figure"": 3, ""pdf_page"": 5}]","Comparison of representations after the ith epoch and the final one done by RTD, 1−CKA, and disagreement of predictions. All the measures",Automatically extracted first 22 words starting at a caption-like line; may include neighboring text.,"[""quantitative_comparison""]","Bounded browser PDF text windows, not full-paper reading","Bounded proceedings windows; title-prioritized for AI model, method and empirical relevance; not ranked by figure quality."
p0041,Neural Fisher Discriminant Analysis: Optimal Neural Network Embeddings in Polynomial Time,"Burak Bartan, Mert Pilanci",ICML,2022,https://proceedings.mlr.press/v162/bartan22a/bartan22a.pdf,https://proceedings.mlr.press/v162/,2026-09-09,convenience_sample_candidate,not_checked,caption_candidates_extracted,True,True,False,False,passed_70_percent_threshold,5,"[{""figure"": 1, ""pdf_page"": 7}, {""figure"": 2, ""pdf_page"": 7}, {""figure"": 3, ""pdf_page"": 8}, {""figure"": 4, ""pdf_page"": 8}, {""figure"": 5, ""pdf_page"": 9}]",Two spirals dataset. 0.000 0.002 0.004 0.006 projections 0 2 4,Automatically extracted first 22 words starting at a caption-like line; may include neighboring text.,"[""worked_example_or_problem"", ""quantitative_comparison"", ""efficiency_or_tradeoff"", ""qualitative_outputs""]","Bounded browser PDF text windows, not full-paper reading","Bounded proceedings windows; title-prioritized for AI model, method and empirical relevance; not ranked by figure quality."
p0042,Information Discrepancy in Strategic Learning,"Yahav Bechavod, Chara Podimata, Steven Wu, Juba Ziani",ICML,2022,https://proceedings.mlr.press/v162/bechavod22a/bechavod22a.pdf,https://proceedings.mlr.press/v162/,2026-09-09,convenience_sample_candidate,not_checked,caption_candidates_extracted,True,True,False,False,passed_70_percent_threshold,2,"[{""figure"": 1, ""pdf_page"": 9}, {""figure"": 2, ""pdf_page"": 24}]","Left, Right: evaluation on the TAIWAN-CREDIT and ADULT dataset respectively. Tables 1 and 2 contain the characteristics of groups G1, G2. Recall",Automatically extracted first 22 words starting at a caption-like line; may include neighboring text.,"[""worked_example_or_problem""]","Bounded browser PDF text windows, not full-paper reading","Bounded proceedings windows; title-prioritized for AI model, method and empirical relevance; not ranked by figure quality."
p0043,Imitation Learning by Estimating Expertise of Demonstrators,"Mark Beliaev, Andy Shih, Stefano Ermon, Dorsa Sadigh, Ramtin Pedarsani",ICML,2022,https://proceedings.mlr.press/v162/beliaev22a/beliaev22a.pdf,https://proceedings.mlr.press/v162/,2026-09-09,convenience_sample_candidate,not_checked,caption_candidates_extracted,True,True,False,False,passed_70_percent_threshold,2,"[{""figure"": 1, ""pdf_page"": 2}, {""figure"": 2, ""pdf_page"": 4}]",Left: State embeddings encode the skills associated with states of the environment. Middle: A demonstrator’s expertise ρ at a state is a,Automatically extracted first 22 words starting at a caption-like line; may include neighboring text.,[],"Bounded browser PDF text windows, not full-paper reading","Bounded proceedings windows; title-prioritized for AI model, method and empirical relevance; not ranked by figure quality."
p0044,Stochastic Contextual Dueling Bandits under Linear Stochastic Transitivity Models,"Viktor Bengs, Aadirupa Saha, Eyke Hüllermeier",ICML,2022,https://proceedings.mlr.press/v162/bengs22a/bengs22a.pdf,https://proceedings.mlr.press/v162/,2026-09-09,convenience_sample_candidate,not_checked,caption_candidates_extracted,True,True,False,False,passed_70_percent_threshold,2,"[{""figure"": 1, ""pdf_page"": 7}, {""figure"": 2, ""pdf_page"": 8}]","Top panel: Averaged cumulative regret of the different methods on E(d, n, G∗) (left), M(d, n, G∗) (middle) and H(d, n, G∗)",Automatically extracted first 22 words starting at a caption-like line; may include neighboring text.,[],"Bounded browser PDF text windows, not full-paper reading","Bounded proceedings windows; title-prioritized for AI model, method and empirical relevance; not ranked by figure quality."
p0045,Neural Inverse Kinematic,"Raphael Bensadoun, Shir Gur, Nitsan Blau, Lior Wolf",ICML,2022,https://proceedings.mlr.press/v162/bensadoun22a/bensadoun22a.pdf,https://proceedings.mlr.press/v162/,2026-09-09,convenience_sample_candidate,not_checked,caption_candidates_extracted,True,True,False,False,passed_70_percent_threshold,1,"[{""figure"": 1, ""pdf_page"": 4}]","Illustration of the proposed method. Given a query input x, which is the desired end-effector position, the hypernet f maps its input",Automatically extracted first 22 words starting at a caption-like line; may include neighboring text.,"[""worked_example_or_problem"", ""uncertainty_or_distribution""]","Bounded browser PDF text windows, not full-paper reading","Bounded proceedings windows; title-prioritized for AI model, method and empirical relevance; not ranked by figure quality."
p0046,Safe Learning in Tree-Form Sequential Decision Making: Handling Hard and Soft Constraints,"Martino Bernasconi, Federico Cacciamani, Matteo Castiglioni, Alberto Marchesi, Nicola Gatti, Francesco Trovò",ICML,2022,https://proceedings.mlr.press/v162/bernasconi22a/bernasconi22a.pdf,https://proceedings.mlr.press/v162/,2026-09-09,convenience_sample_candidate,not_checked,caption_candidates_extracted,True,True,False,False,passed_70_percent_threshold,2,"[{""figure"": 1, ""pdf_page"": 3}, {""figure"": 2, ""pdf_page"": 5}]",Example of an SDMC representing a Kuhn Poker game with 3 ranks and an additional action (forfeit). Black rounded nodes represent decision,Automatically extracted first 22 words starting at a caption-like line; may include neighboring text.,"[""method_or_architecture"", ""worked_example_or_problem""]","Bounded browser PDF text windows, not full-paper reading","Bounded proceedings windows; title-prioritized for AI model, method and empirical relevance; not ranked by figure quality."
p0047,Optimizing Sequential Experimental Design with Deep Reinforcement Learning,"Tom Blau, Edwin V. Bonilla, Iadine Chades, Amir Dezfouli",ICML,2022,https://proceedings.mlr.press/v162/blau22a/blau22a.pdf,https://proceedings.mlr.press/v162/,2026-09-09,convenience_sample_candidate,not_checked,caption_candidates_extracted,True,True,False,False,passed_70_percent_threshold,5,"[{""figure"": 1, ""pdf_page"": 6}, {""figure"": 2, ""pdf_page"": 6}, {""figure"": 3, ""pdf_page"": 7}, {""figure"": 4, ""pdf_page"": 7}, {""figure"": 5, ""pdf_page"": 8}]","EIG for the source location problem, estimated using SPCE with L = 1e6. Trendlines are means and shaded regions are standard errors",Automatically extracted first 22 words starting at a caption-like line; may include neighboring text.,"[""worked_example_or_problem"", ""quantitative_comparison"", ""uncertainty_or_distribution""]","Bounded browser PDF text windows, not full-paper reading","Bounded proceedings windows; title-prioritized for AI model, method and empirical relevance; not ranked by figure quality."
p0048,Generalized Results for the Existence and Consistency of the MLE in the Bradley-Terry-Luce Model,"Heejong Bong, Alessandro Rinaldo",ICML,2022,https://proceedings.mlr.press/v162/bong22a/bong22a.pdf,https://proceedings.mlr.press/v162/,2026-09-09,convenience_sample_candidate,not_checked,caption_candidates_extracted,True,True,False,False,passed_70_percent_threshold,1,"[{""figure"": 1, ""pdf_page"": 5}]","Shape of the proxy function, h, and its square. (a) The absolute value of h(x) is smaller than |x| 2 , and",Automatically extracted first 22 words starting at a caption-like line; may include neighboring text.,[],"Bounded browser PDF text windows, not full-paper reading","Bounded proceedings windows; title-prioritized for AI model, method and empirical relevance; not ranked by figure quality."
p0049,How to Train Your Wide Neural Network Without Backprop: An Input-Weight Alignment Perspective,"Akhilan Boopathy, Ila Fiete",ICML,2022,https://proceedings.mlr.press/v162/boopathy22a/boopathy22a.pdf,https://proceedings.mlr.press/v162/,2026-09-09,convenience_sample_candidate,not_checked,caption_candidates_extracted,True,True,False,False,passed_70_percent_threshold,4,"[{""figure"": 1, ""pdf_page"": 5}, {""figure"": 2, ""pdf_page"": 6}, {""figure"": 3, ""pdf_page"": 7}, {""figure"": 4, ""pdf_page"": 8}]",Alignment scores at different layers of convolutional neural networks with different layer widths trained on the CIFAR-10 (8 layers) and KMNIST (4,Automatically extracted first 22 words starting at a caption-like line; may include neighboring text.,"[""method_or_architecture"", ""quantitative_comparison""]","Bounded browser PDF text windows, not full-paper reading","Bounded proceedings windows; title-prioritized for AI model, method and empirical relevance; not ranked by figure quality."
p0050,Improving Language Models by Retrieving from Trillions of Tokens,"Sebastian Borgeaud, Arthur Mensch, Jordan Hoffmann, Trevor Cai, Eliza Rutherford, Katie Millican, George Bm Van Den Driessche, Jean-Baptiste Lespiau, Bogdan Damoc, Aidan Clark, Diego De Las Casas, Aurelia Guy, Jacob Menick, Roman Ring, Tom Hennigan, Saffron Huang, Loren Maggiore, Chris Jones, Albin Cassirer, Andy Brock, Michela Paganini, Geoffrey Irving, Oriol Vinyals, Simon Osindero, Karen Simonyan, Jack Rae, Erich Elsen, Laurent Sifre",ICML,2022,https://proceedings.mlr.press/v162/borgeaud22a/borgeaud22a.pdf,https://proceedings.mlr.press/v162/,2026-09-09,convenience_sample_candidate,not_checked,caption_candidates_extracted,True,True,True,False,passed_70_percent_threshold,2,"[{""figure"": 1, ""pdf_page"": 2}, {""figure"": 2, ""pdf_page"": 4}]","Scaling of RETRO. The performance gain of our retrieval models remains constant with model scale (left), and is comparable to multiplying the",Automatically extracted first 22 words starting at a caption-like line; may include neighboring text.,"[""method_or_architecture"", ""quantitative_comparison"", ""efficiency_or_tradeoff""]","Bounded browser PDF text windows, not full-paper reading","Bounded proceedings windows; title-prioritized for AI model, method and empirical relevance; not ranked by figure quality."
p0051,Lie Point Symmetry Data Augmentation for Neural PDE Solvers,"Johannes Brandstetter, Max Welling, Daniel E Worrall",ICML,2022,https://proceedings.mlr.press/v162/brandstetter22a/brandstetter22a.pdf,https://proceedings.mlr.press/v162/,2026-09-09,convenience_sample_candidate,not_checked,caption_candidates_extracted,True,True,False,False,passed_70_percent_threshold,2,"[{""figure"": 1, ""pdf_page"": 3}, {""figure"": 2, ""pdf_page"": 4}]","One-parameter Lie point symmetries of the Korteweg-de Vries equation. The transformations are: (g1) time translation, (g2) space translation, (g3) Galilean-like boost, and",Automatically extracted first 22 words starting at a caption-like line; may include neighboring text.,"[""method_or_architecture"", ""efficiency_or_tradeoff""]","Bounded browser PDF text windows, not full-paper reading","Bounded proceedings windows; title-prioritized for AI model, method and empirical relevance; not ranked by figure quality."
p0052,An iterative clustering algorithm for the Contextual Stochastic Block Model with optimality guarantees,"Guillaume Braun, Hemant Tyagi, Christophe Biernacki",ICML,2022,https://proceedings.mlr.press/v162/braun22a/braun22a.pdf,https://proceedings.mlr.press/v162/,2026-09-09,convenience_sample_candidate,not_checked,caption_candidates_extracted,True,True,False,False,passed_70_percent_threshold,12,"[{""figure"": 1, ""pdf_page"": 8}, {""figure"": 1, ""pdf_page"": 34}, {""figure"": 2, ""pdf_page"": 8}, {""figure"": 3, ""pdf_page"": 8}, {""figure"": 4, ""pdf_page"": 31}, {""figure"": 5, ""pdf_page"": 32}, {""figure"": 6, ""pdf_page"": 32}, {""figure"": 7, ""pdf_page"": 33}, {""figure"": 8, ""pdf_page"": 33}, {""figure"": 9, ""pdf_page"": 34}, {""figure"": 10, ""pdf_page"": 35}, {""figure"": 11, ""pdf_page"": 35}]","Average performance over 40 runs of different algorithms under CSBM. a bit larger than IR-LS. On the other hand, other methods based",Automatically extracted first 22 words starting at a caption-like line; may include neighboring text.,"[""quantitative_comparison"", ""uncertainty_or_distribution""]","Bounded browser PDF text windows, not full-paper reading","Bounded proceedings windows; title-prioritized for AI model, method and empirical relevance; not ranked by figure quality."
p0053,Learning to Predict Graphs with Fused Gromov-Wasserstein Barycenters,"Luc Brogat-Motte, Rémi Flamary, Celine Brouard, Juho Rousu, Florence D’Alché-Buc",ICML,2022,https://proceedings.mlr.press/v162/brogat-motte22a/brogat-motte22a.pdf,https://proceedings.mlr.press/v162/,2026-09-09,convenience_sample_candidate,not_checked,caption_candidates_extracted,True,True,False,False,passed_70_percent_threshold,1,"[{""figure"": 1, ""pdf_page"": 4}]",Proposed supervised graph prediction model. The input x (left) is mapped with α(x) onto the simplex (center) where the weights are used,Automatically extracted first 22 words starting at a caption-like line; may include neighboring text.,[],"Bounded browser PDF text windows, not full-paper reading","Bounded proceedings windows; title-prioritized for AI model, method and empirical relevance; not ranked by figure quality."
p0054,Efficient Learning of CNNs using Patch Based Features,"Alon Brutzkus, Amir Globerson, Eran Malach, Alon Regev Netser, Shai Shalev-Schwartz",ICML,2022,https://proceedings.mlr.press/v162/brutzkus22a/brutzkus22a.pdf,https://proceedings.mlr.press/v162/,2026-09-09,convenience_sample_candidate,not_checked,caption_candidates_extracted,True,True,False,False,passed_70_percent_threshold,2,"[{""figure"": 1, ""pdf_page"": 4}, {""figure"": 2, ""pdf_page"": 5}]","The patch-based image embedding. First, each patch x[i] is mapped using the patch embedding φhard(·) or φfull(·), placing 1 or x[i] (respectively)",Automatically extracted first 22 words starting at a caption-like line; may include neighboring text.,[],"Bounded browser PDF text windows, not full-paper reading","Bounded proceedings windows; title-prioritized for AI model, method and empirical relevance; not ranked by figure quality."
p0055,Causal structure-based root cause analysis of outliers,"Kailash Budhathoki, Lenon Minorics, Patrick Bloebaum, Dominik Janzing",ICML,2022,https://proceedings.mlr.press/v162/budhathoki22a/budhathoki22a.pdf,https://proceedings.mlr.press/v162/,2026-09-09,convenience_sample_candidate,not_checked,caption_candidates_extracted,True,True,False,False,passed_70_percent_threshold,1,"[{""figure"": 1, ""pdf_page"": 2}]",(a) Dependencies between cloud services that empower a hypothetical retail website. A → B indicates A uses B to serve client requests.,Automatically extracted first 22 words starting at a caption-like line; may include neighboring text.,"[""efficiency_or_tradeoff""]","Bounded browser PDF text windows, not full-paper reading","Bounded proceedings windows; title-prioritized for AI model, method and empirical relevance; not ranked by figure quality."
p0056,"IGLUE: A Benchmark for Transfer Learning across Modalities, Tasks, and Languages","Emanuele Bugliarello, Fangyu Liu, Jonas Pfeiffer, Siva Reddy, Desmond Elliott, Edoardo Maria Ponti, Ivan Vulić",ICML,2022,https://proceedings.mlr.press/v162/bugliarello22a/bugliarello22a.pdf,https://proceedings.mlr.press/v162/,2026-09-09,convenience_sample_candidate,not_checked,caption_candidates_extracted,True,True,True,False,passed_70_percent_threshold,1,"[{""figure"": 1, ""pdf_page"": 2}]","Overview of the tasks in IGLUE, which include grounded natural language inference, visual question answering, grounded reasoning, and cross-modal retrieval. Each task",Automatically extracted first 22 words starting at a caption-like line; may include neighboring text.,"[""method_or_architecture"", ""worked_example_or_problem"", ""quantitative_comparison""]","Bounded browser PDF text windows, not full-paper reading","Bounded proceedings windows; title-prioritized for AI model, method and empirical relevance; not ranked by figure quality."
p0057,Interactive Inverse Reinforcement Learning for Cooperative Games,"Thomas Kleine Büning, Anne-Marie George, Christos Dimitrakakis",ICML,2022,https://proceedings.mlr.press/v162/buning22a/buning22a.pdf,https://proceedings.mlr.press/v162/,2026-09-09,convenience_sample_candidate,not_checked,caption_candidates_extracted,True,True,False,False,passed_70_percent_threshold,1,"[{""figure"": 1, ""pdf_page"": 4}]","(a) A1 designs a maze for A2 to navigate in and collect a reward in the top right corner. A2 behaves differently,",Automatically extracted first 22 words starting at a caption-like line; may include neighboring text.,[],"Bounded browser PDF text windows, not full-paper reading","Bounded proceedings windows; title-prioritized for AI model, method and empirical relevance; not ranked by figure quality."
p0058,Convergence of Invariant Graph Networks,"Chen Cai, Yusu Wang",ICML,2022,https://proceedings.mlr.press/v162/cai22b/cai22b.pdf,https://proceedings.mlr.press/v162/,2026-09-09,convenience_sample_candidate,not_checked,caption_candidates_extracted,True,True,False,False,passed_70_percent_threshold,2,"[{""figure"": 1, ""pdf_page"": 5}, {""figure"": 2, ""pdf_page"": 5}]","Five possible “slices” of a 3-tensor, corresponding to bell(3) = 5 paritions of [3]. From left to right: a) {{1, 2}, {3}}",Automatically extracted first 22 words starting at a caption-like line; may include neighboring text.,"[""worked_example_or_problem"", ""ablation_or_mechanism""]","Bounded browser PDF text windows, not full-paper reading","Bounded proceedings windows; title-prioritized for AI model, method and empirical relevance; not ranked by figure quality."
p0059,Reinforcement Learning from Partial Observation: Linear Function Approximation with Provable Sample Efficiency,"Qi Cai, Zhuoran Yang, Zhaoran Wang",ICML,2022,https://proceedings.mlr.press/v162/cai22c/cai22c.pdf,https://proceedings.mlr.press/v162/,2026-09-09,convenience_sample_candidate,not_checked,caption_candidates_extracted,True,True,False,False,passed_70_percent_threshold,1,"[{""figure"": 1, ""pdf_page"": 3}]","Directed acyclic graph of a POMDP. Here, we denote by τh = (o1, . . . , oh) the observation history and",Automatically extracted first 22 words starting at a caption-like line; may include neighboring text.,[],"Bounded browser PDF text windows, not full-paper reading","Bounded proceedings windows; title-prioritized for AI model, method and empirical relevance; not ranked by figure quality."
p0060,Scaling Gaussian Process Optimization by Evaluating a Few Unique Candidates Multiple Times,"Daniele Calandriello, Luigi Carratino, Alessandro Lazaric, Michal Valko, Lorenzo Rosasco",ICML,2022,https://proceedings.mlr.press/v162/calandriello22a/calandriello22a.pdf,https://proceedings.mlr.press/v162/,2026-09-09,convenience_sample_candidate,not_checked,pdf_text_retrieved,True,False,False,False,passed_70_percent_threshold,0,[],,,[],"Bounded browser PDF text windows, not full-paper reading","Bounded proceedings windows; title-prioritized for AI model, method and empirical relevance; not ranked by figure quality."
p0061,Adaptive Gaussian Process Change Point Detection,"Edoardo Caldarelli, Philippe Wenk, Stefan Bauer, Andreas Krause",ICML,2022,https://proceedings.mlr.press/v162/caldarelli22a/caldarelli22a.pdf,https://proceedings.mlr.press/v162/,2026-09-09,convenience_sample_candidate,not_checked,caption_candidates_extracted,True,True,False,False,passed_70_percent_threshold,3,"[{""figure"": 1, ""pdf_page"": 2}, {""figure"": 2, ""pdf_page"": 4}, {""figure"": 3, ""pdf_page"": 4}]","Function samples drawn from some GP priors with different hyperparameters. The kernel function determines the shape of the function, and the class",Automatically extracted first 22 words starting at a caption-like line; may include neighboring text.,"[""ablation_or_mechanism"", ""uncertainty_or_distribution""]","Bounded browser PDF text windows, not full-paper reading","Bounded proceedings windows; title-prioritized for AI model, method and empirical relevance; not ranked by figure quality."
p0062,A Model-Agnostic Randomized Learning Framework based on Random Hypothesis Subspace Sampling,"Yiting Cao, Chao Lan",ICML,2022,https://proceedings.mlr.press/v162/cao22a/cao22a.pdf,https://proceedings.mlr.press/v162/,2026-09-09,convenience_sample_candidate,not_checked,caption_candidates_extracted,True,True,False,False,passed_70_percent_threshold,1,"[{""figure"": 1, ""pdf_page"": 7}]","Architectures of MLP, RVFL and RHSS-RVFL RHSS-MLP takes O(nk2) to learn the output model, while RVFL takes O(nm2 τ ) with mτ",Automatically extracted first 22 words starting at a caption-like line; may include neighboring text.,"[""method_or_architecture""]","Bounded browser PDF text windows, not full-paper reading","Bounded proceedings windows; title-prioritized for AI model, method and empirical relevance; not ranked by figure quality."
p0063,Burst-Dependent Plasticity and Dendritic Amplification Support Target-Based Learning and Hierarchical Imitation Learning,"Cristiano Capone, Cosimo Lupo, Paolo Muratore, Pier Stanislao Paolucci",ICML,2022,https://proceedings.mlr.press/v162/capone22b/capone22b.pdf,https://proceedings.mlr.press/v162/,2026-09-09,convenience_sample_candidate,not_checked,caption_candidates_extracted,True,True,False,False,passed_70_percent_threshold,3,"[{""figure"": 1, ""pdf_page"": 3}, {""figure"": 2, ""pdf_page"": 4}, {""figure"": 3, ""pdf_page"": 5}]","Model structure. A. The model of a pyramidal neuron, consisting of two separated compartments, the basal and the apical ones. The latter",Automatically extracted first 22 words starting at a caption-like line; may include neighboring text.,[],"Bounded browser PDF text windows, not full-paper reading","Bounded proceedings windows; title-prioritized for AI model, method and empirical relevance; not ranked by figure quality."
p0064,"A Marriage between Adversarial Team Games and 2-player Games: Enabling Abstractions, No-regret Learning, and Subgame Solving","Luca Carminati, Federico Cacciamani, Marco Ciccone, Nicola Gatti",ICML,2022,https://proceedings.mlr.press/v162/carminati22a/carminati22a.pdf,https://proceedings.mlr.press/v162/,2026-09-09,convenience_sample_candidate,not_checked,caption_candidates_extracted,True,True,False,False,passed_70_percent_threshold,1,"[{""figure"": 1, ""pdf_page"": 6}]",Example of game conversion: from extensive form to team-public-information representation. We can now state the payoff-equivalence between a game G and the,Automatically extracted first 22 words starting at a caption-like line; may include neighboring text.,"[""worked_example_or_problem""]","Bounded browser PDF text windows, not full-paper reading","Bounded proceedings windows; title-prioritized for AI model, method and empirical relevance; not ranked by figure quality."
p0065,RECAPP: Crafting a More Efficient Catalyst for Convex Optimization,"Yair Carmon, Arun Jambulapati, Yujia Jin, Aaron Sidford",ICML,2022,https://proceedings.mlr.press/v162/carmon22a/carmon22a.pdf,https://proceedings.mlr.press/v162/,2026-09-09,convenience_sample_candidate,not_checked,caption_candidates_extracted,True,True,False,False,passed_70_percent_threshold,1,"[{""figure"": 1, ""pdf_page"": 8}]","Empirical evaluation of RECAPP on finite sum problems. Columns represent different datasets, the top row compares RECAPP to SVRG and Catalyst, and",Automatically extracted first 22 words starting at a caption-like line; may include neighboring text.,"[""worked_example_or_problem"", ""quantitative_comparison""]","Bounded browser PDF text windows, not full-paper reading","Bounded proceedings windows; title-prioritized for AI model, method and empirical relevance; not ranked by figure quality."
p0066,The Infinite Contextual Graph Markov Model,"Daniele Castellana, Federico Errica, Davide Bacciu, Alessio Micheli",ICML,2022,https://proceedings.mlr.press/v162/castellana22a/castellana22a.pdf,https://proceedings.mlr.press/v162/,2026-09-09,convenience_sample_candidate,not_checked,caption_candidates_extracted,True,True,False,False,passed_70_percent_threshold,1,"[{""figure"": 1, ""pdf_page"": 4}]","Differences between layer ℓ’s graphical model of the original CGMM and the proposed ICGMM. Observable variables are blue circles, latent ones are",Automatically extracted first 22 words starting at a caption-like line; may include neighboring text.,[],"Bounded browser PDF text windows, not full-paper reading","Bounded proceedings windows; title-prioritized for AI model, method and empirical relevance; not ranked by figure quality."
p0067,Compressed-VFL: Communication-Efficient Learning with Vertically Partitioned Data,"Timothy J Castiglia, Anirban Das, Shiqiang Wang, Stacy Patterson",ICML,2022,https://proceedings.mlr.press/v162/castiglia22a/castiglia22a.pdf,https://proceedings.mlr.press/v162/,2026-09-09,convenience_sample_candidate,not_checked,caption_candidates_extracted,True,True,False,False,passed_70_percent_threshold,2,"[{""figure"": 1, ""pdf_page"": 2}, {""figure"": 2, ""pdf_page"": 2}]","Example global model with neural networks. To obtain a yˆ prediction for a data sample x, each party m feeds the local",Automatically extracted first 22 words starting at a caption-like line; may include neighboring text.,"[""worked_example_or_problem""]","Bounded browser PDF text windows, not full-paper reading","Bounded proceedings windows; title-prioritized for AI model, method and empirical relevance; not ranked by figure quality."
p0068,Online Learning with Knapsacks: the Best of Both Worlds,"Matteo Castiglioni, Andrea Celli, Christian Kroer",ICML,2022,https://proceedings.mlr.press/v162/castiglioni22a/castiglioni22a.pdf,https://proceedings.mlr.press/v162/,2026-09-09,convenience_sample_candidate,not_checked,pdf_text_retrieved,True,False,False,False,passed_70_percent_threshold,0,[],,,[],"Bounded browser PDF text windows, not full-paper reading","Bounded proceedings windows; title-prioritized for AI model, method and empirical relevance; not ranked by figure quality."
p0069,Stabilizing Off-Policy Deep Reinforcement Learning from Pixels,"Edoardo Cetin, Philip J Ball, Stephen Roberts, Oya Celiktutan",ICML,2022,https://proceedings.mlr.press/v162/cetin22a/cetin22a.pdf,https://proceedings.mlr.press/v162/,2026-09-09,convenience_sample_candidate,not_checked,caption_candidates_extracted,True,True,False,False,passed_70_percent_threshold,6,"[{""figure"": 1, ""pdf_page"": 1}, {""figure"": 2, ""pdf_page"": 2}, {""figure"": 3, ""pdf_page"": 3}, {""figure"": 4, ""pdf_page"": 3}, {""figure"": 5, ""pdf_page"": 4}, {""figure"": 6, ""pdf_page"": 5}]",Performance of agents in DMC (left) and Atari 100k (right) benchmarks from 10 seeds. A-LIX outperforms previous methods without using image augmentations,Automatically extracted first 22 words starting at a caption-like line; may include neighboring text.,"[""quantitative_comparison"", ""ablation_or_mechanism"", ""uncertainty_or_distribution""]","Bounded browser PDF text windows, not full-paper reading","Bounded proceedings windows; title-prioritized for AI model, method and empirical relevance; not ranked by figure quality."
p0070,"Accelerated, Optimal and Parallel: Some results on model-based stochastic optimization","Karan Chadha, Gary Cheng, John Duchi",ICML,2022,https://proceedings.mlr.press/v162/chadha22a/chadha22a.pdf,https://proceedings.mlr.press/v162/,2026-09-09,convenience_sample_candidate,not_checked,caption_candidates_extracted,True,True,False,False,passed_70_percent_threshold,6,"[{""figure"": 1, ""pdf_page"": 8}, {""figure"": 2, ""pdf_page"": 8}, {""figure"": 3, ""pdf_page"": 8}, {""figure"": 4, ""pdf_page"": 8}, {""figure"": 4, ""pdf_page"": 9}, {""figure"": 5, ""pdf_page"": 9}]",Speed ups vs. batch size for noiseless absolute regression. Note the difference in scales. 10 0 10 1 10 2,Automatically extracted first 22 words starting at a caption-like line; may include neighboring text.,"[""worked_example_or_problem"", ""quantitative_comparison"", ""efficiency_or_tradeoff""]","Bounded browser PDF text windows, not full-paper reading","Bounded proceedings windows; title-prioritized for AI model, method and empirical relevance; not ranked by figure quality."
p0071,Robust Imitation Learning against Variations in Environment Dynamics,"Jongseong Chae, Seungyul Han, Whiyoung Jung, Myungsik Cho, Sungho Choi, Youngchul Sung",ICML,2022,https://proceedings.mlr.press/v162/chae22a/chae22a.pdf,https://proceedings.mlr.press/v162/,2026-09-09,convenience_sample_candidate,not_checked,caption_candidates_extracted,True,True,False,False,passed_70_percent_threshold,2,"[{""figure"": 1, ""pdf_page"": 3}, {""figure"": 2, ""pdf_page"": 4}]",Performance of the policy trained in a single nominal environment against perturbation (left column - gravity perturbation and right column - mass,Automatically extracted first 22 words starting at a caption-like line; may include neighboring text.,"[""method_or_architecture"", ""quantitative_comparison""]","Bounded browser PDF text windows, not full-paper reading","Bounded proceedings windows; title-prioritized for AI model, method and empirical relevance; not ranked by figure quality."
p0072,Fairness with Adaptive Weights,"Junyi Chai, Xiaoqian Wang",ICML,2022,https://proceedings.mlr.press/v162/chai22a/chai22a.pdf,https://proceedings.mlr.press/v162/,2026-09-09,convenience_sample_candidate,not_checked,caption_candidates_extracted,True,True,False,False,passed_70_percent_threshold,1,"[{""figure"": 1, ""pdf_page"": 3}]","Demonstration of our adaptive reweighing method. Points of different shapes indicate samples of different labels, different colors refer to different groups and",Automatically extracted first 22 words starting at a caption-like line; may include neighboring text.,[],"Bounded browser PDF text windows, not full-paper reading","Bounded proceedings windows; title-prioritized for AI model, method and empirical relevance; not ranked by figure quality."
p0073,UNIREX: A Unified Learning Framework for Language Model Rationale Extraction,"Aaron Chan, Maziar Sanjabi, Lambert Mathias, Liang Tan, Shaoliang Nie, Xiaochang Peng, Xiang Ren, Hamed Firooz",ICML,2022,https://proceedings.mlr.press/v162/chan22a/chan22a.pdf,https://proceedings.mlr.press/v162/,2026-09-09,convenience_sample_candidate,not_checked,caption_candidates_extracted,True,True,False,False,passed_70_percent_threshold,2,"[{""figure"": 1, ""pdf_page"": 2}, {""figure"": 2, ""pdf_page"": 4}]","Desiderata of Rationale Extraction. Ideally, rationale extraction should be faithful and plausible, without compromising the task model’s task performance. Unlike prior works,",Automatically extracted first 22 words starting at a caption-like line; may include neighboring text.,"[""method_or_architecture"", ""worked_example_or_problem"", ""quantitative_comparison"", ""ablation_or_mechanism""]","Bounded browser PDF text windows, not full-paper reading","Bounded proceedings windows; title-prioritized for AI model, method and empirical relevance; not ranked by figure quality."
p0074,Style Equalization: Unsupervised Learning of Controllable Generative Sequence Models,"Jen-Hao Rick Chang, Ashish Shrivastava, Hema Koppula, Xiaoshuai Zhang, Oncel Tuzel",ICML,2022,https://proceedings.mlr.press/v162/chang22a/chang22a.pdf,https://proceedings.mlr.press/v162/,2026-09-09,convenience_sample_candidate,not_checked,caption_candidates_extracted,True,True,False,False,passed_70_percent_threshold,2,"[{""figure"": 1, ""pdf_page"": 2}, {""figure"": 2, ""pdf_page"": 5}]","Controllable generative models with sample-level style control. (a) The information contained in a sample can be divided into content (i.e., the text)",Automatically extracted first 22 words starting at a caption-like line; may include neighboring text.,"[""method_or_architecture"", ""qualitative_outputs"", ""ablation_or_mechanism""]","Bounded browser PDF text windows, not full-paper reading","Bounded proceedings windows; title-prioritized for AI model, method and empirical relevance; not ranked by figure quality."
p0075,Learning Bellman Complete Representations for Offline Policy Evaluation,"Jonathan Chang, Kaiwen Wang, Nathan Kallus, Wen Sun",ICML,2022,https://proceedings.mlr.press/v162/chang22b/chang22b.pdf,https://proceedings.mlr.press/v162/,2026-09-09,convenience_sample_candidate,not_checked,caption_candidates_extracted,True,True,False,False,passed_70_percent_threshold,5,"[{""figure"": 1, ""pdf_page"": 7}, {""figure"": 2, ""pdf_page"": 8}, {""figure"": 3, ""pdf_page"": 8}, {""figure"": 4, ""pdf_page"": 8}, {""figure"": 5, ""pdf_page"": 9}]","Representative frames from DeepMind Control Suite tasks. From left to right, Finger Turn Hard, Cheetah Run, Quadruped Walk, and Humanoid Stand. and",Automatically extracted first 22 words starting at a caption-like line; may include neighboring text.,"[""quantitative_comparison"", ""ablation_or_mechanism"", ""uncertainty_or_distribution""]","Bounded browser PDF text windows, not full-paper reading","Bounded proceedings windows; title-prioritized for AI model, method and empirical relevance; not ranked by figure quality."
p0076,Sample Efficient Learning of Predictors that Complement Humans,"Mohammad-Amin Charusaie, Hussein Mozannar, David Sontag, Samira Samadi",ICML,2022,https://proceedings.mlr.press/v162/charusaie22a/charusaie22a.pdf,https://proceedings.mlr.press/v162/,2026-09-09,convenience_sample_candidate,not_checked,caption_candidates_extracted,True,True,False,False,passed_70_percent_threshold,4,"[{""figure"": 1, ""pdf_page"": 7}, {""figure"": 2, ""pdf_page"": 8}, {""figure"": 3, ""pdf_page"": 9}, {""figure"": 4, ""pdf_page"": 9}]","Illustration of our active learning algorithm Disagreement on Disagreements (DoD) (1). At each round, we compute the disagreement set for our predictors",Automatically extracted first 22 words starting at a caption-like line; may include neighboring text.,"[""worked_example_or_problem"", ""quantitative_comparison"", ""efficiency_or_tradeoff""]","Bounded browser PDF text windows, not full-paper reading","Bounded proceedings windows; title-prioritized for AI model, method and empirical relevance; not ranked by figure quality."
p0077,Learning Domain Adaptive Object Detection with Probabilistic Teacher,"Meilin Chen, Weijie Chen, Shicai Yang, Jie Song, Xinchao Wang, Lei Zhang, Yunfeng Yan, Donglian Qi, Yueting Zhuang, Di Xie, Shiliang Pu",ICML,2022,https://proceedings.mlr.press/v162/chen22b/chen22b.pdf,https://proceedings.mlr.press/v162/,2026-09-09,convenience_sample_candidate,not_checked,metadata_catalogued,False,False,False,False,not_run,0,[],,,[],PDF exceeded browser size limit,"Bounded proceedings windows; title-prioritized for AI model, method and empirical relevance; not ranked by figure quality."
p0078,The Fundamental Price of Secure Aggregation in Differentially Private Federated Learning,"Wei-Ning Chen, Christopher A Choquette Choo, Peter Kairouz, Ananda Theertha Suresh",ICML,2022,https://proceedings.mlr.press/v162/chen22c/chen22c.pdf,https://proceedings.mlr.press/v162/,2026-09-09,convenience_sample_candidate,not_checked,caption_candidates_extracted,True,True,False,False,passed_70_percent_threshold,1,"[{""figure"": 1, ""pdf_page"": 4}]","Private mean estimation via SecAgg. For a fixed privacy constraint, the fundamental problem we seek to solve is: what is the smallest",Automatically extracted first 22 words starting at a caption-like line; may include neighboring text.,"[""worked_example_or_problem"", ""quantitative_comparison"", ""efficiency_or_tradeoff""]","Bounded browser PDF text windows, not full-paper reading","Bounded proceedings windows; title-prioritized for AI model, method and empirical relevance; not ranked by figure quality."
p0079,Perfectly Balanced: Improving Transfer and Robustness of Supervised Contrastive Learning,"Mayee Chen, Daniel Y Fu, Avanika Narayan, Michael Zhang, Zhao Song, Kayvon Fatahalian, Christopher Re",ICML,2022,https://proceedings.mlr.press/v162/chen22d/chen22d.pdf,https://proceedings.mlr.press/v162/,2026-09-09,convenience_sample_candidate,not_checked,caption_candidates_extracted,True,True,False,False,passed_70_percent_threshold,1,"[{""figure"": 1, ""pdf_page"": 2}]",There are two key challenges to achieving better representations with SupCon. Left: The first challenge is balancing multiple contrastive loss terms with,Automatically extracted first 22 words starting at a caption-like line; may include neighboring text.,"[""worked_example_or_problem"", ""quantitative_comparison""]","Bounded browser PDF text windows, not full-paper reading","Bounded proceedings windows; title-prioritized for AI model, method and empirical relevance; not ranked by figure quality."
p0080,On the Sample Complexity of Learning Infinite-horizon Discounted Linear Kernel MDPs,"Yuanzhou Chen, Jiafan He, Quanquan Gu",ICML,2022,https://proceedings.mlr.press/v162/chen22f/chen22f.pdf,https://proceedings.mlr.press/v162/,2026-09-09,convenience_sample_candidate,not_checked,pdf_text_retrieved,True,False,False,False,passed_70_percent_threshold,0,[],,,[],"Bounded browser PDF text windows, not full-paper reading","Bounded proceedings windows; title-prioritized for AI model, method and empirical relevance; not ranked by figure quality."
p0081,Learning Infinite-horizon Average-reward Markov Decision Process with Constraints,"Liyu Chen, Rahul Jain, Haipeng Luo",ICML,2022,https://proceedings.mlr.press/v162/chen22i/chen22i.pdf,https://proceedings.mlr.press/v162/,2026-09-09,convenience_sample_candidate,not_checked,caption_candidates_extracted,True,True,False,False,passed_70_percent_threshold,1,"[{""figure"": 1, ""pdf_page"": 7}]","Experiment results of running Algorithm 1 on a variant of the single hop wireless network environment similar to (Singh et al., 2020).",Automatically extracted first 22 words starting at a caption-like line; may include neighboring text.,"[""quantitative_comparison"", ""uncertainty_or_distribution""]","Bounded browser PDF text windows, not full-paper reading","Bounded proceedings windows; title-prioritized for AI model, method and empirical relevance; not ranked by figure quality."
p0082,Active Multi-Task Representation Learning,"Yifang Chen, Kevin Jamieson, Simon Du",ICML,2022,https://proceedings.mlr.press/v162/chen22j/chen22j.pdf,https://proceedings.mlr.press/v162/,2026-09-09,convenience_sample_candidate,not_checked,caption_candidates_extracted,True,True,False,False,passed_70_percent_threshold,3,"[{""figure"": 1, ""pdf_page"": 8}, {""figure"": 2, ""pdf_page"": 8}, {""figure"": 3, ""pdf_page"": 23}]",Performance between the adaptive (ada) and the non-adaptive (non-ada) algorithm on linear representation. Left: The prediction difference (in %) between ada and,Automatically extracted first 22 words starting at a caption-like line; may include neighboring text.,"[""quantitative_comparison"", ""uncertainty_or_distribution""]","Bounded browser PDF text windows, not full-paper reading","Bounded proceedings windows; title-prioritized for AI model, method and empirical relevance; not ranked by figure quality."
p0083,On Collective Robustness of Bagging Against Data Poisoning,"Ruoxin Chen, Zenan Li, Jie Li, Junchi Yan, Chentao Wu",ICML,2022,https://proceedings.mlr.press/v162/chen22k/chen22k.pdf,https://proceedings.mlr.press/v162/,2026-09-09,convenience_sample_candidate,not_checked,caption_candidates_extracted,True,True,False,False,passed_70_percent_threshold,1,"[{""figure"": 1, ""pdf_page"": 4}]","Hash bagging when N = 6 (trainset size), K = 3 (subtrainset size), G = 3 (number of sub-trainsets). Gˆ = bN/Kc",Automatically extracted first 22 words starting at a caption-like line; may include neighboring text.,[],"Bounded browser PDF text windows, not full-paper reading","Bounded proceedings windows; title-prioritized for AI model, method and empirical relevance; not ranked by figure quality."
p0084,Selling Data To a Machine Learner: Pricing via Costly Signaling,"Junjie Chen, Minming Li, Haifeng Xu",ICML,2022,https://proceedings.mlr.press/v162/chen22m/chen22m.pdf,https://proceedings.mlr.press/v162/,2026-09-09,convenience_sample_candidate,not_checked,caption_candidates_extracted,True,True,False,False,passed_70_percent_threshold,1,"[{""figure"": 1, ""pdf_page"": 3}]",The whole selling process. point D as a set of data or a feature. The whole selling process is depicted in Figure,Automatically extracted first 22 words starting at a caption-like line; may include neighboring text.,[],"Bounded browser PDF text windows, not full-paper reading","Bounded proceedings windows; title-prioritized for AI model, method and empirical relevance; not ranked by figure quality."
p0085,ME-GAN: Learning Panoptic Electrocardio Representations for Multi-view ECG Synthesis Conditioned on Heart Diseases,"Jintai Chen, Kuanlun Liao, Kun Wei, Haochao Ying, Danny Z Chen, Jian Wu",ICML,2022,https://proceedings.mlr.press/v162/chen22n/chen22n.pdf,https://proceedings.mlr.press/v162/,2026-09-09,convenience_sample_candidate,not_checked,caption_candidates_extracted,True,True,False,False,passed_70_percent_threshold,2,"[{""figure"": 1, ""pdf_page"": 2}, {""figure"": 2, ""pdf_page"": 4}]",(a) Illustrating the principle of multi-view ECG signal recording by projecting heartbeat signals along different viewpoints. A viewpoint is represented by two,Automatically extracted first 22 words starting at a caption-like line; may include neighboring text.,"[""worked_example_or_problem""]","Bounded browser PDF text windows, not full-paper reading","Bounded proceedings windows; title-prioritized for AI model, method and empirical relevance; not ranked by figure quality."
p0086,Flow-based Recurrent Belief State Learning for POMDPs,"Xiaoyu Chen, Yao Mark Mu, Ping Luo, Shengbo Li, Jianyu Chen",ICML,2022,https://proceedings.mlr.press/v162/chen22q/chen22q.pdf,https://proceedings.mlr.press/v162/,2026-09-09,convenience_sample_candidate,not_checked,caption_candidates_extracted,True,True,False,False,passed_70_percent_threshold,5,"[{""figure"": 1, ""pdf_page"": 2}, {""figure"": 2, ""pdf_page"": 2}, {""figure"": 2, ""pdf_page"": 3}, {""figure"": 3, ""pdf_page"": 4}, {""figure"": 4, ""pdf_page"": 5}]",Difference between (a) spherical Gaussian belief states and (b) true belief states (better viewed in color). The spherical Gaussian belief states (a),Automatically extracted first 22 words starting at a caption-like line; may include neighboring text.,"[""method_or_architecture"", ""quantitative_comparison"", ""uncertainty_or_distribution""]","Bounded browser PDF text windows, not full-paper reading","Bounded proceedings windows; title-prioritized for AI model, method and empirical relevance; not ranked by figure quality."
p0087,Structure-Aware Transformer for Graph Representation Learning,"Dexiong Chen, Leslie O’Bray, Karsten Borgwardt",ICML,2022,https://proceedings.mlr.press/v162/chen22r/chen22r.pdf,https://proceedings.mlr.press/v162/,2026-09-09,convenience_sample_candidate,not_checked,caption_candidates_extracted,True,True,True,False,passed_70_percent_threshold,2,"[{""figure"": 1, ""pdf_page"": 2}, {""figure"": 2, ""pdf_page"": 4}]","Position-aware vs. structure-aware: Using a positional encoding based on shortest paths in G1 and G2 respectively (assuming all edges have equal weight),",Automatically extracted first 22 words starting at a caption-like line; may include neighboring text.,"[""method_or_architecture"", ""worked_example_or_problem"", ""efficiency_or_tradeoff"", ""qualitative_outputs""]","Bounded browser PDF text windows, not full-paper reading","Bounded proceedings windows; title-prioritized for AI model, method and empirical relevance; not ranked by figure quality."
p0088,The Poisson Binomial Mechanism for Unbiased Federated Learning with Secure Aggregation,"Wei-Ning Chen, Ayfer Ozgur, Peter Kairouz",ICML,2022,https://proceedings.mlr.press/v162/chen22s/chen22s.pdf,https://proceedings.mlr.press/v162/,2026-09-09,convenience_sample_candidate,not_checked,caption_candidates_extracted,True,True,False,False,passed_70_percent_threshold,2,"[{""figure"": 1, ""pdf_page"": 5}, {""figure"": 2, ""pdf_page"": 6}]","Privacy-MSE (variance) trade-offs of PBM and the Gaussian mechanism. In figure 1, we numerically compute the privacy guarantee of Algorithm 1 and",Automatically extracted first 22 words starting at a caption-like line; may include neighboring text.,"[""worked_example_or_problem"", ""efficiency_or_tradeoff"", ""uncertainty_or_distribution""]","Bounded browser PDF text windows, not full-paper reading","Bounded proceedings windows; title-prioritized for AI model, method and empirical relevance; not ranked by figure quality."
p0089,Learning Mixtures of Linear Dynamical Systems,"Yanxi Chen, H. Vincent Poor",ICML,2022,https://proceedings.mlr.press/v162/chen22t/chen22t.pdf,https://proceedings.mlr.press/v162/,2026-09-09,convenience_sample_candidate,not_checked,caption_candidates_extracted,True,True,False,False,passed_70_percent_threshold,1,"[{""figure"": 1, ""pdf_page"": 2}]","A high-level visualization of the mixed LDSs formulation, and the algorithmic idea of combining clustering, classification, and model estimation. Here, we consider",Automatically extracted first 22 words starting at a caption-like line; may include neighboring text.,"[""qualitative_outputs""]","Bounded browser PDF text windows, not full-paper reading","Bounded proceedings windows; title-prioritized for AI model, method and empirical relevance; not ranked by figure quality."
p0090,Faster Fundamental Graph Algorithms via Learned Predictions,"Justin Chen, Sandeep Silwal, Ali Vakilian, Fred Zhang",ICML,2022,https://proceedings.mlr.press/v162/chen22v/chen22v.pdf,https://proceedings.mlr.press/v162/,2026-09-09,convenience_sample_candidate,not_checked,caption_candidates_extracted,True,True,False,False,passed_70_percent_threshold,2,"[{""figure"": 1, ""pdf_page"": 8}, {""figure"": 2, ""pdf_page"": 8}]",Comparison of the classical Hungarian algorithm (blue) versus learning-augmented algorithms. Predictions lead to up to an order magnitude reduction in number of,Automatically extracted first 22 words starting at a caption-like line; may include neighboring text.,"[""quantitative_comparison""]","Bounded browser PDF text windows, not full-paper reading","Bounded proceedings windows; title-prioritized for AI model, method and empirical relevance; not ranked by figure quality."
p0091,Deep Variational Graph Convolutional Recurrent Network for Multivariate Time Series Anomaly Detection,"Wenchao Chen, Long Tian, Bo Chen, Liang Dai, Zhibin Duan, Mingyuan Zhou",ICML,2022,https://proceedings.mlr.press/v162/chen22x/chen22x.pdf,https://proceedings.mlr.press/v162/,2026-09-09,convenience_sample_candidate,not_checked,caption_candidates_extracted,True,True,False,False,passed_70_percent_threshold,2,"[{""figure"": 1, ""pdf_page"": 2}, {""figure"": 2, ""pdf_page"": 4}]","(a) 8 days MTS from the Distributed Network Dataset (DND), which are Key Performance Indicators (KPIs) collected from the distributed network; (b)",Automatically extracted first 22 words starting at a caption-like line; may include neighboring text.,"[""worked_example_or_problem"", ""quantitative_comparison""]","Bounded browser PDF text windows, not full-paper reading","Bounded proceedings windows; title-prioritized for AI model, method and empirical relevance; not ranked by figure quality."
p0092,Auxiliary Learning with Joint Task and Data Scheduling,"Hong Chen, Xin Wang, Chaoyu Guan, Yue Liu, Wenwu Zhu",ICML,2022,https://proceedings.mlr.press/v162/chen22y/chen22y.pdf,https://proceedings.mlr.press/v162/,2026-09-09,convenience_sample_candidate,not_checked,caption_candidates_extracted,True,True,False,False,passed_70_percent_threshold,1,"[{""figure"": 1, ""pdf_page"": 3}]",The overall framework for the JTDS model. (1)The left part presents the model details of the parameter-efficient task-data scheduler and the task,Automatically extracted first 22 words starting at a caption-like line; may include neighboring text.,"[""method_or_architecture"", ""worked_example_or_problem"", ""efficiency_or_tradeoff""]","Bounded browser PDF text windows, not full-paper reading","Bounded proceedings windows; title-prioritized for AI model, method and empirical relevance; not ranked by figure quality."
p0093,Optimization-Induced Graph Implicit Nonlinear Diffusion,"Qi Chen, Yifei Wang, Yisen Wang, Jiansheng Yang, Zhouchen Lin",ICML,2022,https://proceedings.mlr.press/v162/chen22z/chen22z.pdf,https://proceedings.mlr.press/v162/,2026-09-09,convenience_sample_candidate,not_checked,caption_candidates_extracted,True,True,False,False,passed_70_percent_threshold,1,"[{""figure"": 1, ""pdf_page"": 3}]",Comparison of two activation functions: σ(x) = x and σ(x) = tanh(x). The nonlinear activation tanh(·) keeps small values while shrinking large,Automatically extracted first 22 words starting at a caption-like line; may include neighboring text.,"[""quantitative_comparison""]","Bounded browser PDF text windows, not full-paper reading","Bounded proceedings windows; title-prioritized for AI model, method and empirical relevance; not ranked by figure quality."
p0094,Robust Meta-learning with Sampling Noise and Label Noise via Eigen-Reptile,"Dong Chen, Lingfei Wu, Siliang Tang, Xiao Yun, Bo Long, Yueting Zhuang",ICML,2022,https://proceedings.mlr.press/v162/chen22aa/chen22aa.pdf,https://proceedings.mlr.press/v162/,2026-09-09,convenience_sample_candidate,not_checked,caption_candidates_extracted,True,True,False,False,passed_70_percent_threshold,1,"[{""figure"": 1, ""pdf_page"": 2}]","Inner loop steps of Reptile, Eigen-Reptile. Reptile updates meta-parameters towards the last task-specific parameters, which is biased. Eigen-Reptile considers all samples more",Automatically extracted first 22 words starting at a caption-like line; may include neighboring text.,[],"Bounded browser PDF text windows, not full-paper reading","Bounded proceedings windows; title-prioritized for AI model, method and empirical relevance; not ranked by figure quality."
p0095,Adaptive Model Design for Markov Decision Process,"Siyu Chen, Donglin Yang, Jiayang Li, Senmiao Wang, Zhuoran Yang, Zhaoran Wang",ICML,2022,https://proceedings.mlr.press/v162/chen22ab/chen22ab.pdf,https://proceedings.mlr.press/v162/,2026-09-09,convenience_sample_candidate,not_checked,caption_candidates_extracted,True,True,False,False,passed_70_percent_threshold,2,"[{""figure"": 1, ""pdf_page"": 8}, {""figure"": 2, ""pdf_page"": 8}]","The design objective (discounted total social welfare) with respect to epochs. (a) are tested with ϵ set to 1, 5, 30 and",Automatically extracted first 22 words starting at a caption-like line; may include neighboring text.,[],"Bounded browser PDF text windows, not full-paper reading","Bounded proceedings windows; title-prioritized for AI model, method and empirical relevance; not ranked by figure quality."
p0096,State Transition of Dendritic Spines Improves Learning of Sparse Spiking Neural Networks,"Yanqi Chen, Zhaofei Yu, Wei Fang, Zhengyu Ma, Tiejun Huang, Yonghong Tian",ICML,2022,https://proceedings.mlr.press/v162/chen22ac/chen22ac.pdf,https://proceedings.mlr.press/v162/,2026-09-09,convenience_sample_candidate,not_checked,caption_candidates_extracted,True,True,False,False,passed_70_percent_threshold,2,"[{""figure"": 1, ""pdf_page"": 3}, {""figure"": 2, ""pdf_page"": 5}]","Scheme for weight reparameterization and transitions between filopodia and mature dendritic spines, and transitions between different types of synapses. Yellow areas represent",Automatically extracted first 22 words starting at a caption-like line; may include neighboring text.,"[""worked_example_or_problem""]","Bounded browser PDF text windows, not full-paper reading","Bounded proceedings windows; title-prioritized for AI model, method and empirical relevance; not ranked by figure quality."
p0097,Efficient Online ML API Selection for Multi-Label Classification Tasks,"Lingjiao Chen, Matei Zaharia, James Zou",ICML,2022,https://proceedings.mlr.press/v162/chen22ad/chen22ad.pdf,https://proceedings.mlr.press/v162/,2026-09-09,convenience_sample_candidate,not_checked,caption_candidates_extracted,True,True,True,False,passed_70_percent_threshold,2,"[{""figure"": 1, ""pdf_page"": 2}, {""figure"": 2, ""pdf_page"": 4}]","Demonstration of FrugalMCT. (a): FrugalMCT workflow. (b): Performance of FrugalMCT on COCO, a multi-label image dataset, using real commercial ML APIs. (c),",Automatically extracted first 22 words starting at a caption-like line; may include neighboring text.,"[""method_or_architecture"", ""worked_example_or_problem"", ""quantitative_comparison"", ""ablation_or_mechanism""]","Bounded browser PDF text windows, not full-paper reading","Bounded proceedings windows; title-prioritized for AI model, method and empirical relevance; not ranked by figure quality."
p0098,Data-Efficient Double-Win Lottery Tickets from Robust Pre-training,"Tianlong Chen, Zhenyu Zhang, Sijia Liu, Yang Zhang, Shiyu Chang, Zhangyang Wang",ICML,2022,https://proceedings.mlr.press/v162/chen22ae/chen22ae.pdf,https://proceedings.mlr.press/v162/,2026-09-09,convenience_sample_candidate,not_checked,caption_candidates_extracted,True,True,False,False,passed_70_percent_threshold,2,"[{""figure"": 1, ""pdf_page"": 1}, {""figure"": 2, ""pdf_page"": 2}]",Overview of our work paradigm: we investigate the existence of double-win lottery tickets drawn from robust pre-training in the scenario of transfer,Automatically extracted first 22 words starting at a caption-like line; may include neighboring text.,"[""method_or_architecture"", ""qualitative_outputs""]","Bounded browser PDF text windows, not full-paper reading","Bounded proceedings windows; title-prioritized for AI model, method and empirical relevance; not ranked by figure quality."
p0099,Linearity Grafting: Relaxed Neuron Pruning Helps Certifiable Robustness,"Tianlong Chen, Huan Zhang, Zhenyu Zhang, Shiyu Chang, Sijia Liu, Pin-Yu Chen, Zhangyang Wang",ICML,2022,https://proceedings.mlr.press/v162/chen22af/chen22af.pdf,https://proceedings.mlr.press/v162/,2026-09-09,convenience_sample_candidate,not_checked,caption_candidates_extracted,True,True,False,False,passed_70_percent_threshold,4,"[{""figure"": 1, ""pdf_page"": 4}, {""figure"": 2, ""pdf_page"": 4}, {""figure"": 3, ""pdf_page"": 5}, {""figure"": 4, ""pdf_page"": 5}]","The overall illustration of our proposed linearity grafting, which linearizes the piece-wise activation function of unstable and insignificant neurons with a linear",Automatically extracted first 22 words starting at a caption-like line; may include neighboring text.,"[""worked_example_or_problem"", ""uncertainty_or_distribution""]","Bounded browser PDF text windows, not full-paper reading","Bounded proceedings windows; title-prioritized for AI model, method and empirical relevance; not ranked by figure quality."
p0100,Human-in-the-loop: Provably Efficient Preference-based Reinforcement Learning with General Function Approximation,"Xiaoyu Chen, Han Zhong, Zhuoran Yang, Zhaoran Wang, Liwei Wang",ICML,2022,https://proceedings.mlr.press/v162/chen22ag/chen22ag.pdf,https://proceedings.mlr.press/v162/,2026-09-09,convenience_sample_candidate,not_checked,pdf_text_retrieved,True,False,False,False,passed_70_percent_threshold,0,[],,,[],"Bounded browser PDF text windows, not full-paper reading","Bounded proceedings windows; title-prioritized for AI model, method and empirical relevance; not ranked by figure quality."
p0101,ClusterFuG: Clustering Fully connected Graphs by Multicut,"Ahmed Abbas, Paul Swoboda",ICML,2023,https://proceedings.mlr.press/v202/abbas23a/abbas23a.pdf,https://proceedings.mlr.press/v202/,2026-09-09,convenience_sample_candidate,not_checked,caption_candidates_extracted,True,True,False,False,passed_70_percent_threshold,2,"[{""figure"": 1, ""pdf_page"": 2}, {""figure"": 2, ""pdf_page"": 4}]",Example illustration of dense multicut problem (3) on 5 nodes. Each node i is associated with a vector fi ∈ R 2,Automatically extracted first 22 words starting at a caption-like line; may include neighboring text.,"[""worked_example_or_problem"", ""efficiency_or_tradeoff""]","Bounded browser PDF text windows, not full-paper reading","Bounded proceedings windows; title-prioritized for AI model, method and empirical relevance; not ranked by figure quality."
p0102,Toward Large Kernel Models,"Amirhesam Abedsoltan, Mikhail Belkin, Parthe Pandit",ICML,2023,https://proceedings.mlr.press/v202/abedsoltan23a/abedsoltan23a.pdf,https://proceedings.mlr.press/v202/,2026-09-09,convenience_sample_candidate,not_checked,caption_candidates_extracted,True,True,False,False,passed_70_percent_threshold,1,"[{""figure"": 1, ""pdf_page"": 2}]",Increasing number of training samples for a fixed model size is helpful but insufficient for optimal performance. The model size must scale,Automatically extracted first 22 words starting at a caption-like line; may include neighboring text.,"[""quantitative_comparison""]","Bounded browser PDF text windows, not full-paper reading","Bounded proceedings windows; title-prioritized for AI model, method and empirical relevance; not ranked by figure quality."
p0103,Comparison of meta-learners for estimating multi-valued treatment heterogeneous effects,"Naoufal Acharki, Ramiro Lugo, Antoine Bertoncello, Josselin Garnier",ICML,2023,https://proceedings.mlr.press/v202/acharki23a/acharki23a.pdf,https://proceedings.mlr.press/v202/,2026-09-09,convenience_sample_candidate,not_checked,caption_candidates_extracted,True,True,False,False,passed_70_percent_threshold,3,"[{""figure"": 1, ""pdf_page"": 37}, {""figure"": 2, ""pdf_page"": 38}, {""figure"": 3, ""pdf_page"": 40}]",Variation of meta-learners’ performances as functions of the number of possible treatment values K for the hazard rate function in an observational,Automatically extracted first 22 words starting at a caption-like line; may include neighboring text.,"[""quantitative_comparison"", ""ablation_or_mechanism""]","Bounded browser PDF text windows, not full-paper reading","Bounded proceedings windows; title-prioritized for AI model, method and empirical relevance; not ranked by figure quality."
p0104,BNN-DP: Robustness Certification of Bayesian Neural Networks via Dynamic Programming,"Steven Adams, Andrea Patane, Morteza Lahijanian, Luca Laurenti",ICML,2023,https://proceedings.mlr.press/v202/adams23a/adams23a.pdf,https://proceedings.mlr.press/v202/,2026-09-09,convenience_sample_candidate,not_checked,caption_candidates_extracted,True,True,False,False,passed_70_percent_threshold,1,"[{""figure"": 1, ""pdf_page"": 4}]",Illustration of the DP algorithm in Theorem 1 for a BNN with two hidden layers. Value functions Vk are mappings from the,Automatically extracted first 22 words starting at a caption-like line; may include neighboring text.,"[""worked_example_or_problem"", ""uncertainty_or_distribution""]","Bounded browser PDF text windows, not full-paper reading","Bounded proceedings windows; title-prioritized for AI model, method and empirical relevance; not ranked by figure quality."
p0105,Second-order regression models exhibit progressive sharpening to the edge of stability,"Atish Agarwala, Fabian Pedregosa, Jeffrey Pennington",ICML,2023,https://proceedings.mlr.press/v202/agarwala23b/agarwala23b.pdf,https://proceedings.mlr.press/v202/,2026-09-09,convenience_sample_candidate,not_checked,caption_candidates_extracted,True,True,False,False,passed_70_percent_threshold,2,"[{""figure"": 1, ""pdf_page"": 3}, {""figure"": 2, ""pdf_page"": 4}]","D = 1 loss landscape L(·) as a function of the parameters θ, where P = 2, E = 0 and Q",Automatically extracted first 22 words starting at a caption-like line; may include neighboring text.,[],"Bounded browser PDF text windows, not full-paper reading","Bounded proceedings windows; title-prioritized for AI model, method and empirical relevance; not ranked by figure quality."
p0106,SemSup-XC: Semantic Supervision for Zero and Few-shot Extreme Classification,"Pranjal Aggarwal, Ameet Deshpande, Karthik R Narasimhan",ICML,2023,https://proceedings.mlr.press/v202/aggarwal23a/aggarwal23a.pdf,https://proceedings.mlr.press/v202/,2026-09-09,convenience_sample_candidate,not_checked,caption_candidates_extracted,True,True,False,False,passed_70_percent_threshold,1,"[{""figure"": 1, ""pdf_page"": 2}]",Our model SemSup-XC achieves state-of-the-art performance on zero-shot and few-shot extreme classification through three innovations – 1 large-scale automated class description collection,Automatically extracted first 22 words starting at a caption-like line; may include neighboring text.,"[""quantitative_comparison"", ""efficiency_or_tradeoff""]","Bounded browser PDF text windows, not full-paper reading","Bounded proceedings windows; title-prioritized for AI model, method and empirical relevance; not ranked by figure quality."
p0107,Adaptive IMLE for Few-shot Pretraining-free Generative Modelling,"Mehran Aghabozorgi, Shichong Peng, Ke Li",ICML,2023,https://proceedings.mlr.press/v202/aghabozorgi23a/aghabozorgi23a.pdf,https://proceedings.mlr.press/v202/,2026-09-09,convenience_sample_candidate,not_checked,caption_candidates_extracted,True,True,False,False,passed_70_percent_threshold,1,"[{""figure"": 1, ""pdf_page"": 2}]","Schematic illustration that compares vanilla IMLE (Li & Malik, 2018) (top row) with the proposed algorithm, Adaptive IMLE (bottom row). While IMLE",Automatically extracted first 22 words starting at a caption-like line; may include neighboring text.,"[""method_or_architecture"", ""worked_example_or_problem"", ""qualitative_outputs""]","Bounded browser PDF text windows, not full-paper reading","Bounded proceedings windows; title-prioritized for AI model, method and empirical relevance; not ranked by figure quality."
p0108,Scaling Laws for Generative Mixed-Modal Language Models,"Armen Aghajanyan, Lili Yu, Alexis Conneau, Wei-Ning Hsu, Karen Hambardzumyan, Susan Zhang, Stephen Roller, Naman Goyal, Omer Levy, Luke Zettlemoyer",ICML,2023,https://proceedings.mlr.press/v202/aghajanyan23a/aghajanyan23a.pdf,https://proceedings.mlr.press/v202/,2026-09-09,convenience_sample_candidate,not_checked,caption_candidates_extracted,True,True,False,False,passed_70_percent_threshold,1,"[{""figure"": 1, ""pdf_page"": 5}]","Empirical scaling properties across both data and model size scale for the uni-modal setting. For each modality, we fit the seven parameters",Automatically extracted first 22 words starting at a caption-like line; may include neighboring text.,"[""efficiency_or_tradeoff""]","Bounded browser PDF text windows, not full-paper reading","Bounded proceedings windows; title-prioritized for AI model, method and empirical relevance; not ranked by figure quality."
p0109,Hypothesis Transfer Learning with Surrogate Classification Losses: Generalization Bounds through Algorithmic Stability,"Anass Aghbalou, Guillaume Staerman",ICML,2023,https://proceedings.mlr.press/v202/aghbalou23a/aghbalou23a.pdf,https://proceedings.mlr.press/v202/,2026-09-09,convenience_sample_candidate,not_checked,caption_candidates_extracted,True,True,False,False,passed_70_percent_threshold,1,"[{""figure"": 1, ""pdf_page"": 9}]","Target risk of Algorithm 2.2 as a function of θ. analysis, the softplus and logistic functions exhibit significant robustness to negative transfer.",Automatically extracted first 22 words starting at a caption-like line; may include neighboring text.,[],"Bounded browser PDF text windows, not full-paper reading","Bounded proceedings windows; title-prioritized for AI model, method and empirical relevance; not ranked by figure quality."
p0110,Constrained Causal Bayesian Optimization,"Virginia Aglietti, Alan Malek, Ira Ktena, Silvia Chiappa",ICML,2023,https://proceedings.mlr.press/v202/aglietti23a/aglietti23a.pdf,https://proceedings.mlr.press/v202/,2026-09-09,convenience_sample_candidate,not_checked,caption_candidates_extracted,True,True,False,False,passed_70_percent_threshold,2,"[{""figure"": 1, ""pdf_page"": 1}, {""figure"": 2, ""pdf_page"": 3}]","(a) Protein-signaling network and (b) causal PSA graph. Red, grey and pink nodes indicate target, intervenable, and constrained variables respectively. the causal",Automatically extracted first 22 words starting at a caption-like line; may include neighboring text.,[],"Bounded browser PDF text windows, not full-paper reading","Bounded proceedings windows; title-prioritized for AI model, method and empirical relevance; not ranked by figure quality."
p0111,Explaining the effects of non-convergent MCMC in the training of Energy-Based Models,"Elisabeth Agoritsas, Giovanni Catania, Aurélien Decelle, Beatriz Seoane",ICML,2023,https://proceedings.mlr.press/v202/agoritsas23a/agoritsas23a.pdf,https://proceedings.mlr.press/v202/,2026-09-09,convenience_sample_candidate,not_checked,caption_candidates_extracted,True,True,False,False,passed_70_percent_threshold,3,"[{""figure"": 1, ""pdf_page"": 6}, {""figure"": 2, ""pdf_page"": 7}, {""figure"": 3, ""pdf_page"": 8}]",Left: Evolution of J (k) α (t) for different values of k (different colors) and initial conditions for J (k) α (0).,Automatically extracted first 22 words starting at a caption-like line; may include neighboring text.,"[""quantitative_comparison"", ""efficiency_or_tradeoff""]","Bounded browser PDF text windows, not full-paper reading","Bounded proceedings windows; title-prioritized for AI model, method and empirical relevance; not ranked by figure quality."
p0112,Using Large Language Models to Simulate Multiple Humans and Replicate Human Subject Studies,"Gati V Aher, Rosa I. Arriaga, Adam Tauman Kalai",ICML,2023,https://proceedings.mlr.press/v202/aher23a/aher23a.pdf,https://proceedings.mlr.press/v202/,2026-09-09,convenience_sample_candidate,not_checked,caption_candidates_extracted,True,True,False,False,passed_70_percent_threshold,2,"[{""figure"": 1, ""pdf_page"": 2}, {""figure"": 2, ""pdf_page"": 5}]","Classification versus simulation prompts for a garden path sentence. The blanks will be filled-in by the LM, and prompts are constructed so",Automatically extracted first 22 words starting at a caption-like line; may include neighboring text.,"[""worked_example_or_problem"", ""qualitative_outputs""]","Bounded browser PDF text windows, not full-paper reading","Bounded proceedings windows; title-prioritized for AI model, method and empirical relevance; not ranked by figure quality."
p0113,Interventional Causal Representation Learning,"Kartik Ahuja, Divyat Mahajan, Yixin Wang, Yoshua Bengio",ICML,2023,https://proceedings.mlr.press/v202/ahuja23a/ahuja23a.pdf,https://proceedings.mlr.press/v202/,2026-09-09,convenience_sample_candidate,not_checked,caption_candidates_extracted,True,True,False,False,passed_70_percent_threshold,2,"[{""figure"": 1, ""pdf_page"": 1}, {""figure"": 2, ""pdf_page"": 5}]","Figure 1a) Observational data: the support of child (Z2) conditional on parent (Z1) varies with the value of parent. Figure 1b), 1c):",Automatically extracted first 22 words starting at a caption-like line; may include neighboring text.,"[""worked_example_or_problem"", ""ablation_or_mechanism"", ""uncertainty_or_distribution""]","Bounded browser PDF text windows, not full-paper reading","Bounded proceedings windows; title-prioritized for AI model, method and empirical relevance; not ranked by figure quality."
p0114,Atari-5: Distilling the Arcade Learning Environment down to Five Games,"Matthew Aitchison, Penny Sweetser, Marcus Hutter",ICML,2023,https://proceedings.mlr.press/v202/aitchison23a/aitchison23a.pdf,https://proceedings.mlr.press/v202/,2026-09-09,convenience_sample_candidate,not_checked,caption_candidates_extracted,True,True,False,False,passed_70_percent_threshold,1,"[{""figure"": 1, ""pdf_page"": 2}]","The five games found to be optimal in the Atari-5 Subset. From left to right, Battle Zone, Double Dunk, Name this Game,",Automatically extracted first 22 words starting at a caption-like line; may include neighboring text.,[],"Bounded browser PDF text windows, not full-paper reading","Bounded proceedings windows; title-prioritized for AI model, method and empirical relevance; not ranked by figure quality."
p0115,Towards credible visual model interpretation with path attribution,"Naveed Akhtar, Mohammad A. A. K. Jalwana",ICML,2023,https://proceedings.mlr.press/v202/akhtar23a/akhtar23a.pdf,https://proceedings.mlr.press/v202/,2026-09-09,convenience_sample_candidate,not_checked,caption_candidates_extracted,True,True,False,False,passed_70_percent_threshold,1,"[{""figure"": 1, ""pdf_page"": 1}]","Feature absence and its (gradually increasing) presence is generally easy to model in cooprative game setups, which ensures the axiomatic properties of",Automatically extracted first 22 words starting at a caption-like line; may include neighboring text.,"[""method_or_architecture""]","Bounded browser PDF text windows, not full-paper reading","Bounded proceedings windows; title-prioritized for AI model, method and empirical relevance; not ranked by figure quality."
p0116,Recasting Self-Attention with Holographic Reduced Representations,"Mohammad Mahmudul Alam, Edward Raff, Stella Biderman, Tim Oates, James Holt",ICML,2023,https://proceedings.mlr.press/v202/alam23a/alam23a.pdf,https://proceedings.mlr.press/v202/,2026-09-09,convenience_sample_candidate,not_checked,caption_candidates_extracted,True,True,True,False,passed_70_percent_threshold,3,"[{""figure"": 1, ""pdf_page"": 1}, {""figure"": 2, ""pdf_page"": 4}, {""figure"": 3, ""pdf_page"": 5}]","Our primary result, comparison of our Hrrformer with other self-attention models in EMBER malware classification dataset. Most prior methods fail early by",Automatically extracted first 22 words starting at a caption-like line; may include neighboring text.,"[""method_or_architecture"", ""quantitative_comparison"", ""efficiency_or_tradeoff"", ""qualitative_outputs""]","Bounded browser PDF text windows, not full-paper reading","Bounded proceedings windows; title-prioritized for AI model, method and empirical relevance; not ranked by figure quality."
p0117,A Simple Zero-shot Prompt Weighting Technique to Improve Prompt Ensembling in Text-Image Models,"James Urquhart Allingham, Jie Ren, Michael W Dusenberry, Xiuye Gu, Yin Cui, Dustin Tran, Jeremiah Zhe Liu, Balaji Lakshminarayanan",ICML,2023,https://proceedings.mlr.press/v202/allingham23a/allingham23a.pdf,https://proceedings.mlr.press/v202/,2026-09-09,convenience_sample_candidate,not_checked,caption_candidates_extracted,True,True,False,False,passed_70_percent_threshold,2,"[{""figure"": 1, ""pdf_page"": 2}, {""figure"": 2, ""pdf_page"": 4}]",Construction of a zero-shot classifier with zero-shot prompt ensembling (ZPE) for text-image models. Logits ( ) are calculated by combining text (,Automatically extracted first 22 words starting at a caption-like line; may include neighboring text.,"[""ablation_or_mechanism""]","Bounded browser PDF text windows, not full-paper reading","Bounded proceedings windows; title-prioritized for AI model, method and empirical relevance; not ranked by figure quality."
p0118,On the Privacy-Robustness-Utility Trilemma in Distributed Learning,"Youssef Allouah, Rachid Guerraoui, Nirupam Gupta, Rafael Pinot, John Stephan",ICML,2023,https://proceedings.mlr.press/v202/allouah23a/allouah23a.pdf,https://proceedings.mlr.press/v202/,2026-09-09,convenience_sample_candidate,not_checked,caption_candidates_extracted,True,True,False,False,passed_70_percent_threshold,1,"[{""figure"": 1, ""pdf_page"": 30}]","(I): Subsampling + Gaussian mechanism, (II): Post-processing. Proof. To derive the above DP guarantees, we first track the privacy loss for a",Automatically extracted first 22 words starting at a caption-like line; may include neighboring text.,[],"Bounded browser PDF text windows, not full-paper reading","Bounded proceedings windows; title-prioritized for AI model, method and empirical relevance; not ranked by figure quality."
p0119,Robust and Scalable Bayesian Online Changepoint Detection,"Matias Altamirano, Francois-Xavier Briol, Jeremias Knoblauch",ICML,2023,https://proceedings.mlr.press/v202/altamirano23a/altamirano23a.pdf,https://proceedings.mlr.press/v202/,2026-09-09,convenience_sample_candidate,not_checked,caption_candidates_extracted,True,True,False,False,passed_70_percent_threshold,1,"[{""figure"": 1, ""pdf_page"": 1}]",Twitter Flash Crash. The run-length is the time since the last changepoint (CP). Top: Jow Dones Index with Maximum a posteriori CPs,Automatically extracted first 22 words starting at a caption-like line; may include neighboring text.,[],"Bounded browser PDF text windows, not full-paper reading","Bounded proceedings windows; title-prioritized for AI model, method and empirical relevance; not ranked by figure quality."
p0120,Neural Wasserstein Gradient Flows for Discrepancies with Riesz Kernels,"Fabian Altekrüger, Johannes Hertrich, Gabriele Steidl",ICML,2023,https://proceedings.mlr.press/v202/altekruger23a/altekruger23a.pdf,https://proceedings.mlr.press/v202/,2026-09-09,convenience_sample_candidate,not_checked,caption_candidates_extracted,True,True,False,False,passed_70_percent_threshold,1,"[{""figure"": 1, ""pdf_page"": 2}]",Neural backward (top) and forward (bottom) schemes for the Wasserstein flow of the MMD with distance kernel starting in exactly two points,Automatically extracted first 22 words starting at a caption-like line; may include neighboring text.,[],"Bounded browser PDF text windows, not full-paper reading","Bounded proceedings windows; title-prioritized for AI model, method and empirical relevance; not ranked by figure quality."
p0121,Near-Optimal $Φ$-Regret Learning in Extensive-Form Games,"Ioannis Anagnostides, Gabriele Farina, Tuomas Sandholm",ICML,2023,https://proceedings.mlr.press/v202/anagnostides23a/anagnostides23a.pdf,https://proceedings.mlr.press/v202/,2026-09-09,convenience_sample_candidate,not_checked,caption_candidates_extracted,True,True,False,False,passed_70_percent_threshold,1,"[{""figure"": 1, ""pdf_page"": 9}]",Trigger regret of each player on (i) Kuhn poker (left); (ii) Goofspiel (center); and (iii) Sheriff (right). Every row corresponds to a,Automatically extracted first 22 words starting at a caption-like line; may include neighboring text.,[],"Bounded browser PDF text windows, not full-paper reading","Bounded proceedings windows; title-prioritized for AI model, method and empirical relevance; not ranked by figure quality."
p0122,SGD with Large Step Sizes Learns Sparse Features,"Maksym Andriushchenko, Aditya Vardhan Varre, Loucas Pillaud-Vivien, Nicolas Flammarion",ICML,2023,https://proceedings.mlr.press/v202/andriushchenko23b/andriushchenko23b.pdf,https://proceedings.mlr.press/v202/,2026-09-09,convenience_sample_candidate,not_checked,caption_candidates_extracted,True,True,False,False,passed_70_percent_threshold,1,"[{""figure"": 1, ""pdf_page"": 2}]",A typical training dynamics for a ResNet-18 trained on CIFAR-10. We use weight decay but no momentum or data augmentation for this,Automatically extracted first 22 words starting at a caption-like line; may include neighboring text.,[],"Bounded browser PDF text windows, not full-paper reading","Bounded proceedings windows; title-prioritized for AI model, method and empirical relevance; not ranked by figure quality."
p0123,Neural Continuous-Discrete State Space Models for Irregularly-Sampled Time Series,"Abdul Fatir Ansari, Alvin Heng, Andre Lim, Harold Soh",ICML,2023,https://proceedings.mlr.press/v202/ansari23a/ansari23a.pdf,https://proceedings.mlr.press/v202/,2026-09-09,convenience_sample_candidate,not_checked,caption_candidates_extracted,True,True,False,False,passed_70_percent_threshold,1,"[{""figure"": 1, ""pdf_page"": 1}]","(Top) Generative model of Neural Continuous-Discrete State Space Model. The bold red arrows indicate that the state, zt, evolves continuously in time.",Automatically extracted first 22 words starting at a caption-like line; may include neighboring text.,[],"Bounded browser PDF text windows, not full-paper reading","Bounded proceedings windows; title-prioritized for AI model, method and empirical relevance; not ranked by figure quality."
p0124,Exponential Smoothing for Off-Policy Learning,"Imad Aouali, Victor-Emmanuel Brunel, David Rohde, Anna Korba",ICML,2023,https://proceedings.mlr.press/v202/aouali23a/aouali23a.pdf,https://proceedings.mlr.press/v202/,2026-09-09,convenience_sample_candidate,not_checked,caption_candidates_extracted,True,True,False,False,passed_70_percent_threshold,1,"[{""figure"": 1, ""pdf_page"": 3}]",Effect of hard clipping on the estimation quality. The x-axis corresponds to actions a ∈ [100]. The y-axis is the estimated reward,Automatically extracted first 22 words starting at a caption-like line; may include neighboring text.,"[""ablation_or_mechanism""]","Bounded browser PDF text windows, not full-paper reading","Bounded proceedings windows; title-prioritized for AI model, method and empirical relevance; not ranked by figure quality."
p0125,Polynomial Time and Private Learning of Unbounded Gaussian Mixture Models,"Jamil Arbas, Hassan Ashtiani, Christopher Liaw",ICML,2023,https://proceedings.mlr.press/v202/arbas23a/arbas23a.pdf,https://proceedings.mlr.press/v202/,2026-09-09,convenience_sample_candidate,not_checked,pdf_text_retrieved,True,False,False,False,passed_70_percent_threshold,0,[],,,[],"Bounded browser PDF text windows, not full-paper reading","Bounded proceedings windows; title-prioritized for AI model, method and empirical relevance; not ranked by figure quality."
p0126,Principled Acceleration of Iterative Numerical Methods Using Machine Learning,"Sohei Arisaka, Qianxiao Li",ICML,2023,https://proceedings.mlr.press/v202/arisaka23a/arisaka23a.pdf,https://proceedings.mlr.press/v202/,2026-09-09,convenience_sample_candidate,not_checked,caption_candidates_extracted,True,True,False,False,passed_70_percent_threshold,1,"[{""figure"": 1, ""pdf_page"": 4}]",The average number of iterations of the Jacobi method to reach tolerance ϵ = 10−6on the test data. The rightmost result is,Automatically extracted first 22 words starting at a caption-like line; may include neighboring text.,[],"Bounded browser PDF text windows, not full-paper reading","Bounded proceedings windows; title-prioritized for AI model, method and empirical relevance; not ranked by figure quality."
p0127,Prototype-Sample Relation Distillation: Towards Replay-Free Continual Learning,"Nader Asadi, Mohammadreza Davari, Sudhir Mudur, Rahaf Aljundi, Eugene Belilovsky",ICML,2023,https://proceedings.mlr.press/v202/asadi23a/asadi23a.pdf,https://proceedings.mlr.press/v202/,2026-09-09,convenience_sample_candidate,not_checked,caption_candidates_extracted,True,True,False,False,passed_70_percent_threshold,2,"[{""figure"": 1, ""pdf_page"": 1}, {""figure"": 2, ""pdf_page"": 5}]","Illustration of our Prototype-Sample Relation Distillation (PRD). For each prior task prototype, we preserve the relative ordering of samples in the mini-batch.",Automatically extracted first 22 words starting at a caption-like line; may include neighboring text.,"[""worked_example_or_problem"", ""quantitative_comparison"", ""ablation_or_mechanism""]","Bounded browser PDF text windows, not full-paper reading","Bounded proceedings windows; title-prioritized for AI model, method and empirical relevance; not ranked by figure quality."
p0128,From Robustness to Privacy and Back,"Hilal Asi, Jonathan Ullman, Lydia Zakynthinou",ICML,2023,https://proceedings.mlr.press/v202/asi23b/asi23b.pdf,https://proceedings.mlr.press/v202/,2026-09-09,convenience_sample_candidate,not_checked,pdf_text_retrieved,True,False,False,False,passed_70_percent_threshold,0,[],,,[],"Bounded browser PDF text windows, not full-paper reading","Bounded proceedings windows; title-prioritized for AI model, method and empirical relevance; not ranked by figure quality."
p0129,"SGD with AdaGrad Stepsizes: Full Adaptivity with High Probability to Unknown Parameters, Unbounded Gradients and Affine Variance","Amit Attia, Tomer Koren",ICML,2023,https://proceedings.mlr.press/v202/attia23a/attia23a.pdf,https://proceedings.mlr.press/v202/,2026-09-09,convenience_sample_candidate,not_checked,pdf_text_retrieved,True,False,False,False,passed_70_percent_threshold,0,[],,,[],"Bounded browser PDF text windows, not full-paper reading","Bounded proceedings windows; title-prioritized for AI model, method and empirical relevance; not ranked by figure quality."
p0130,Adversarially Robust PAC Learnability of Real-Valued Functions,"Idan Attias, Steve Hanneke",ICML,2023,https://proceedings.mlr.press/v202/attias23a/attias23a.pdf,https://proceedings.mlr.press/v202/,2026-09-09,convenience_sample_candidate,not_checked,pdf_text_retrieved,True,False,False,False,passed_70_percent_threshold,0,[],,,[],"Bounded browser PDF text windows, not full-paper reading","Bounded proceedings windows; title-prioritized for AI model, method and empirical relevance; not ranked by figure quality."
p0131,Infusing Lattice Symmetry Priors in Attention Mechanisms for Sample-Efficient Abstract Geometric Reasoning,"Mattia Atzeni, Mrinmaya Sachan, Andreas Loukas",ICML,2023,https://proceedings.mlr.press/v202/atzeni23a/atzeni23a.pdf,https://proceedings.mlr.press/v202/,2026-09-09,convenience_sample_candidate,not_checked,caption_candidates_extracted,True,True,False,False,passed_70_percent_threshold,2,"[{""figure"": 1, ""pdf_page"": 2}, {""figure"": 2, ""pdf_page"": 4}]",We consider problems that involve learning a geometric transformation on the input data as a sub-problem. The displayed task (taken from ARC),Automatically extracted first 22 words starting at a caption-like line; may include neighboring text.,"[""worked_example_or_problem"", ""efficiency_or_tradeoff""]","Bounded browser PDF text windows, not full-paper reading","Bounded proceedings windows; title-prioritized for AI model, method and empirical relevance; not ranked by figure quality."
p0132,Learning to Initiate and Reason in Event-Driven Cascading Processes,"Yuval Atzmon, Eli Meirom, Shie Mannor, Gal Chechik",ICML,2023,https://proceedings.mlr.press/v202/atzmon23a/atzmon23a.pdf,https://proceedings.mlr.press/v202/,2026-09-09,convenience_sample_candidate,not_checked,caption_candidates_extracted,True,True,False,False,passed_70_percent_threshold,2,"[{""figure"": 1, ""pdf_page"": 2}, {""figure"": 2, ""pdf_page"": 3}]",An experimental test bed for the Cascade setup. Input 1 (the unsatisfied cascade): A set of balls is observed moving in a,Automatically extracted first 22 words starting at a caption-like line; may include neighboring text.,"[""worked_example_or_problem""]","Bounded browser PDF text windows, not full-paper reading","Bounded proceedings windows; title-prioritized for AI model, method and empirical relevance; not ranked by figure quality."
p0133,On the convergence of the MLE as an estimator of the learning rate in the Exp3 algorithm,"Julien Aubert, Luc Lehéricy, Patricia Reynaud-Bouret",ICML,2023,https://proceedings.mlr.press/v202/aubert23a/aubert23a.pdf,https://proceedings.mlr.press/v202/,2026-09-09,convenience_sample_candidate,not_checked,caption_candidates_extracted,True,True,False,False,passed_70_percent_threshold,5,"[{""figure"": 1, ""pdf_page"": 7}, {""figure"": 2, ""pdf_page"": 7}, {""figure"": 3, ""pdf_page"": 8}, {""figure"": 4, ""pdf_page"": 8}, {""figure"": 5, ""pdf_page"": 9}]","Log-likelihood. On top, the log-likelihood with the MLE in red. The simulation is performed via the Exp3 algorithm with K = 2,",Automatically extracted first 22 words starting at a caption-like line; may include neighboring text.,"[""uncertainty_or_distribution""]","Bounded browser PDF text windows, not full-paper reading","Bounded proceedings windows; title-prioritized for AI model, method and empirical relevance; not ranked by figure quality."
p0134,Dirichlet Diffusion Score Model for Biological Sequence Generation,"Pavel Avdeyev, Chenlai Shi, Yuhao Tan, Kseniia Dudnyk, Jian Zhou",ICML,2023,https://proceedings.mlr.press/v202/avdeyev23a/avdeyev23a.pdf,https://proceedings.mlr.press/v202/,2026-09-09,convenience_sample_candidate,not_checked,caption_candidates_extracted,True,True,False,False,passed_70_percent_threshold,1,"[{""figure"": 1, ""pdf_page"": 3}]",Schematic overview of forward and reverse diffusion SDEs for Dirichlet diffusion score model. Forward and reverse diffusion SDEs for 2-category data (a),Automatically extracted first 22 words starting at a caption-like line; may include neighboring text.,"[""method_or_architecture""]","Bounded browser PDF text windows, not full-paper reading","Bounded proceedings windows; title-prioritized for AI model, method and empirical relevance; not ranked by figure quality."
p0135,Naive imputation implicitly regularizes high-dimensional linear models,"Alexis Ayme, Claire Boyer, Aymeric Dieuleveut, Erwan Scornet",ICML,2023,https://proceedings.mlr.press/v202/ayme23a/ayme23a.pdf,https://proceedings.mlr.press/v202/,2026-09-09,convenience_sample_candidate,not_checked,caption_candidates_extracted,True,True,False,False,passed_70_percent_threshold,1,"[{""figure"": 1, ""pdf_page"": 9}]",Risk w.r.t. the input dimension (evaluated on 104test samples) when 50% of the input data is missing. The y-axis corresponds to Rmis(f),Automatically extracted first 22 words starting at a caption-like line; may include neighboring text.,[],"Bounded browser PDF text windows, not full-paper reading","Bounded proceedings windows; title-prioritized for AI model, method and empirical relevance; not ranked by figure quality."
p0136,Half-Hop: A graph upsampling approach for slowing down message passing,"Mehdi Azabou, Venkataramana Ganesh, Shantanu Thakoor, Chi-Heng Lin, Lakshmi Sathidevi, Ran Liu, Michal Valko, Petar Veličković, Eva L Dyer",ICML,2023,https://proceedings.mlr.press/v202/azabou23a/azabou23a.pdf,https://proceedings.mlr.press/v202/,2026-09-09,convenience_sample_candidate,not_checked,caption_candidates_extracted,True,True,True,False,passed_70_percent_threshold,3,"[{""figure"": 1, ""pdf_page"": 2}, {""figure"": 2, ""pdf_page"": 4}, {""figure"": 3, ""pdf_page"": 4}]","Overview of the Half-Hop augmentation. (a) On the left, we show an original graph and on the right, the graph after applying",Automatically extracted first 22 words starting at a caption-like line; may include neighboring text.,"[""method_or_architecture"", ""worked_example_or_problem"", ""quantitative_comparison"", ""qualitative_outputs"", ""ablation_or_mechanism""]","Bounded browser PDF text windows, not full-paper reading","Bounded proceedings windows; title-prioritized for AI model, method and empirical relevance; not ranked by figure quality."
p0137,CLUTR: Curriculum Learning via Unsupervised Task Representation Learning,"Abdus Salam Azad, Izzeddin Gur, Jasper Emhoff, Nathaniel Alexis, Aleksandra Faust, Pieter Abbeel, Ion Stoica",ICML,2023,https://proceedings.mlr.press/v202/azad23a/azad23a.pdf,https://proceedings.mlr.press/v202/,2026-09-09,convenience_sample_candidate,not_checked,caption_candidates_extracted,True,True,False,False,passed_70_percent_threshold,1,"[{""figure"": 1, ""pdf_page"": 3}]",Hierarchical Graphical Model for CLUTR At the core of CLUTR is the latent generative model representing the latent task manifold. Let’s assume,Automatically extracted first 22 words starting at a caption-like line; may include neighboring text.,[],"Bounded browser PDF text windows, not full-paper reading","Bounded proceedings windows; title-prioritized for AI model, method and empirical relevance; not ranked by figure quality."
p0138,Personalized Subgraph Federated Learning,"Jinheon Baek, Wonyong Jeong, Jiongdao Jin, Jaehong Yoon, Sung Ju Hwang",ICML,2023,https://proceedings.mlr.press/v202/baek23a/baek23a.pdf,https://proceedings.mlr.press/v202/,2026-09-09,convenience_sample_candidate,not_checked,caption_candidates_extracted,True,True,False,False,passed_70_percent_threshold,3,"[{""figure"": 1, ""pdf_page"": 2}, {""figure"": 2, ""pdf_page"": 4}, {""figure"": 3, ""pdf_page"": 4}]","(A) Local subgraphs with overlapping nodes, missing edges, and community structures. (B) Existing subgraph FL (Wu et al., 2021a; Zhang et al.,",Automatically extracted first 22 words starting at a caption-like line; may include neighboring text.,"[""worked_example_or_problem"", ""quantitative_comparison"", ""efficiency_or_tradeoff"", ""qualitative_outputs""]","Bounded browser PDF text windows, not full-paper reading","Bounded proceedings windows; title-prioritized for AI model, method and empirical relevance; not ranked by figure quality."
p0139,"Efficient Self-supervised Learning with Contextualized Target Representations for Vision, Speech and Language","Alexei Baevski, Arun Babu, Wei-Ning Hsu, Michael Auli",ICML,2023,https://proceedings.mlr.press/v202/baevski23a/baevski23a.pdf,https://proceedings.mlr.press/v202/,2026-09-09,convenience_sample_candidate,not_checked,caption_candidates_extracted,True,True,True,False,passed_70_percent_threshold,2,"[{""figure"": 1, ""pdf_page"": 3}, {""figure"": 2, ""pdf_page"": 5}]",data2vec 2.0 uses the same learning objective for different modalities (but trains different models for each). We first create a contextualized target,Automatically extracted first 22 words starting at a caption-like line; may include neighboring text.,"[""worked_example_or_problem"", ""quantitative_comparison"", ""efficiency_or_tradeoff"", ""ablation_or_mechanism""]","Bounded browser PDF text windows, not full-paper reading","Bounded proceedings windows; title-prioritized for AI model, method and empirical relevance; not ranked by figure quality."
p0140,Efficient preconditioned stochastic gradient descent for estimation in latent variable models,"Charlotte Baey, Maud Delattre, Estelle Kuhn, Jean-Benoist Leger, Sarah Lemler",ICML,2023,https://proceedings.mlr.press/v202/baey23a/baey23a.pdf,https://proceedings.mlr.press/v202/,2026-09-09,convenience_sample_candidate,not_checked,caption_candidates_extracted,True,True,False,False,passed_70_percent_threshold,2,"[{""figure"": 1, ""pdf_page"": 8}, {""figure"": 2, ""pdf_page"": 8}]",Evolution of the parameter estimates across the iterations in the logistic growth model. Yellow line: simulated value. The red line is the,Automatically extracted first 22 words starting at a caption-like line; may include neighboring text.,"[""quantitative_comparison""]","Bounded browser PDF text windows, not full-paper reading","Bounded proceedings windows; title-prioritized for AI model, method and empirical relevance; not ranked by figure quality."
p0141,Feed Two Birds with One Scone: Exploiting Wild Data for Both Out-of-Distribution Generalization and Detection,"Haoyue Bai, Gregory Canal, Xuefeng Du, Jeongyeol Kwon, Robert D Nowak, Yixuan Li",ICML,2023,https://proceedings.mlr.press/v202/bai23a/bai23a.pdf,https://proceedings.mlr.press/v202/,2026-09-09,convenience_sample_candidate,not_checked,caption_candidates_extracted,True,True,False,False,passed_70_percent_threshold,1,"[{""figure"": 2, ""pdf_page"": 4}]","Illustration of the impact of energy margin η on the placement of the OOD detection boundary. this, we investigate the efficacy of",Automatically extracted first 22 words starting at a caption-like line; may include neighboring text.,"[""worked_example_or_problem"", ""ablation_or_mechanism""]","Bounded browser PDF text windows, not full-paper reading","Bounded proceedings windows; title-prioritized for AI model, method and empirical relevance; not ranked by figure quality."
p0142,Answering Complex Logical Queries on Knowledge Graphs via Query Computation Tree Optimization,"Yushi Bai, Xin Lv, Juanzi Li, Lei Hou",ICML,2023,https://proceedings.mlr.press/v202/bai23b/bai23b.pdf,https://proceedings.mlr.press/v202/,2026-09-09,convenience_sample_candidate,not_checked,caption_candidates_extracted,True,True,False,False,passed_70_percent_threshold,2,"[{""figure"": 1, ""pdf_page"": 1}, {""figure"": 2, ""pdf_page"": 4}]","FOL and DAG expressions of a complex logical query. The complex query can be decomposed to three one-hop queries, as marked by",Automatically extracted first 22 words starting at a caption-like line; may include neighboring text.,"[""method_or_architecture"", ""worked_example_or_problem""]","Bounded browser PDF text windows, not full-paper reading","Bounded proceedings windows; title-prioritized for AI model, method and empirical relevance; not ranked by figure quality."
p0143,Implicit Graph Neural Networks: A Monotone Operator Viewpoint,"Justin Baker, Qingsong Wang, Cory D Hauck, Bao Wang",ICML,2023,https://proceedings.mlr.press/v202/baker23a/baker23a.pdf,https://proceedings.mlr.press/v202/,2026-09-09,convenience_sample_candidate,not_checked,caption_candidates_extracted,True,True,False,False,passed_70_percent_threshold,2,"[{""figure"": 1, ""pdf_page"": 2}, {""figure"": 2, ""pdf_page"": 2}]","Epoch vs. training, validation, and test accuracy of IGNN for classifying directed chains. First row: binary chains of length 100 (left) and",Automatically extracted first 22 words starting at a caption-like line; may include neighboring text.,"[""quantitative_comparison""]","Bounded browser PDF text windows, not full-paper reading","Bounded proceedings windows; title-prioritized for AI model, method and empirical relevance; not ranked by figure quality."
p0144,Tensor Decompositions Meet Control Theory: Learning General Mixtures of Linear Dynamical Systems,"Ainesh Bakshi, Allen Liu, Ankur Moitra, Morris Yau",ICML,2023,https://proceedings.mlr.press/v202/bakshi23a/bakshi23a.pdf,https://proceedings.mlr.press/v202/,2026-09-09,convenience_sample_candidate,not_checked,pdf_text_retrieved,True,False,False,False,passed_70_percent_threshold,0,[],,,[],"Bounded browser PDF text windows, not full-paper reading","Bounded proceedings windows; title-prioritized for AI model, method and empirical relevance; not ranked by figure quality."
p0145,Block Subsampled Randomized Hadamard Transform for Nyström Approximation on Distributed Architectures,"Oleg Balabanov, Matthias Beaupère, Laura Grigori, Victor Lederer",ICML,2023,https://proceedings.mlr.press/v202/balabanov23a/balabanov23a.pdf,https://proceedings.mlr.press/v202/,2026-09-09,convenience_sample_candidate,not_checked,caption_candidates_extracted,True,True,False,False,passed_70_percent_threshold,6,"[{""figure"": 1, ""pdf_page"": 5}, {""figure"": 2, ""pdf_page"": 5}, {""figure"": 3, ""pdf_page"": 6}, {""figure"": 4, ""pdf_page"": 6}, {""figure"": 5, ""pdf_page"": 6}, {""figure"": 6, ""pdf_page"": 7}]",Trace error ∥A − [[A]](Nyst) k ∥∗/∥A∥∗ using BSRHT. convergence of the error of the low-rank approximation obtained with Algorithm 1 taking,Automatically extracted first 22 words starting at a caption-like line; may include neighboring text.,"[""quantitative_comparison"", ""efficiency_or_tradeoff""]","Bounded browser PDF text windows, not full-paper reading","Bounded proceedings windows; title-prioritized for AI model, method and empirical relevance; not ranked by figure quality."
p0146,Efficient Online Reinforcement Learning with Offline Data,"Philip J. Ball, Laura Smith, Ilya Kostrikov, Sergey Levine",ICML,2023,https://proceedings.mlr.press/v202/ball23a/ball23a.pdf,https://proceedings.mlr.press/v202/,2026-09-09,convenience_sample_candidate,not_checked,caption_candidates_extracted,True,True,False,False,passed_70_percent_threshold,3,"[{""figure"": 1, ""pdf_page"": 1}, {""figure"": 2, ""pdf_page"": 3}, {""figure"": 3, ""pdf_page"": 4}]","Our approach, RLPD, extends standard off-policy RL and achieves reliable state-of-the-art online performance on a number of tasks using offline data. Here",Automatically extracted first 22 words starting at a caption-like line; may include neighboring text.,"[""worked_example_or_problem"", ""quantitative_comparison"", ""efficiency_or_tradeoff"", ""ablation_or_mechanism""]","Bounded browser PDF text windows, not full-paper reading","Bounded proceedings windows; title-prioritized for AI model, method and empirical relevance; not ranked by figure quality."
p0147,On the Functional Similarity of Robust and Non-Robust Neural Representations,"András Balogh, Márk Jelasity",ICML,2023,https://proceedings.mlr.press/v202/balogh23a/balogh23a.pdf,https://proceedings.mlr.press/v202/,2026-09-09,convenience_sample_candidate,not_checked,caption_candidates_extracted,True,True,False,False,passed_70_percent_threshold,4,"[{""figure"": 1, ""pdf_page"": 4}, {""figure"": 2, ""pdf_page"": 4}, {""figure"": 3, ""pdf_page"": 5}, {""figure"": 4, ""pdf_page"": 5}]","Stitching plots for the indicated donor networks, stitching optimized for plain accuracy. front: fR1, end: fR1 front: fR2, end: fR2 Model 1",Automatically extracted first 22 words starting at a caption-like line; may include neighboring text.,"[""worked_example_or_problem"", ""quantitative_comparison""]","Bounded browser PDF text windows, not full-paper reading","Bounded proceedings windows; title-prioritized for AI model, method and empirical relevance; not ranked by figure quality."
p0148,Robust Budget Pacing with a Single Sample,"Santiago R. Balseiro, Rachitesh Kumar, Vahab Mirrokni, Balasubramanian Sivan, Di Wang",ICML,2023,https://proceedings.mlr.press/v202/balseiro23a/balseiro23a.pdf,https://proceedings.mlr.press/v202/,2026-09-09,convenience_sample_candidate,not_checked,pdf_text_retrieved,True,False,False,False,passed_70_percent_threshold,0,[],,,[],"Bounded browser PDF text windows, not full-paper reading","Bounded proceedings windows; title-prioritized for AI model, method and empirical relevance; not ranked by figure quality."
p0149,One Transformer Fits All Distributions in Multi-Modal Diffusion at Scale,"Fan Bao, Shen Nie, Kaiwen Xue, Chongxuan Li, Shi Pu, Yaole Wang, Gang Yue, Yue Cao, Hang Su, Jun Zhu",ICML,2023,https://proceedings.mlr.press/v202/bao23a/bao23a.pdf,https://proceedings.mlr.press/v202/,2026-09-09,convenience_sample_candidate,not_checked,caption_candidates_extracted,True,True,False,False,passed_70_percent_threshold,2,"[{""figure"": 1, ""pdf_page"": 2}, {""figure"": 2, ""pdf_page"": 4}]","UniDiffuser handles various tasks by fitting all distributions with one transformer. (a-e) UniDiffuser can directly perform joint generation, conditional generation, and unconditional",Automatically extracted first 22 words starting at a caption-like line; may include neighboring text.,"[""quantitative_comparison"", ""uncertainty_or_distribution""]","Bounded browser PDF text windows, not full-paper reading","Bounded proceedings windows; title-prioritized for AI model, method and empirical relevance; not ranked by figure quality."
p0150,Optimizing the Collaboration Structure in Cross-Silo Federated Learning,"Wenxuan Bao, Haohan Wang, Jun Wu, Jingrui He",ICML,2023,https://proceedings.mlr.press/v202/bao23b/bao23b.pdf,https://proceedings.mlr.press/v202/,2026-09-09,convenience_sample_candidate,not_checked,caption_candidates_extracted,True,True,False,False,passed_70_percent_threshold,2,"[{""figure"": 1, ""pdf_page"": 1}, {""figure"": 2, ""pdf_page"": 4}]","Effects of distribution distance and data quantity. When two clients have large distribution distance or large quantities, the local model performs better",Automatically extracted first 22 words starting at a caption-like line; may include neighboring text.,"[""method_or_architecture"", ""uncertainty_or_distribution""]","Bounded browser PDF text windows, not full-paper reading","Bounded proceedings windows; title-prioritized for AI model, method and empirical relevance; not ranked by figure quality."
p0151,Robust One-Class Classification with Signed Distance Function using 1-Lipschitz Neural Networks,"Louis Béthune, Paul Novello, Guillaume Coiffier, Thibaut Boissin, Mathieu Serrurier, Quentin Vincenot, Andres Troya-Galvis",ICML,2023,https://proceedings.mlr.press/v202/bethune23a/bethune23a.pdf,https://proceedings.mlr.press/v202/,2026-09-09,convenience_sample_candidate,not_checked,caption_candidates_extracted,True,True,False,False,passed_70_percent_threshold,1,"[{""figure"": 1, ""pdf_page"": 2}]","Summary of One Class Signed Distance Function (OCSDF). We start with an uniform negative sampling, then we fit a 1- Lipschitz classifier",Automatically extracted first 22 words starting at a caption-like line; may include neighboring text.,"[""qualitative_outputs""]","Bounded browser PDF text windows, not full-paper reading","Bounded proceedings windows; title-prioritized for AI model, method and empirical relevance; not ranked by figure quality."
p0152,Neural Algorithmic Reasoning with Causal Regularisation,"Beatrice Bevilacqua, Kyriacos Nikiforou, Borja Ibarz, Ioana Bica, Michela Paganini, Charles Blundell, Jovana Mitrovic, Petar Veličković",ICML,2023,https://proceedings.mlr.press/v202/bevilacqua23a/bevilacqua23a.pdf,https://proceedings.mlr.press/v202/,2026-09-09,convenience_sample_candidate,not_checked,caption_candidates_extracted,True,True,True,False,passed_70_percent_threshold,4,"[{""figure"": 1, ""pdf_page"": 2}, {""figure"": 2, ""pdf_page"": 3}, {""figure"": 3, ""pdf_page"": 4}, {""figure"": 4, ""pdf_page"": 5}]","An illustration of the key observation of our work, on the depth-first search (DFS) algorithm as implemented in CLRS-30 (Velickovi ˇ c",Automatically extracted first 22 words starting at a caption-like line; may include neighboring text.,"[""worked_example_or_problem"", ""ablation_or_mechanism"", ""uncertainty_or_distribution""]","Bounded browser PDF text windows, not full-paper reading","Bounded proceedings windows; title-prioritized for AI model, method and empirical relevance; not ranked by figure quality."
p0153,Improved Online Conformal Prediction via Strongly Adaptive Online Learning,"Aadyot Bhatnagar, Huan Wang, Caiming Xiong, Yu Bai",ICML,2023,https://proceedings.mlr.press/v202/bhatnagar23a/bhatnagar23a.pdf,https://proceedings.mlr.press/v202/,2026-09-09,convenience_sample_candidate,not_checked,caption_candidates_extracted,True,True,False,False,passed_70_percent_threshold,1,"[{""figure"": 1, ""pdf_page"": 9}]",Local coverage (top row) and prediction set size (second row) achieved by various UQ methods when the distribution shifts between TinyImageNet and,Automatically extracted first 22 words starting at a caption-like line; may include neighboring text.,"[""uncertainty_or_distribution""]","Bounded browser PDF text windows, not full-paper reading","Bounded proceedings windows; title-prioritized for AI model, method and empirical relevance; not ranked by figure quality."
p0154,Data-Copying in Generative Models: A Formal Framework,"Robi Bhattacharjee, Sanjoy Dasgupta, Kamalika Chaudhuri",ICML,2023,https://proceedings.mlr.press/v202/bhattacharjee23a/bhattacharjee23a.pdf,https://proceedings.mlr.press/v202/,2026-09-09,convenience_sample_candidate,not_checked,caption_candidates_extracted,True,True,False,False,passed_70_percent_threshold,2,"[{""figure"": 1, ""pdf_page"": 1}, {""figure"": 2, ""pdf_page"": 3}]","In this figure, the blue points are sampled from the halfmoons dataset (with Gaussian noise). The red points are sampled from a",Automatically extracted first 22 words starting at a caption-like line; may include neighboring text.,"[""worked_example_or_problem"", ""quantitative_comparison"", ""qualitative_outputs"", ""ablation_or_mechanism"", ""uncertainty_or_distribution""]","Bounded browser PDF text windows, not full-paper reading","Bounded proceedings windows; title-prioritized for AI model, method and empirical relevance; not ranked by figure quality."
p0155,Pythia: A Suite for Analyzing Large Language Models Across Training and Scaling,"Stella Biderman, Hailey Schoelkopf, Quentin Gregory Anthony, Herbie Bradley, Kyle O’Brien, Eric Hallahan, Mohammad Aflah Khan, Shivanshu Purohit, Usvsn Sai Prashanth, Edward Raff, Aviya Skowron, Lintang Sutawika, Oskar Van Der Wal",ICML,2023,https://proceedings.mlr.press/v202/biderman23a/biderman23a.pdf,https://proceedings.mlr.press/v202/,2026-09-09,convenience_sample_candidate,not_checked,caption_candidates_extracted,True,True,False,False,passed_70_percent_threshold,4,"[{""figure"": 1, ""pdf_page"": 6}, {""figure"": 2, ""pdf_page"": 6}, {""figure"": 3, ""pdf_page"": 8}, {""figure"": 4, ""pdf_page"": 9}]","The CrowS-Pairs gender bias, shown as the percentage of times that the perplexity of the stereotyping sentence is lower than its less",Automatically extracted first 22 words starting at a caption-like line; may include neighboring text.,"[""worked_example_or_problem"", ""quantitative_comparison"", ""ablation_or_mechanism""]","Bounded browser PDF text windows, not full-paper reading","Bounded proceedings windows; title-prioritized for AI model, method and empirical relevance; not ranked by figure quality."
p0156,StriderNet: A Graph Reinforcement Learning Approach to Optimize Atomic Structures on Rough Energy Landscapes,"Vaibhav Bihani, Sahil Manchanda, Srikanth Sastry, Sayan Ranu, N M Anoop Krishnan",ICML,2023,https://proceedings.mlr.press/v202/bihani23a/bihani23a.pdf,https://proceedings.mlr.press/v202/,2026-09-09,convenience_sample_candidate,not_checked,caption_candidates_extracted,True,True,False,False,passed_70_percent_threshold,2,"[{""figure"": 1, ""pdf_page"": 1}, {""figure"": 2, ""pdf_page"": 4}]","Optimization of 100 atoms LJ system (Colorbar shows node potential energy). Specifically, materials discovery relies on finding stable structures of atomic systems,",Automatically extracted first 22 words starting at a caption-like line; may include neighboring text.,"[""method_or_architecture"", ""efficiency_or_tradeoff""]","Bounded browser PDF text windows, not full-paper reading","Bounded proceedings windows; title-prioritized for AI model, method and empirical relevance; not ranked by figure quality."
p0157,Modeling Temporal Data as Continuous Functions with Stochastic Process Diffusion,"Marin Biloš, Kashif Rasul, Anderson Schneider, Yuriy Nevmyvaka, Stephan Günnemann",ICML,2023,https://proceedings.mlr.press/v202/bilos23a/bilos23a.pdf,https://proceedings.mlr.press/v202/,2026-09-09,convenience_sample_candidate,not_checked,caption_candidates_extracted,True,True,False,False,passed_70_percent_threshold,1,"[{""figure"": 1, ""pdf_page"": 2}]",(Left) We add noise from a stochastic process (SP) to the whole time series at once. The model ϵθ learns to reverse,Automatically extracted first 22 words starting at a caption-like line; may include neighboring text.,"[""uncertainty_or_distribution""]","Bounded browser PDF text windows, not full-paper reading","Bounded proceedings windows; title-prioritized for AI model, method and empirical relevance; not ranked by figure quality."
p0158,In or Out? Fixing ImageNet Out-of-Distribution Detection Evaluation,"Julian Bitterwolf, Maximilian Müller, Matthias Hein",ICML,2023,https://proceedings.mlr.press/v202/bitterwolf23a/bitterwolf23a.pdf,https://proceedings.mlr.press/v202/,2026-09-09,convenience_sample_candidate,not_checked,caption_candidates_extracted,True,True,False,False,passed_70_percent_threshold,4,"[{""figure"": 1, ""pdf_page"": 2}, {""figure"": 2, ""pdf_page"": 3}, {""figure"": 3, ""pdf_page"": 4}, {""figure"": 4, ""pdf_page"": 5}]",Contamination of OOD test sets with ID samples (ImageNet). Blue: ImageNet-1K class found in the image. (Brown): Label of the image in,Automatically extracted first 22 words starting at a caption-like line; may include neighboring text.,"[""worked_example_or_problem"", ""quantitative_comparison""]","Bounded browser PDF text windows, not full-paper reading","Bounded proceedings windows; title-prioritized for AI model, method and empirical relevance; not ranked by figure quality."
p0159,Invariant Slot Attention: Object Discovery with Slot-Centric Reference Frames,"Ondrej Biza, Sjoerd Van Steenkiste, Mehdi S. M. Sajjadi, Gamaleldin Fathy Elsayed, Aravindh Mahendran, Thomas Kipf",ICML,2023,https://proceedings.mlr.press/v202/biza23a/biza23a.pdf,https://proceedings.mlr.press/v202/,2026-09-09,convenience_sample_candidate,not_checked,caption_candidates_extracted,True,True,False,False,passed_70_percent_threshold,3,"[{""figure"": 1, ""pdf_page"": 1}, {""figure"": 3, ""pdf_page"": 4}, {""figure"": 4, ""pdf_page"": 5}]",Left: Input image. Middle: Invariant Slot Attention masks. Right: Decoded images with relative coordinate grids (limited to 6×6 grids for ease of,Automatically extracted first 22 words starting at a caption-like line; may include neighboring text.,"[""worked_example_or_problem"", ""qualitative_outputs""]","Bounded browser PDF text windows, not full-paper reading","Bounded proceedings windows; title-prioritized for AI model, method and empirical relevance; not ranked by figure quality."
p0160,Unit Scaling: Out-of-the-Box Low-Precision Training,"Charlie Blake, Douglas Orr, Carlo Luschi",ICML,2023,https://proceedings.mlr.press/v202/blake23a/blake23a.pdf,https://proceedings.mlr.press/v202/,2026-09-09,convenience_sample_candidate,not_checked,caption_candidates_extracted,True,True,False,False,passed_70_percent_threshold,2,"[{""figure"": 1, ""pdf_page"": 1}, {""figure"": 2, ""pdf_page"": 2}]","Above: Unit scaling of an FFN layer. We multiply each tensor by a fixed scalar to achieve consistent scale, no longer requiring",Automatically extracted first 22 words starting at a caption-like line; may include neighboring text.,"[""efficiency_or_tradeoff"", ""uncertainty_or_distribution""]","Bounded browser PDF text windows, not full-paper reading","Bounded proceedings windows; title-prioritized for AI model, method and empirical relevance; not ranked by figure quality."
p0161,FLEX: an Adaptive Exploration Algorithm for Nonlinear Systems,"Matthieu Blanke, Marc Lelarge",ICML,2023,https://proceedings.mlr.press/v202/blanke23a/blanke23a.pdf,https://proceedings.mlr.press/v202/,2026-09-09,convenience_sample_candidate,not_checked,caption_candidates_extracted,True,True,False,False,passed_70_percent_threshold,1,"[{""figure"": 1, ""pdf_page"": 3}]","Illustration of active exploration for the dynamics of the pendulum. At each time step, an action is chosen (left). The decision is",Automatically extracted first 22 words starting at a caption-like line; may include neighboring text.,"[""worked_example_or_problem"", ""efficiency_or_tradeoff""]","Bounded browser PDF text windows, not full-paper reading","Bounded proceedings windows; title-prioritized for AI model, method and empirical relevance; not ranked by figure quality."
p0162,Not all Strongly Rayleigh Distributions Have Small Probabilistic Generating Circuits,Markus Bläser,ICML,2023,https://proceedings.mlr.press/v202/blaser23a/blaser23a.pdf,https://proceedings.mlr.press/v202/,2026-09-09,convenience_sample_candidate,not_checked,caption_candidates_extracted,True,True,False,False,passed_70_percent_threshold,9,"[{""figure"": 1, ""pdf_page"": 3}, {""figure"": 2, ""pdf_page"": 3}, {""figure"": 3, ""pdf_page"": 3}, {""figure"": 4, ""pdf_page"": 4}, {""figure"": 5, ""pdf_page"": 4}, {""figure"": 6, ""pdf_page"": 4}, {""figure"": 7, ""pdf_page"": 4}, {""figure"": 8, ""pdf_page"": 5}, {""figure"": 9, ""pdf_page"": 5}]",A probabilistic generating circuit representing the polynomial 1 4 xy + 3 8 xz +,Automatically extracted first 22 words starting at a caption-like line; may include neighboring text.,"[""worked_example_or_problem""]","Bounded browser PDF text windows, not full-paper reading","Bounded proceedings windows; title-prioritized for AI model, method and empirical relevance; not ranked by figure quality."
p0163,Learning the Dynamics of Sparsely Observed Interacting Systems,"Linus Bleistein, Adeline Fermanian, Anne-Sophie Jannot, Agathe Guilloux",ICML,2023,https://proceedings.mlr.press/v202/bleistein23a/bleistein23a.pdf,https://proceedings.mlr.press/v202/,2026-09-09,convenience_sample_candidate,not_checked,caption_candidates_extracted,True,True,False,False,passed_70_percent_threshold,1,"[{""figure"": 1, ""pdf_page"": 6}]","The workflow of our model. Starting from the left, the first panel describes our modelling hypothesis: the target and feature time series",Automatically extracted first 22 words starting at a caption-like line; may include neighboring text.,"[""method_or_architecture""]","Bounded browser PDF text windows, not full-paper reading","Bounded proceedings windows; title-prioritized for AI model, method and empirical relevance; not ranked by figure quality."
p0164,Properties of the Mallows Model Depending on the Number of Alternatives: A Warning for an Experimentalist,"Niclas Boehmer, Piotr Faliszewski, Sonja Kraiczy",ICML,2023,https://proceedings.mlr.press/v202/boehmer23b/boehmer23b.pdf,https://proceedings.mlr.press/v202/,2026-09-09,convenience_sample_candidate,not_checked,caption_candidates_extracted,True,True,False,False,passed_70_percent_threshold,2,"[{""figure"": 1, ""pdf_page"": 3}, {""figure"": 2, ""pdf_page"": 4}]",Expected normalized swap distance of a sampled ranking from the central one (solid lines for the classic model and dashed ones for,Automatically extracted first 22 words starting at a caption-like line; may include neighboring text.,[],"Bounded browser PDF text windows, not full-paper reading","Bounded proceedings windows; title-prioritized for AI model, method and empirical relevance; not ranked by figure quality."
p0165,A Robust Optimisation Perspective on Counterexample-Guided Repair of Neural Networks,"David Boetius, Stefan Leue, Tobias Sutter",ICML,2023,https://proceedings.mlr.press/v202/boetius23a/boetius23a.pdf,https://proceedings.mlr.press/v202/,2026-09-09,convenience_sample_candidate,not_checked,caption_candidates_extracted,True,True,False,False,passed_70_percent_threshold,2,"[{""figure"": 1, ""pdf_page"": 8}, {""figure"": 2, ""pdf_page"": 8}]",Optimal vs. Early-Exit Verifier. We plot how frequently repair using the optimal verifier or the early-exit verifier is faster in terms of,Automatically extracted first 22 words starting at a caption-like line; may include neighboring text.,"[""quantitative_comparison"", ""efficiency_or_tradeoff""]","Bounded browser PDF text windows, not full-paper reading","Bounded proceedings windows; title-prioritized for AI model, method and empirical relevance; not ranked by figure quality."
p0166,Beyond the Universal Law of Robustness: Sharper Laws for Random Features and Neural Tangent Kernels,"Simone Bombari, Shayan Kiyani, Marco Mondelli",ICML,2023,https://proceedings.mlr.press/v202/bombari23a/bombari23a.pdf,https://proceedings.mlr.press/v202/,2026-09-09,convenience_sample_candidate,not_checked,caption_candidates_extracted,True,True,False,False,passed_70_percent_threshold,3,"[{""figure"": 1, ""pdf_page"": 5}, {""figure"": 1, ""pdf_page"": 6}, {""figure"": 2, ""pdf_page"": 5}]","Sensitivity as a function of the number of parameters k, for an RF model with synthetic data sampled from a Gaussian distribution",Automatically extracted first 22 words starting at a caption-like line; may include neighboring text.,"[""ablation_or_mechanism"", ""uncertainty_or_distribution""]","Bounded browser PDF text windows, not full-paper reading","Bounded proceedings windows; title-prioritized for AI model, method and empirical relevance; not ranked by figure quality."
p0167,Spherical Fourier Neural Operators: Learning Stable Dynamics on the Sphere,"Boris Bonev, Thorsten Kurth, Christian Hundt, Jaideep Pathak, Maximilian Baust, Karthik Kashinath, Anima Anandkumar",ICML,2023,https://proceedings.mlr.press/v202/bonev23a/bonev23a.pdf,https://proceedings.mlr.press/v202/,2026-09-09,convenience_sample_candidate,not_checked,caption_candidates_extracted,True,True,False,False,passed_70_percent_threshold,3,"[{""figure"": 1, ""pdf_page"": 1}, {""figure"": 2, ""pdf_page"": 5}, {""figure"": 3, ""pdf_page"": 5}]",Qualitative comparison of temperature predictions (t850) over Antarctica at 4380h (730 autoregressive steps). The SFNO shows no visible artifacts even after six-month-long,Automatically extracted first 22 words starting at a caption-like line; may include neighboring text.,"[""quantitative_comparison"", ""efficiency_or_tradeoff"", ""qualitative_outputs"", ""ablation_or_mechanism""]","Bounded browser PDF text windows, not full-paper reading","Bounded proceedings windows; title-prioritized for AI model, method and empirical relevance; not ranked by figure quality."
p0168,The Regret of Exploration and the Control of Bad Episodes in Reinforcement Learning,"Victor Boone, Bruno Gaujal",ICML,2023,https://proceedings.mlr.press/v202/boone23a/boone23a.pdf,https://proceedings.mlr.press/v202/,2026-09-09,convenience_sample_candidate,not_checked,caption_candidates_extracted,True,True,False,False,passed_70_percent_threshold,3,"[{""figure"": 1, ""pdf_page"": 1}, {""figure"": 1, ""pdf_page"": 2}, {""figure"": 2, ""pdf_page"": 2}]","(Two-arm bandit) A MDP with one state and two actions, rewards of the two actions are both Gaussian distributed with unit variance",Automatically extracted first 22 words starting at a caption-like line; may include neighboring text.,"[""uncertainty_or_distribution""]","Bounded browser PDF text windows, not full-paper reading","Bounded proceedings windows; title-prioritized for AI model, method and empirical relevance; not ranked by figure quality."
p0169,Model-agnostic Measure of Generalization Difficulty,"Akhilan Boopathy, Kevin Liu, Jaedong Hwang, Shu Ge, Asaad Mohammedsaleh, Ila R Fiete",ICML,2023,https://proceedings.mlr.press/v202/boopathy23a/boopathy23a.pdf,https://proceedings.mlr.press/v202/,2026-09-09,convenience_sample_candidate,not_checked,caption_candidates_extracted,True,True,False,False,passed_70_percent_threshold,1,"[{""figure"": 1, ""pdf_page"": 3}]",Dividing the hypothesis space of a task. (a) the trade-off between the amount of training data required (sample complexity) vs. the amount,Automatically extracted first 22 words starting at a caption-like line; may include neighboring text.,"[""quantitative_comparison"", ""efficiency_or_tradeoff""]","Bounded browser PDF text windows, not full-paper reading","Bounded proceedings windows; title-prioritized for AI model, method and empirical relevance; not ranked by figure quality."
p0170,Returning The Favour: When Regression Benefits From Probabilistic Causal Knowledge,"Shahine Bouabid, Jake Fawkes, Dino Sejdinovic",ICML,2023,https://proceedings.mlr.press/v202/bouabid23a/bouabid23a.pdf,https://proceedings.mlr.press/v202/,2026-09-09,convenience_sample_candidate,not_checked,caption_candidates_extracted,True,True,False,False,passed_70_percent_threshold,3,"[{""figure"": 1, ""pdf_page"": 1}, {""figure"": 2, ""pdf_page"": 3}, {""figure"": 3, ""pdf_page"": 4}]","When performing regression in a hypothesis space F (blue), we implicitly assume that the data generating process could follow any DAG structure.",Automatically extracted first 22 words starting at a caption-like line; may include neighboring text.,[],"Bounded browser PDF text windows, not full-paper reading","Bounded proceedings windows; title-prioritized for AI model, method and empirical relevance; not ranked by figure quality."
p0171,In Search for a Generalizable Method for Source Free Domain Adaptation,"Malik Boudiaf, Tom Denton, Bart Van Merrienboer, Vincent Dumoulin, Eleni Triantafillou",ICML,2023,https://proceedings.mlr.press/v202/boudiaf23a/boudiaf23a.pdf,https://proceedings.mlr.press/v202/,2026-09-09,convenience_sample_candidate,not_checked,caption_candidates_extracted,True,True,False,False,passed_70_percent_threshold,1,"[{""figure"": 1, ""pdf_page"": 5}]",All but one SFDA method fail to consistently improve the source model in terms of mAP on D test t across distribution,Automatically extracted first 22 words starting at a caption-like line; may include neighboring text.,"[""worked_example_or_problem"", ""quantitative_comparison"", ""uncertainty_or_distribution""]","Bounded browser PDF text windows, not full-paper reading","Bounded proceedings windows; title-prioritized for AI model, method and empirical relevance; not ranked by figure quality."
p0172,Quantum Speedups for Zero-Sum Games via Improved Dynamic Gibbs Sampling,"Adam Bouland, Yosheb M Getachew, Yujia Jin, Aaron Sidford, Kevin Tian",ICML,2023,https://proceedings.mlr.press/v202/bouland23a/bouland23a.pdf,https://proceedings.mlr.press/v202/,2026-09-09,convenience_sample_candidate,not_checked,pdf_text_retrieved,True,False,False,False,passed_70_percent_threshold,0,[],,,[],"Bounded browser PDF text windows, not full-paper reading","Bounded proceedings windows; title-prioritized for AI model, method and empirical relevance; not ranked by figure quality."
p0173,Diffusion Models as Artists: Are we Closing the Gap between Humans and Machines?,"Victor Boutin, Thomas Fel, Lakshya Singhal, Rishav Mukherji, Akash Nagaraj, Julien Colin, Thomas Serre",ICML,2023,https://proceedings.mlr.press/v202/boutin23a/boutin23a.pdf,https://proceedings.mlr.press/v202/,2026-09-09,convenience_sample_candidate,not_checked,caption_candidates_extracted,True,True,False,False,passed_70_percent_threshold,2,"[{""figure"": 1, ""pdf_page"": 1}, {""figure"": 2, ""pdf_page"": 5}]",Can you tell apart human from machine-generated samples in each pair1 ? Machine samples are generated using a CFGDM (see Section 2.2).,Automatically extracted first 22 words starting at a caption-like line; may include neighboring text.,"[""method_or_architecture"", ""qualitative_outputs""]","Bounded browser PDF text windows, not full-paper reading","Bounded proceedings windows; title-prioritized for AI model, method and empirical relevance; not ranked by figure quality."
p0174,ILLUME: Rationalizing Vision-Language Models through Human Interactions,"Manuel Brack, Patrick Schramowski, Björn Deiseroth, Kristian Kersting",ICML,2023,https://proceedings.mlr.press/v202/brack23a/brack23a.pdf,https://proceedings.mlr.press/v202/,2026-09-09,convenience_sample_candidate,not_checked,caption_candidates_extracted,True,True,False,False,passed_70_percent_threshold,1,"[{""figure"": 1, ""pdf_page"": 1}]","ILLUME fine-tuning scheme to transfer reasoning capabilities from language models to vision-language models. Based on a VQA input, (1) we sample multiple",Automatically extracted first 22 words starting at a caption-like line; may include neighboring text.,[],"Bounded browser PDF text windows, not full-paper reading","Bounded proceedings windows; title-prioritized for AI model, method and empirical relevance; not ranked by figure quality."
p0175,Provably Learning Object-Centric Representations,"Jack Brady, Roland S. Zimmermann, Yash Sharma, Bernhard Schölkopf, Julius Von Kügelgen, Wieland Brendel",ICML,2023,https://proceedings.mlr.press/v202/brady23a/brady23a.pdf,https://proceedings.mlr.press/v202/,2026-09-09,convenience_sample_candidate,not_checked,caption_candidates_extracted,True,True,False,False,passed_70_percent_threshold,3,"[{""figure"": 1, ""pdf_page"": 2}, {""figure"": 2, ""pdf_page"": 3}, {""figure"": 3, ""pdf_page"": 4}]",When can unsupervised object-centric representations provably be learned? We assume that observed scenes x comprising K objects are rendered by an unknown,Automatically extracted first 22 words starting at a caption-like line; may include neighboring text.,"[""worked_example_or_problem"", ""qualitative_outputs"", ""ablation_or_mechanism""]","Bounded browser PDF text windows, not full-paper reading","Bounded proceedings windows; title-prioritized for AI model, method and empirical relevance; not ranked by figure quality."
p0176,Quantifying Human Priors over Social and Navigation Networks,Gecia Bravo-Hermsdorff,ICML,2023,https://proceedings.mlr.press/v202/bravo-hermsdorff23a/bravo-hermsdorff23a.pdf,https://proceedings.mlr.press/v202/,2026-09-09,convenience_sample_candidate,not_checked,caption_candidates_extracted,True,True,False,False,passed_70_percent_threshold,2,"[{""figure"": 1, ""pdf_page"": 3}, {""figure"": 2, ""pdf_page"": 4}]",Screenshots of our main experimental interface for two cover stories: social class (left) and navigation park (right). Our online platform allowed participants,Automatically extracted first 22 words starting at a caption-like line; may include neighboring text.,"[""quantitative_comparison""]","Bounded browser PDF text windows, not full-paper reading","Bounded proceedings windows; title-prioritized for AI model, method and empirical relevance; not ranked by figure quality."
p0177,Critical Points and Convergence Analysis of Generative Deep Linear Networks Trained with Bures-Wasserstein Loss,"Pierre Bréchet, Katerina Papagiannouli, Jing An, Guido Montufar",ICML,2023,https://proceedings.mlr.press/v202/brechet23a/brechet23a.pdf,https://proceedings.mlr.press/v202/,2026-09-09,convenience_sample_candidate,not_checked,caption_candidates_extracted,True,True,False,False,passed_70_percent_threshold,1,"[{""figure"": 1, ""pdf_page"": 8}]",Logarithm of the linear convergence rate as a function of the depth N and the minimum singular value σmin(Σ1/2 0 ). In,Automatically extracted first 22 words starting at a caption-like line; may include neighboring text.,[],"Bounded browser PDF text windows, not full-paper reading","Bounded proceedings windows; title-prioritized for AI model, method and empirical relevance; not ranked by figure quality."
p0178,Emergence of Sparse Representations from Noise,"Trenton Bricken, Rylan Schaeffer, Bruno Olshausen, Gabriel Kreiman",ICML,2023,https://proceedings.mlr.press/v202/bricken23a/bricken23a.pdf,https://proceedings.mlr.press/v202/,2026-09-09,convenience_sample_candidate,not_checked,caption_candidates_extracted,True,True,False,False,passed_70_percent_threshold,4,"[{""figure"": 1, ""pdf_page"": 2}, {""figure"": 2, ""pdf_page"": 2}, {""figure"": 3, ""pdf_page"": 4}, {""figure"": 4, ""pdf_page"": 4}]","The three loss objectives introduced by noisy training. We show the distribution of activations across the dataset for an idealized, hypothetical neuron",Automatically extracted first 22 words starting at a caption-like line; may include neighboring text.,"[""worked_example_or_problem"", ""quantitative_comparison"", ""qualitative_outputs"", ""uncertainty_or_distribution""]","Bounded browser PDF text windows, not full-paper reading","Bounded proceedings windows; title-prioritized for AI model, method and empirical relevance; not ranked by figure quality."
p0179,Differentially Private Optimization on Large Model at Small Cost,"Zhiqi Bu, Yu-Xiang Wang, Sheng Zha, George Karypis",ICML,2023,https://proceedings.mlr.press/v202/bu23a/bu23a.pdf,https://proceedings.mlr.press/v202/,2026-09-09,convenience_sample_candidate,not_checked,caption_candidates_extracted,True,True,False,False,passed_70_percent_threshold,4,"[{""figure"": 1, ""pdf_page"": 3}, {""figure"": 2, ""pdf_page"": 4}, {""figure"": 3, ""pdf_page"": 5}, {""figure"": 4, ""pdf_page"": 5}]",Forward pass and back-propagation of the l-th linear layer (standard training is in black; DP training by our bookkeeping algorithm is added,Automatically extracted first 22 words starting at a caption-like line; may include neighboring text.,"[""efficiency_or_tradeoff"", ""ablation_or_mechanism""]","Bounded browser PDF text windows, not full-paper reading","Bounded proceedings windows; title-prioritized for AI model, method and empirical relevance; not ranked by figure quality."
p0180,Machine Learning Force Fields with Data Cost Aware Training,"Alexander Bukharin, Tianyi Liu, Shengjie Wang, Simiao Zuo, Weihao Gao, Wen Yan, Tuo Zhao",ICML,2023,https://proceedings.mlr.press/v202/bukharin23a/bukharin23a.pdf,https://proceedings.mlr.press/v202/,2026-09-09,convenience_sample_candidate,not_checked,caption_candidates_extracted,True,True,False,False,passed_70_percent_threshold,2,"[{""figure"": 1, ""pdf_page"": 2}, {""figure"": 2, ""pdf_page"": 4}]",(a) Log-log plot of the number of training points versus the prediction error for deep force fields (b) Prediction error on CCSD,Automatically extracted first 22 words starting at a caption-like line; may include neighboring text.,"[""method_or_architecture"", ""efficiency_or_tradeoff""]","Bounded browser PDF text windows, not full-paper reading","Bounded proceedings windows; title-prioritized for AI model, method and empirical relevance; not ranked by figure quality."
p0181,What Can Be Learnt With Wide Convolutional Neural Networks?,"Francesco Cagnetta, Alessandro Favero, Matthieu Wyart",ICML,2023,https://proceedings.mlr.press/v202/cagnetta23a/cagnetta23a.pdf,https://proceedings.mlr.press/v202/,2026-09-09,convenience_sample_candidate,not_checked,caption_candidates_extracted,True,True,False,False,passed_70_percent_threshold,1,"[{""figure"": 1, ""pdf_page"": 3}]",Left: Computational skeleton of a convolutional neural network of depth L + 1 = 4 (L = 3 hidden layers). The leaves,Automatically extracted first 22 words starting at a caption-like line; may include neighboring text.,[],"Bounded browser PDF text windows, not full-paper reading","Bounded proceedings windows; title-prioritized for AI model, method and empirical relevance; not ranked by figure quality."
p0182,Causal Discovery with Latent Confounders Based on Higher-Order Cumulants,"Ruichu Cai, Zhiyi Huang, Wei Chen, Zhifeng Hao, Kun Zhang",ICML,2023,https://proceedings.mlr.press/v202/cai23a/cai23a.pdf,https://proceedings.mlr.press/v202/,2026-09-09,convenience_sample_candidate,not_checked,caption_candidates_extracted,True,True,False,False,passed_70_percent_threshold,2,"[{""figure"": 1, ""pdf_page"": 1}, {""figure"": 2, ""pdf_page"": 4}]","Two Directed Acyclic Graphs (DAGs), where the white node represents the latent variable and the grey node represents the observed variable. bility",Automatically extracted first 22 words starting at a caption-like line; may include neighboring text.,"[""worked_example_or_problem"", ""ablation_or_mechanism""]","Bounded browser PDF text windows, not full-paper reading","Bounded proceedings windows; title-prioritized for AI model, method and empirical relevance; not ranked by figure quality."
p0183,On the Connection Between MPNN and Graph Transformer,"Chen Cai, Truong Son Hy, Rose Yu, Yusu Wang",ICML,2023,https://proceedings.mlr.press/v202/cai23b/cai23b.pdf,https://proceedings.mlr.press/v202/,2026-09-09,convenience_sample_candidate,not_checked,caption_candidates_extracted,True,True,False,False,passed_70_percent_threshold,1,"[{""figure"": 1, ""pdf_page"": 1}]",MPNN + VN and Graph Transformers.,Automatically extracted first 22 words starting at a caption-like line; may include neighboring text.,[],"Bounded browser PDF text windows, not full-paper reading","Bounded proceedings windows; title-prioritized for AI model, method and empirical relevance; not ranked by figure quality."
p0184,Ske2Grid: Skeleton-to-Grid Representation Learning for Action Recognition,"Dongqi Cai, Yangyuxuan Kang, Anbang Yao, Yurong Chen",ICML,2023,https://proceedings.mlr.press/v202/cai23c/cai23c.pdf,https://proceedings.mlr.press/v202/,2026-09-09,convenience_sample_candidate,not_checked,caption_candidates_extracted,True,True,False,False,passed_70_percent_threshold,2,"[{""figure"": 1, ""pdf_page"": 1}, {""figure"": 2, ""pdf_page"": 4}]",Comparison of convolution operations in GCNs and in our Ske2Grid. Graph convolution (top-left) typically convolves every node with their neighboring nodes using,Automatically extracted first 22 words starting at a caption-like line; may include neighboring text.,"[""method_or_architecture"", ""quantitative_comparison""]","Bounded browser PDF text windows, not full-paper reading","Bounded proceedings windows; title-prioritized for AI model, method and empirical relevance; not ranked by figure quality."
p0185,Robust Weight Signatures: Gaining Robustness as Easy as Patching Weights?,"Ruisi Cai, Zhenyu Zhang, Zhangyang Wang",ICML,2023,https://proceedings.mlr.press/v202/cai23f/cai23f.pdf,https://proceedings.mlr.press/v202/,2026-09-09,convenience_sample_candidate,not_checked,caption_candidates_extracted,True,True,False,False,passed_70_percent_threshold,5,"[{""figure"": 1, ""pdf_page"": 2}, {""figure"": 2, ""pdf_page"": 3}, {""figure"": 3, ""pdf_page"": 4}, {""figure"": 4, ""pdf_page"": 5}, {""figure"": 5, ""pdf_page"": 5}]",Overview of our pipeline: Step (I): Extract Robust Weight Signatures (RWSs) by comparing the difference between robust models and standard models of,Automatically extracted first 22 words starting at a caption-like line; may include neighboring text.,"[""method_or_architecture"", ""worked_example_or_problem"", ""quantitative_comparison"", ""efficiency_or_tradeoff"", ""qualitative_outputs""]","Bounded browser PDF text windows, not full-paper reading","Bounded proceedings windows; title-prioritized for AI model, method and empirical relevance; not ranked by figure quality."
p0186,Doubly Optimal No-Regret Learning in Monotone Games,"Yang Cai, Weiqiang Zheng",ICML,2023,https://proceedings.mlr.press/v202/cai23g/cai23g.pdf,https://proceedings.mlr.press/v202/,2026-09-09,convenience_sample_candidate,not_checked,caption_candidates_extracted,True,True,False,False,passed_70_percent_threshold,1,"[{""figure"": 1, ""pdf_page"": 9}]",Numerical Results of AOG and OG.,Automatically extracted first 22 words starting at a caption-like line; may include neighboring text.,"[""quantitative_comparison""]","Bounded browser PDF text windows, not full-paper reading","Bounded proceedings windows; title-prioritized for AI model, method and empirical relevance; not ranked by figure quality."
p0187,Multi-Agent Learning from Learners,"Mine Melodi Caliskan, Francesco Chini, Setareh Maghsudi",ICML,2023,https://proceedings.mlr.press/v202/caliskan23a/caliskan23a.pdf,https://proceedings.mlr.press/v202/,2026-09-09,convenience_sample_candidate,not_checked,caption_candidates_extracted,True,True,False,False,passed_70_percent_threshold,1,"[{""figure"": 1, ""pdf_page"": 1}]","Two autonomous cars from different companies might optimize different reward functions which are not directly accessible. For example, one company might prioritize",Automatically extracted first 22 words starting at a caption-like line; may include neighboring text.,"[""worked_example_or_problem"", ""efficiency_or_tradeoff""]","Bounded browser PDF text windows, not full-paper reading","Bounded proceedings windows; title-prioritized for AI model, method and empirical relevance; not ranked by figure quality."
p0188,Efficient Learning of Mesh-Based Physical Simulation with Bi-Stride Multi-Scale Graph Neural Network,"Yadi Cao, Menglei Chai, Minchen Li, Chenfanfu Jiang",ICML,2023,https://proceedings.mlr.press/v202/cao23a/cao23a.pdf,https://proceedings.mlr.press/v202/,2026-09-09,convenience_sample_candidate,not_checked,caption_candidates_extracted,True,True,False,False,passed_70_percent_threshold,5,"[{""figure"": 1, ""pdf_page"": 2}, {""figure"": 2, ""pdf_page"": 3}, {""figure"": 3, ""pdf_page"": 3}, {""figure"": 4, ""pdf_page"": 5}, {""figure"": 5, ""pdf_page"": 5}]","Issues of existing multi-level GNNs. (a) A learnable pooling (Gao & Ji, 2019) may lead to loss of connectivity even after 2",Automatically extracted first 22 words starting at a caption-like line; may include neighboring text.,"[""method_or_architecture"", ""worked_example_or_problem""]","Bounded browser PDF text windows, not full-paper reading","Bounded proceedings windows; title-prioritized for AI model, method and empirical relevance; not ranked by figure quality."
p0189,Learning Lightweight Object Detectors via Multi-Teacher Progressive Distillation,"Shengcao Cao, Mengtian Li, James Hays, Deva Ramanan, Yu-Xiong Wang, Liangyan Gui",ICML,2023,https://proceedings.mlr.press/v202/cao23c/cao23c.pdf,https://proceedings.mlr.press/v202/,2026-09-09,convenience_sample_candidate,not_checked,caption_candidates_extracted,True,True,False,False,passed_70_percent_threshold,3,"[{""figure"": 1, ""pdf_page"": 1}, {""figure"": 2, ""pdf_page"": 4}, {""figure"": 3, ""pdf_page"": 5}]",Our proposed Multi-Teacher Progressive Distillation (MTPD) leads to state-of-the-art student detection performance. When switching the teacher model from a convolutionbased detector to,Automatically extracted first 22 words starting at a caption-like line; may include neighboring text.,"[""method_or_architecture"", ""worked_example_or_problem"", ""quantitative_comparison"", ""efficiency_or_tradeoff""]","Bounded browser PDF text windows, not full-paper reading","Bounded proceedings windows; title-prioritized for AI model, method and empirical relevance; not ranked by figure quality."
p0190,State and parameter learning with PARIS particle Gibbs,"Gabriel Cardoso, Yazid Janati El Idrissi, Sylvain Le Corff, Eric Moulines, Jimmy Olsson",ICML,2023,https://proceedings.mlr.press/v202/cardoso23a/cardoso23a.pdf,https://proceedings.mlr.press/v202/,2026-09-09,convenience_sample_candidate,not_checked,caption_candidates_extracted,True,True,False,False,passed_70_percent_threshold,2,"[{""figure"": 1, ""pdf_page"": 8}, {""figure"": 2, ""pdf_page"": 8}]","PARIS and PPG outputs for the LGSSM for C = 500, yellow boxes correspond to PPG outputs produced using N ∈ {10,",Automatically extracted first 22 words starting at a caption-like line; may include neighboring text.,"[""uncertainty_or_distribution""]","Bounded browser PDF text windows, not full-paper reading","Bounded proceedings windows; title-prioritized for AI model, method and empirical relevance; not ranked by figure quality."
p0191,Grounding Large Language Models in Interactive Environments with Online Reinforcement Learning,"Thomas Carta, Clément Romac, Thomas Wolf, Sylvain Lamprier, Olivier Sigaud, Pierre-Yves Oudeyer",ICML,2023,https://proceedings.mlr.press/v202/carta23a/carta23a.pdf,https://proceedings.mlr.press/v202/,2026-09-09,convenience_sample_candidate,not_checked,caption_candidates_extracted,True,True,False,False,passed_70_percent_threshold,1,"[{""figure"": 1, ""pdf_page"": 3}]",The GLAM method: we use an LLM as agent policy in an interactive textual RL environment (BabyAI-Text) where the LLM is trained,Automatically extracted first 22 words starting at a caption-like line; may include neighboring text.,[],"Bounded browser PDF text windows, not full-paper reading","Bounded proceedings windows; title-prioritized for AI model, method and empirical relevance; not ranked by figure quality."
p0192,Stein Variational Goal Generation for adaptive Exploration in Multi-Goal Reinforcement Learning,"Nicolas Castanet, Olivier Sigaud, Sylvain Lamprier",ICML,2023,https://proceedings.mlr.press/v202/castanet23a/castanet23a.pdf,https://proceedings.mlr.press/v202/,2026-09-09,convenience_sample_candidate,not_checked,caption_candidates_extracted,True,True,False,False,passed_70_percent_threshold,1,"[{""figure"": 1, ""pdf_page"": 5}]",Overview of the SVGG method. The interaction of agents with their environment is stored in a replay buffer (top right) and used,Automatically extracted first 22 words starting at a caption-like line; may include neighboring text.,"[""method_or_architecture"", ""uncertainty_or_distribution""]","Bounded browser PDF text windows, not full-paper reading","Bounded proceedings windows; title-prioritized for AI model, method and empirical relevance; not ranked by figure quality."
p0193,Scalable Safe Policy Improvement via Monte Carlo Tree Search,"Alberto Castellini, Federico Bianchi, Edoardo Zorzi, Thiago D. Simão, Alessandro Farinelli, Matthijs T. J. Spaan",ICML,2023,https://proceedings.mlr.press/v202/castellini23a/castellini23a.pdf,https://proceedings.mlr.press/v202/,2026-09-09,convenience_sample_candidate,not_checked,caption_candidates_extracted,True,True,False,False,passed_70_percent_threshold,1,"[{""figure"": 1, ""pdf_page"": 4}]",Action selection strategy of MCTS-SPIBB: flow chart. action with probability p s B = 1 − p s,Automatically extracted first 22 words starting at a caption-like line; may include neighboring text.,[],"Bounded browser PDF text windows, not full-paper reading","Bounded proceedings windows; title-prioritized for AI model, method and empirical relevance; not ranked by figure quality."
p0194,LESS-VFL: Communication-Efficient Feature Selection for Vertical Federated Learning,"Timothy Castiglia, Yi Zhou, Shiqiang Wang, Swanand Kadhe, Nathalie Baracaldo, Stacy Patterson",ICML,2023,https://proceedings.mlr.press/v202/castiglia23a/castiglia23a.pdf,https://proceedings.mlr.press/v202/,2026-09-09,convenience_sample_candidate,not_checked,caption_candidates_extracted,True,True,False,False,passed_70_percent_threshold,2,"[{""figure"": 1, ""pdf_page"": 1}, {""figure"": 2, ""pdf_page"": 2}]",Example VFL model architecture. Non-significant features and embedding components (in gray) are removed after training with LESS-VFL. where parties store a shared,Automatically extracted first 22 words starting at a caption-like line; may include neighboring text.,"[""method_or_architecture"", ""worked_example_or_problem"", ""quantitative_comparison"", ""ablation_or_mechanism"", ""uncertainty_or_distribution""]","Bounded browser PDF text windows, not full-paper reading","Bounded proceedings windows; title-prioritized for AI model, method and empirical relevance; not ranked by figure quality."
p0195,On the Robustness of Text Vectorizers,"Rémi Catellier, Samuel Vaiter, Damien Garreau",ICML,2023,https://proceedings.mlr.press/v202/catellier23a/catellier23a.pdf,https://proceedings.mlr.press/v202/,2026-09-09,convenience_sample_candidate,not_checked,caption_candidates_extracted,True,True,False,False,passed_70_percent_threshold,2,"[{""figure"": 1, ""pdf_page"": 4}, {""figure"": 2, ""pdf_page"": 5}]","Normalized TF-IDF, influence of T. Documents of increasing length t, 5 random replacements. Proposition 4.2 gives a bound in O(1/ √ T).",Automatically extracted first 22 words starting at a caption-like line; may include neighboring text.,[],"Bounded browser PDF text windows, not full-paper reading","Bounded proceedings windows; title-prioritized for AI model, method and empirical relevance; not ranked by figure quality."
p0196,Learning Globally Smooth Functions on Manifolds,"Juan Cervino, Luiz F. O. Chamon, Benjamin David Haeffele, Rene Vidal, Alejandro Ribeiro",ICML,2023,https://proceedings.mlr.press/v202/cervino23a/cervino23a.pdf,https://proceedings.mlr.press/v202/,2026-09-09,convenience_sample_candidate,not_checked,caption_candidates_extracted,True,True,False,False,passed_70_percent_threshold,1,"[{""figure"": 1, ""pdf_page"": 2}]","Two moons dataset. The setting consists of a two dimensional classification problem of two classes with 1 labeled, and 200 unlabeled samples",Automatically extracted first 22 words starting at a caption-like line; may include neighboring text.,"[""worked_example_or_problem"", ""ablation_or_mechanism""]","Bounded browser PDF text windows, not full-paper reading","Bounded proceedings windows; title-prioritized for AI model, method and empirical relevance; not ranked by figure quality."
p0197,Orthogonality-Enforced Latent Space in Autoencoders: An Approach to Learning Disentangled Representations,"Jaehoon Cha, Jeyan Thiyagalingam",ICML,2023,https://proceedings.mlr.press/v202/cha23b/cha23b.pdf,https://proceedings.mlr.press/v202/,2026-09-09,convenience_sample_candidate,not_checked,caption_candidates_extracted,True,True,False,False,passed_70_percent_threshold,1,"[{""figure"": 1, ""pdf_page"": 2}]","Latent spaces learned by different models. Ideal latent space should cover a two-dimensional grid (Higgins et al., 2018). The first, second and",Automatically extracted first 22 words starting at a caption-like line; may include neighboring text.,[],"Bounded browser PDF text windows, not full-paper reading","Bounded proceedings windows; title-prioritized for AI model, method and empirical relevance; not ranked by figure quality."
p0198,STEERING : Stein Information Directed Exploration for Model-Based Reinforcement Learning,"Souradip Chakraborty, Amrit Bedi, Alec Koppel, Mengdi Wang, Furong Huang, Dinesh Manocha",ICML,2023,https://proceedings.mlr.press/v202/chakraborty23a/chakraborty23a.pdf,https://proceedings.mlr.press/v202/,2026-09-09,convenience_sample_candidate,not_checked,caption_candidates_extracted,True,True,False,False,passed_70_percent_threshold,2,"[{""figure"": 1, ""pdf_page"": 1}, {""figure"": 2, ""pdf_page"": 3}]",(Directed exploration) This figure illustrates that information-directed sampling (IDS) focuses on the distance between the current sample at episode k and the,Automatically extracted first 22 words starting at a caption-like line; may include neighboring text.,"[""method_or_architecture"", ""worked_example_or_problem"", ""quantitative_comparison"", ""efficiency_or_tradeoff""]","Bounded browser PDF text windows, not full-paper reading","Bounded proceedings windows; title-prioritized for AI model, method and empirical relevance; not ranked by figure quality."
p0199,Representations and Exploration for Deep Reinforcement Learning using Singular Value Decomposition,"Yash Chandak, Shantanu Thakoor, Zhaohan Daniel Guo, Yunhao Tang, Remi Munos, Will Dabney, Diana L Borsa",ICML,2023,https://proceedings.mlr.press/v202/chandak23a/chandak23a.pdf,https://proceedings.mlr.press/v202/,2026-09-09,convenience_sample_candidate,not_checked,caption_candidates_extracted,True,True,False,False,passed_70_percent_threshold,2,"[{""figure"": 2, ""pdf_page"": 4}, {""figure"": 3, ""pdf_page"": 5}]",(A) State visitation frequency in the data collected using a random policy. (B) Reference colors for the states in the 4rooms. (C),Automatically extracted first 22 words starting at a caption-like line; may include neighboring text.,"[""worked_example_or_problem""]","Bounded browser PDF text windows, not full-paper reading","Bounded proceedings windows; title-prioritized for AI model, method and empirical relevance; not ranked by figure quality."
p0200,Memory-Based Dual Gaussian Processes for Sequential Learning,"Paul Edmund Chang, Prakhar Verma, S. T. John, Arno Solin, Mohammad Emtiyaz Khan",ICML,2023,https://proceedings.mlr.press/v202/chang23a/chang23a.pdf,https://proceedings.mlr.press/v202/,2026-09-09,convenience_sample_candidate,not_checked,caption_candidates_extracted,True,True,False,False,passed_70_percent_threshold,1,"[{""figure"": 1, ""pdf_page"": 1}]","Our sequential learning method provides an accurate posterior (top), kernel hyperparameters (middle), and sparse representation (bottom). A key contribution is to add",Automatically extracted first 22 words starting at a caption-like line; may include neighboring text.,"[""efficiency_or_tradeoff""]","Bounded browser PDF text windows, not full-paper reading","Bounded proceedings windows; title-prioritized for AI model, method and empirical relevance; not ranked by figure quality."
p0201,A New Representation of Successor Features for Transfer across Dissimilar Environments,"Majid Abdolshah, Hung Le, Thommen Karimpanal George, Sunil Gupta, Santu Rana, Svetha Venkatesh",ICML,2021,https://proceedings.mlr.press/v139/abdolshah21a/abdolshah21a.pdf,https://proceedings.mlr.press/v139/,2026-09-09,convenience_sample_candidate,not_checked,caption_candidates_extracted,True,True,False,False,passed_70_percent_threshold,1,"[{""figure"": 1, ""pdf_page"": 3}]",Our proposed approach uses GPs to model the source successor features functions (ψ˜πs) as noisy measurements for the target successor features functions,Automatically extracted first 22 words starting at a caption-like line; may include neighboring text.,"[""worked_example_or_problem""]","Bounded browser PDF text windows, not full-paper reading","Bounded proceedings windows; title-prioritized for AI model, method and empirical relevance; not ranked by figure quality."
p0202,Massively Parallel and Asynchronous Tsetlin Machine Architecture Supporting Almost Constant-Time Scaling,"Kuruge Darshana Abeyrathna, Bimal Bhattarai, Morten Goodwin, Saeed Rahimi Gorji, Ole-Christoffer Granmo, Lei Jiao, Rupsa Saha, Rohan K. Yadav",ICML,2021,https://proceedings.mlr.press/v139/abeyrathna21a/abeyrathna21a.pdf,https://proceedings.mlr.press/v139/,2026-09-09,convenience_sample_candidate,not_checked,caption_candidates_extracted,True,True,False,False,passed_70_percent_threshold,2,"[{""figure"": 1, ""pdf_page"": 3}, {""figure"": 2, ""pdf_page"": 4}]","TM learning dynamics for an XOR-gate training sample, with input (x1 = 0, x2 = 1) and output target y = 1.",Automatically extracted first 22 words starting at a caption-like line; may include neighboring text.,"[""method_or_architecture"", ""worked_example_or_problem""]","Bounded browser PDF text windows, not full-paper reading","Bounded proceedings windows; title-prioritized for AI model, method and empirical relevance; not ranked by figure quality."
p0203,Debiasing Model Updates for Improving Personalized Federated Training,"Durmus Alp Emre Acar, Yue Zhao, Ruizhao Zhu, Ramon Matas, Matthew Mattina, Paul Whatmough, Venkatesh Saligrama",ICML,2021,https://proceedings.mlr.press/v139/acar21a/acar21a.pdf,https://proceedings.mlr.press/v139/,2026-09-09,convenience_sample_candidate,not_checked,caption_candidates_extracted,True,True,False,False,passed_70_percent_threshold,1,"[{""figure"": 1, ""pdf_page"": 4}]",Toy example with three devices in a two dimensional parameter space. Only device 1 is active in the current round. In Fallah,Automatically extracted first 22 words starting at a caption-like line; may include neighboring text.,"[""worked_example_or_problem""]","Bounded browser PDF text windows, not full-paper reading","Bounded proceedings windows; title-prioritized for AI model, method and empirical relevance; not ranked by figure quality."
p0204,Memory Efficient Online Meta Learning,"Durmus Alp Emre Acar, Ruizhao Zhu, Venkatesh Saligrama",ICML,2021,https://proceedings.mlr.press/v139/acar21b/acar21b.pdf,https://proceedings.mlr.press/v139/,2026-09-09,convenience_sample_candidate,not_checked,caption_candidates_extracted,True,True,False,False,passed_70_percent_threshold,1,"[{""figure"": 1, ""pdf_page"": 4}]","A two dimensional online learning setting with T = 6 losses. The current loss pulls the model towards its minima. However, the",Automatically extracted first 22 words starting at a caption-like line; may include neighboring text.,[],"Bounded browser PDF text windows, not full-paper reading","Bounded proceedings windows; title-prioritized for AI model, method and empirical relevance; not ranked by figure quality."
p0205,Robust Testing and Estimation under Manipulation Attacks,"Jayadev Acharya, Ziteng Sun, Huanyu Zhang",ICML,2021,https://proceedings.mlr.press/v139/acharya21a/acharya21a.pdf,https://proceedings.mlr.press/v139/,2026-09-09,convenience_sample_candidate,not_checked,caption_candidates_extracted,True,True,False,False,passed_70_percent_threshold,1,"[{""figure"": 1, ""pdf_page"": 1}]",The information-constrained distributed model with manipulation attack. The shaded messages are manipulated. Problem setup. Let 4k be the simplex of all distributions,Automatically extracted first 22 words starting at a caption-like line; may include neighboring text.,"[""worked_example_or_problem"", ""uncertainty_or_distribution""]","Bounded browser PDF text windows, not full-paper reading","Bounded proceedings windows; title-prioritized for AI model, method and empirical relevance; not ranked by figure quality."
p0206,GP-Tree: A Gaussian Process Classifier for Few-Shot Incremental Learning,"Idan Achituve, Aviv Navon, Yochai Yemini, Gal Chechik, Ethan Fetaya",ICML,2021,https://proceedings.mlr.press/v139/achituve21a/achituve21a.pdf,https://proceedings.mlr.press/v139/,2026-09-09,convenience_sample_candidate,not_checked,caption_candidates_extracted,True,True,False,False,passed_70_percent_threshold,1,"[{""figure"": 1, ""pdf_page"": 4}]",The trees corresponding to the multinomial stick break model (left) and the GP-Tree model (right) for CIFAR-10. The multinomial stick break generates,Automatically extracted first 22 words starting at a caption-like line; may include neighboring text.,"[""worked_example_or_problem""]","Bounded browser PDF text windows, not full-paper reading","Bounded proceedings windows; title-prioritized for AI model, method and empirical relevance; not ranked by figure quality."
p0207,f-Domain Adversarial Learning: Theory and Algorithms,"David Acuna, Guojun Zhang, Marc T. Law, Sanja Fidler",ICML,2021,https://proceedings.mlr.press/v139/acuna21a/acuna21a.pdf,https://proceedings.mlr.press/v139/,2026-09-09,convenience_sample_candidate,not_checked,caption_candidates_extracted,True,True,False,False,passed_70_percent_threshold,4,"[{""figure"": 1, ""pdf_page"": 5}, {""figure"": 2, ""pdf_page"": 6}, {""figure"": 3, ""pdf_page"": 6}, {""figure"": 4, ""pdf_page"": 7}]","f-DAL framework. We interpret h : X → Y as the composition of two networks h = hˆ ◦ g, where g",Automatically extracted first 22 words starting at a caption-like line; may include neighboring text.,"[""method_or_architecture"", ""quantitative_comparison"", ""qualitative_outputs""]","Bounded browser PDF text windows, not full-paper reading","Bounded proceedings windows; title-prioritized for AI model, method and empirical relevance; not ranked by figure quality."
p0208,Acceleration via Fractal Learning Rate Schedules,"Naman Agarwal, Surbhi Goel, Cyril Zhang",ICML,2021,https://proceedings.mlr.press/v139/agarwal21a/agarwal21a.pdf,https://proceedings.mlr.press/v139/,2026-09-09,convenience_sample_candidate,not_checked,caption_candidates_extracted,True,True,False,False,passed_70_percent_threshold,3,"[{""figure"": 1, ""pdf_page"": 1}, {""figure"": 2, ""pdf_page"": 4}, {""figure"": 3, ""pdf_page"": 5}]","Visualization of the Chebyshev nodes γt, their corresponding step sizes γ −1 t , and the fractal permutation (Lebedev & Finogenov, 1971)",Automatically extracted first 22 words starting at a caption-like line; may include neighboring text.,"[""quantitative_comparison"", ""qualitative_outputs""]","Bounded browser PDF text windows, not full-paper reading","Bounded proceedings windows; title-prioritized for AI model, method and empirical relevance; not ranked by figure quality."
p0209,A Regret Minimization Approach to Iterative Learning Control,"Naman Agarwal, Elad Hazan, Anirudha Majumdar, Karan Singh",ICML,2021,https://proceedings.mlr.press/v139/agarwal21b/agarwal21b.pdf,https://proceedings.mlr.press/v139/,2026-09-09,convenience_sample_candidate,not_checked,caption_candidates_extracted,True,True,False,False,passed_70_percent_threshold,1,"[{""figure"": 1, ""pdf_page"": 8}]","On top is a linear system, Double Integrator, setup subject to: (L) constant offset, (M) offset that increments with rollout count, (R)",Automatically extracted first 22 words starting at a caption-like line; may include neighboring text.,"[""quantitative_comparison""]","Bounded browser PDF text windows, not full-paper reading","Bounded proceedings windows; title-prioritized for AI model, method and empirical relevance; not ranked by figure quality."
p0210,Towards the Unification and Robustness of Perturbation and Gradient Based Explanations,"Sushant Agarwal, Shahin Jabbari, Chirag Agarwal, Sohini Upadhyay, Steven Wu, Himabindu Lakkaraju",ICML,2021,https://proceedings.mlr.press/v139/agarwal21c/agarwal21c.pdf,https://proceedings.mlr.press/v139/,2026-09-09,convenience_sample_candidate,not_checked,caption_candidates_extracted,True,True,False,False,passed_70_percent_threshold,5,"[{""figure"": 1, ""pdf_page"": 6}, {""figure"": 2, ""pdf_page"": 6}, {""figure"": 3, ""pdf_page"": 7}, {""figure"": 4, ""pdf_page"": 8}, {""figure"": 5, ""pdf_page"": 8}]",The decision boundary for the model trained on the simulated data. Each point corresponds to a point in our dataset. Purple and,Automatically extracted first 22 words starting at a caption-like line; may include neighboring text.,"[""quantitative_comparison""]","Bounded browser PDF text windows, not full-paper reading","Bounded proceedings windows; title-prioritized for AI model, method and empirical relevance; not ranked by figure quality."
p0211,How Does Loss Function Affect Generalization Performance of Deep Learning? Application to Human Age Estimation,"Ali Akbari, Muhammad Awais, Manijeh Bashar, Josef Kittler",ICML,2021,https://proceedings.mlr.press/v139/akbari21a/akbari21a.pdf,https://proceedings.mlr.press/v139/,2026-09-09,convenience_sample_candidate,not_checked,caption_candidates_extracted,True,True,False,False,passed_70_percent_threshold,1,"[{""figure"": 1, ""pdf_page"": 5}]",Absolute value of the derivative of the loss functions at different points x. Proof. This lemma can be easily proved from the,Automatically extracted first 22 words starting at a caption-like line; may include neighboring text.,[],"Bounded browser PDF text windows, not full-paper reading","Bounded proceedings windows; title-prioritized for AI model, method and empirical relevance; not ranked by figure quality."
p0212,On Learnability via Gradient Method for Two-Layer ReLU Neural Networks in Teacher-Student Setting,"Shunta Akiyama, Taiji Suzuki",ICML,2021,https://proceedings.mlr.press/v139/akiyama21a/akiyama21a.pdf,https://proceedings.mlr.press/v139/,2026-09-09,convenience_sample_candidate,not_checked,caption_candidates_extracted,True,True,False,False,passed_70_percent_threshold,3,"[{""figure"": 1, ""pdf_page"": 8}, {""figure"": 2, ""pdf_page"": 9}, {""figure"": 3, ""pdf_page"": 9}]","Illustration of the optimization dynamics with d = 2 and m = 2. The true parameters are indicated by ?, the initial",Automatically extracted first 22 words starting at a caption-like line; may include neighboring text.,"[""method_or_architecture"", ""worked_example_or_problem"", ""quantitative_comparison""]","Bounded browser PDF text windows, not full-paper reading","Bounded proceedings windows; title-prioritized for AI model, method and empirical relevance; not ranked by figure quality."
p0213,Slot Machines: Discovering Winning Combinations of Random Weights in Neural Networks,"Maxwell M Aladago, Lorenzo Torresani",ICML,2021,https://proceedings.mlr.press/v139/aladago21a/aladago21a.pdf,https://proceedings.mlr.press/v139/,2026-09-09,convenience_sample_candidate,not_checked,caption_candidates_extracted,True,True,False,False,passed_70_percent_threshold,2,"[{""figure"": 1, ""pdf_page"": 3}, {""figure"": 2, ""pdf_page"": 5}]",Our method assigns a set of K random weight options to each connection (we use K = 3 in this illustration). During,Automatically extracted first 22 words starting at a caption-like line; may include neighboring text.,"[""method_or_architecture"", ""worked_example_or_problem"", ""quantitative_comparison""]","Bounded browser PDF text windows, not full-paper reading","Bounded proceedings windows; title-prioritized for AI model, method and empirical relevance; not ranked by figure quality."
p0214,A large-scale benchmark for few-shot program induction and synthesis,"Ferran Alet, Javier Lopez-Contreras, James Koppel, Maxwell Nye, Armando Solar-Lezama, Tomas Lozano-Perez, Leslie Kaelbling, Joshua Tenenbaum",ICML,2021,https://proceedings.mlr.press/v139/alet21a/alet21a.pdf,https://proceedings.mlr.press/v139/,2026-09-09,convenience_sample_candidate,not_checked,caption_candidates_extracted,True,True,False,False,passed_70_percent_threshold,1,"[{""figure"": 1, ""pdf_page"": 1}]","Extracting interesting subprograms from the Sieve of Erathostenes. Some subprograms, like j = max (p, dn/pe) p, are byproducts that are not",Automatically extracted first 22 words starting at a caption-like line; may include neighboring text.,"[""qualitative_outputs""]","Bounded browser PDF text windows, not full-paper reading","Bounded proceedings windows; title-prioritized for AI model, method and empirical relevance; not ranked by figure quality."
p0215,Robust Pure Exploration in Linear Bandits with Limited Budget,"Ayya Alieva, Ashok Cutkosky, Abhimanyu Das",ICML,2021,https://proceedings.mlr.press/v139/alieva21a/alieva21a.pdf,https://proceedings.mlr.press/v139/,2026-09-09,convenience_sample_candidate,not_checked,caption_candidates_extracted,True,True,False,False,passed_70_percent_threshold,2,"[{""figure"": 1, ""pdf_page"": 7}, {""figure"": 2, ""pdf_page"": 8}]","Probabilities of algorithms returning the best arm. Error bars are the standard error, averaged over 200 trials. Budget is T = 800,",Automatically extracted first 22 words starting at a caption-like line; may include neighboring text.,"[""quantitative_comparison""]","Bounded browser PDF text windows, not full-paper reading","Bounded proceedings windows; title-prioritized for AI model, method and empirical relevance; not ranked by figure quality."
p0216,Communication-Efficient Distributed Optimization with Quantized Preconditioners,"Foivos Alimisis, Peter Davies, Dan Alistarh",ICML,2021,https://proceedings.mlr.press/v139/alimisis21a/alimisis21a.pdf,https://proceedings.mlr.press/v139/,2026-09-09,convenience_sample_candidate,not_checked,pdf_text_retrieved,True,False,False,False,passed_70_percent_threshold,0,[],,,[],"Bounded browser PDF text windows, not full-paper reading","Bounded proceedings windows; title-prioritized for AI model, method and empirical relevance; not ranked by figure quality."
p0217,Submodular Maximization subject to a Knapsack Constraint: Combinatorial Algorithms with Near-optimal Adaptive Complexity,"Georgios Amanatidis, Federico Fusco, Philip Lazos, Stefano Leonardi, Alberto Marchetti-Spaccamela, Rebecca Reiffenhäuser",ICML,2021,https://proceedings.mlr.press/v139/amanatidis21a/amanatidis21a.pdf,https://proceedings.mlr.press/v139/,2026-09-09,convenience_sample_candidate,not_checked,caption_candidates_extracted,True,True,False,False,passed_70_percent_threshold,2,"[{""figure"": 1, ""pdf_page"": 8}, {""figure"": 2, ""pdf_page"": 9}]","Each of the columns contains two plots, corresponding to the same submodular problem. The top row contains the objective function value for",Automatically extracted first 22 words starting at a caption-like line; may include neighboring text.,"[""worked_example_or_problem"", ""quantitative_comparison""]","Bounded browser PDF text windows, not full-paper reading","Bounded proceedings windows; title-prioritized for AI model, method and empirical relevance; not ranked by figure quality."
p0218,Safe Reinforcement Learning with Linear Function Approximation,"Sanae Amani, Christos Thrampoulidis, Lin Yang",ICML,2021,https://proceedings.mlr.press/v139/amani21a/amani21a.pdf,https://proceedings.mlr.press/v139/,2026-09-09,convenience_sample_candidate,not_checked,caption_candidates_extracted,True,True,False,False,passed_70_percent_threshold,2,"[{""figure"": 1, ""pdf_page"": 8}, {""figure"": 2, ""pdf_page"": 9}]","Comparison of SLUCB-QVI to the unsafe state-of-theart verifying that: 1) when LSVI-UCB (Jin et al., 2020) has knowledge of γ ∗ h",Automatically extracted first 22 words starting at a caption-like line; may include neighboring text.,"[""quantitative_comparison"", ""ablation_or_mechanism""]","Bounded browser PDF text windows, not full-paper reading","Bounded proceedings windows; title-prioritized for AI model, method and empirical relevance; not ranked by figure quality."
p0219,Sparse Bayesian Learning via Stepwise Regression,"Sebastian E. Ament, Carla P. Gomes",ICML,2021,https://proceedings.mlr.press/v139/ament21a/ament21a.pdf,https://proceedings.mlr.press/v139/,2026-09-09,convenience_sample_candidate,not_checked,caption_candidates_extracted,True,True,False,False,passed_70_percent_threshold,3,"[{""figure"": 1, ""pdf_page"": 6}, {""figure"": 2, ""pdf_page"": 8}, {""figure"": 3, ""pdf_page"": 9}]","Comparing existing probabilistic bounds of (Cai and Wang, 2011) to Theorem 4.5 for a matrix with m = 16 columns, where δ",Automatically extracted first 22 words starting at a caption-like line; may include neighboring text.,[],"Bounded browser PDF text windows, not full-paper reading","Bounded proceedings windows; title-prioritized for AI model, method and empirical relevance; not ranked by figure quality."
p0220,Preferential Temporal Difference Learning,"Nishanth Anand, Doina Precup",ICML,2021,https://proceedings.mlr.press/v139/anand21a/anand21a.pdf,https://proceedings.mlr.press/v139/,2026-09-09,convenience_sample_candidate,not_checked,caption_candidates_extracted,True,True,False,False,passed_70_percent_threshold,1,"[{""figure"": 1, ""pdf_page"": 2}]","Delayed effect MDPs: decision states are shown as boxes, goal states are shown in circles. Feature vectors are specified next to the",Automatically extracted first 22 words starting at a caption-like line; may include neighboring text.,[],"Bounded browser PDF text windows, not full-paper reading","Bounded proceedings windows; title-prioritized for AI model, method and empirical relevance; not ranked by figure quality."
p0221,Unitary Branching Programs: Learnability and Lower Bounds,"Fidel Ernesto Diaz Andino, Maria Kokkou, Mateus De Oliveira Oliveira, Farhad Vadiee",ICML,2021,https://proceedings.mlr.press/v139/andino21a/andino21a.pdf,https://proceedings.mlr.press/v139/,2026-09-09,convenience_sample_candidate,not_checked,caption_candidates_extracted,True,True,False,False,passed_70_percent_threshold,1,"[{""figure"": 1, ""pdf_page"": 8}]",Average time in seconds needed to learn a dimension-3 unitary branching program consistent with an n-dataset up to a given accuracy. For,Automatically extracted first 22 words starting at a caption-like line; may include neighboring text.,"[""quantitative_comparison""]","Bounded browser PDF text windows, not full-paper reading","Bounded proceedings windows; title-prioritized for AI model, method and empirical relevance; not ranked by figure quality."
p0222,Deciding What to Learn: A Rate-Distortion Approach,"Dilip Arumugam, Benjamin Van Roy",ICML,2021,https://proceedings.mlr.press/v139/arumugam21a/arumugam21a.pdf,https://proceedings.mlr.press/v139/,2026-09-09,convenience_sample_candidate,not_checked,caption_candidates_extracted,True,True,False,False,passed_70_percent_threshold,3,"[{""figure"": 1, ""pdf_page"": 6}, {""figure"": 2, ""pdf_page"": 7}, {""figure"": 3, ""pdf_page"": 8}]","Bernoulli bandit with independent arms Theorem 3. If β = T Γ then, for all target actions A˜ and τ = 0,",Automatically extracted first 22 words starting at a caption-like line; may include neighboring text.,"[""quantitative_comparison"", ""efficiency_or_tradeoff""]","Bounded browser PDF text windows, not full-paper reading","Bounded proceedings windows; title-prioritized for AI model, method and empirical relevance; not ranked by figure quality."
p0223,Private Adaptive Gradient Methods for Convex Optimization,"Hilal Asi, John Duchi, Alireza Fallah, Omid Javidbakht, Kunal Talwar",ICML,2021,https://proceedings.mlr.press/v139/asi21a/asi21a.pdf,https://proceedings.mlr.press/v139/,2026-09-09,convenience_sample_candidate,not_checked,caption_candidates_extracted,True,True,False,False,passed_70_percent_threshold,2,"[{""figure"": 1, ""pdf_page"": 8}, {""figure"": 2, ""pdf_page"": 9}]",Sample loss as a function of the iterate for various optimization methods for synthetic absolute regression problem (11) with varying privacy parameters,Automatically extracted first 22 words starting at a caption-like line; may include neighboring text.,"[""worked_example_or_problem""]","Bounded browser PDF text windows, not full-paper reading","Bounded proceedings windows; title-prioritized for AI model, method and empirical relevance; not ranked by figure quality."
p0224,Dichotomous Optimistic Search to Quantify Human Perception,Julien Audiffren,ICML,2021,https://proceedings.mlr.press/v139/audiffren21a/audiffren21a.pdf,https://proceedings.mlr.press/v139/,2026-09-09,convenience_sample_candidate,not_checked,caption_candidates_extracted,True,True,False,False,passed_70_percent_threshold,1,"[{""figure"": 1, ""pdf_page"": 7}]",Comparison of the evolution of the average regret over 100 runs as a function of the number of stimuli presented to the,Automatically extracted first 22 words starting at a caption-like line; may include neighboring text.,"[""quantitative_comparison"", ""uncertainty_or_distribution""]","Bounded browser PDF text windows, not full-paper reading","Bounded proceedings windows; title-prioritized for AI model, method and empirical relevance; not ranked by figure quality."
p0225,Federated Learning under Arbitrary Communication Patterns,"Dmitrii Avdiukhin, Shiva Kasiviswanathan",ICML,2021,https://proceedings.mlr.press/v139/avdiukhin21a/avdiukhin21a.pdf,https://proceedings.mlr.press/v139/,2026-09-09,convenience_sample_candidate,not_checked,caption_candidates_extracted,True,True,False,False,passed_70_percent_threshold,2,"[{""figure"": 1, ""pdf_page"": 7}, {""figure"": 2, ""pdf_page"": 8}]","For each mixing rate µ ∈ {1, 1/2, 1/10, 0}, we show the test accuracy as a function of total communication (the",Automatically extracted first 22 words starting at a caption-like line; may include neighboring text.,"[""quantitative_comparison"", ""uncertainty_or_distribution""]","Bounded browser PDF text windows, not full-paper reading","Bounded proceedings windows; title-prioritized for AI model, method and empirical relevance; not ranked by figure quality."
p0226,Asynchronous Distributed Learning : Adapting to Gradient Delays without Prior Knowledge,"Rotem Zamir Aviv, Ido Hakimi, Assaf Schuster, Kfir Yehuda Levy",ICML,2021,https://proceedings.mlr.press/v139/aviv21a/aviv21a.pdf,https://proceedings.mlr.press/v139/,2026-09-09,convenience_sample_candidate,not_checked,caption_candidates_extracted,True,True,False,False,passed_70_percent_threshold,2,"[{""figure"": 1, ""pdf_page"": 8}, {""figure"": 2, ""pdf_page"": 8}]","Accuracy as a function of update delays, with learning rate optimized for each of the algorithms for zero delay case. 10 −9",Automatically extracted first 22 words starting at a caption-like line; may include neighboring text.,"[""quantitative_comparison""]","Bounded browser PDF text windows, not full-paper reading","Bounded proceedings windows; title-prioritized for AI model, method and empirical relevance; not ranked by figure quality."
p0227,Differentially Private Query Release Through Adaptive Projection,"Sergul Aydore, William Brown, Michael Kearns, Krishnaram Kenthapadi, Luca Melis, Aaron Roth, Ankit A. Siva",ICML,2021,https://proceedings.mlr.press/v139/aydore21a/aydore21a.pdf,https://proceedings.mlr.press/v139/,2026-09-09,convenience_sample_candidate,not_checked,caption_candidates_extracted,True,True,False,False,passed_70_percent_threshold,6,"[{""figure"": 1, ""pdf_page"": 7}, {""figure"": 2, ""pdf_page"": 8}, {""figure"": 3, ""pdf_page"": 9}, {""figure"": 4, ""pdf_page"": 9}, {""figure"": 5, ""pdf_page"": 9}, {""figure"": 6, ""pdf_page"": 9}]","Python function used to compute 3-way product queries any other reasoning about the class. In contrast, approaches like (Gaboardi et al., 2014;",Automatically extracted first 22 words starting at a caption-like line; may include neighboring text.,"[""quantitative_comparison""]","Bounded browser PDF text windows, not full-paper reading","Bounded proceedings windows; title-prioritized for AI model, method and empirical relevance; not ranked by figure quality."
p0228,On-Off Center-Surround Receptive Fields for Accurate and Robust Image Classification,"Zahra Babaiee, Ramin Hasani, Mathias Lechner, Daniela Rus, Radu Grosu",ICML,2021,https://proceedings.mlr.press/v139/babaiee21a/babaiee21a.pdf,https://proceedings.mlr.press/v139/,2026-09-09,convenience_sample_candidate,not_checked,caption_candidates_extracted,True,True,False,False,passed_70_percent_threshold,5,"[{""figure"": 1, ""pdf_page"": 1}, {""figure"": 2, ""pdf_page"": 2}, {""figure"": 3, ""pdf_page"": 3}, {""figure"": 4, ""pdf_page"": 3}, {""figure"": 5, ""pdf_page"": 4}]",On-off center-surround (OOCS) inductive biases significantly enhance the performance and robustness of a vision network in different lighting conditions. receptive field of,Automatically extracted first 22 words starting at a caption-like line; may include neighboring text.,"[""worked_example_or_problem"", ""quantitative_comparison"", ""uncertainty_or_distribution""]","Bounded browser PDF text windows, not full-paper reading","Bounded proceedings windows; title-prioritized for AI model, method and empirical relevance; not ranked by figure quality."
p0229,Robust Reinforcement Learning using Least Squares Policy Iteration with Provable Performance Guarantees,"Kishan Panaganti Badrinath, Dileep Kalathil",ICML,2021,https://proceedings.mlr.press/v139/badrinath21a/badrinath21a.pdf,https://proceedings.mlr.press/v139/,2026-09-09,convenience_sample_candidate,not_checked,caption_candidates_extracted,True,True,False,False,passed_70_percent_threshold,6,"[{""figure"": 1, ""pdf_page"": 8}, {""figure"": 2, ""pdf_page"": 8}, {""figure"": 3, ""pdf_page"": 8}, {""figure"": 4, ""pdf_page"": 8}, {""figure"": 5, ""pdf_page"": 8}, {""figure"": 6, ""pdf_page"": 8}]",CartPole 0.0 0.2 0.4 0.6 0.8 Prob. of picking random action 200 400 600,Automatically extracted first 22 words starting at a caption-like line; may include neighboring text.,[],"Bounded browser PDF text windows, not full-paper reading","Bounded proceedings windows; title-prioritized for AI model, method and empirical relevance; not ranked by figure quality."
p0230,Skill Discovery for Exploration and Planning using Deep Skill Graphs,"Akhil Bagaria, Jason K Senthil, George Konidaris",ICML,2021,https://proceedings.mlr.press/v139/bagaria21a/bagaria21a.pdf,https://proceedings.mlr.press/v139/,2026-09-09,convenience_sample_candidate,not_checked,caption_candidates_extracted,True,True,False,False,passed_70_percent_threshold,3,"[{""figure"": 1, ""pdf_page"": 1}, {""figure"": 2, ""pdf_page"": 4}, {""figure"": 4, ""pdf_page"": 6}]",Deep Skill Graphs constructs a discrete graph-based abstraction (bottom) of a high-dimensional continuous control problem (top) during an unsupervised training phase. When,Automatically extracted first 22 words starting at a caption-like line; may include neighboring text.,"[""worked_example_or_problem""]","Bounded browser PDF text windows, not full-paper reading","Bounded proceedings windows; title-prioritized for AI model, method and empirical relevance; not ranked by figure quality."
p0231,Locally Adaptive Label Smoothing Improves Predictive Churn,"Dara Bahri, Heinrich Jiang",ICML,2021,https://proceedings.mlr.press/v139/bahri21a/bahri21a.pdf,https://proceedings.mlr.press/v139/,2026-09-09,convenience_sample_candidate,not_checked,caption_candidates_extracted,True,True,False,False,passed_70_percent_threshold,1,"[{""figure"": 1, ""pdf_page"": 3}]",Visualization of the effects of global vs locally adaptive label smoothing. This visualization provides intuition for why our locally adaptive label smoothing,Automatically extracted first 22 words starting at a caption-like line; may include neighboring text.,"[""worked_example_or_problem"", ""qualitative_outputs""]","Bounded browser PDF text windows, not full-paper reading","Bounded proceedings windows; title-prioritized for AI model, method and empirical relevance; not ranked by figure quality."
p0232,How Important is the Train-Validation Split in Meta-Learning?,"Yu Bai, Minshuo Chen, Pan Zhou, Tuo Zhao, Jason Lee, Sham Kakade, Huan Wang, Caiming Xiong",ICML,2021,https://proceedings.mlr.press/v139/bai21a/bai21a.pdf,https://proceedings.mlr.press/v139/,2026-09-09,convenience_sample_candidate,not_checked,caption_candidates_extracted,True,True,False,False,passed_70_percent_threshold,1,"[{""figure"": 1, ""pdf_page"": 7}]","Panel (a) plots the exact constants in Theorem 4: The optimal train-train constant infλ C tr-tr d,n,λ (blue) and its upper bound",Automatically extracted first 22 words starting at a caption-like line; may include neighboring text.,[],"Bounded browser PDF text windows, not full-paper reading","Bounded proceedings windows; title-prioritized for AI model, method and empirical relevance; not ranked by figure quality."
p0233,Stabilizing Equilibrium Models by Jacobian Regularization,"Shaojie Bai, Vladlen Koltun, Zico Kolter",ICML,2021,https://proceedings.mlr.press/v139/bai21b/bai21b.pdf,https://proceedings.mlr.press/v139/,2026-09-09,convenience_sample_candidate,not_checked,caption_candidates_extracted,True,True,False,False,passed_70_percent_threshold,3,"[{""figure"": 1, ""pdf_page"": 3}, {""figure"": 2, ""pdf_page"": 4}, {""figure"": 3, ""pdf_page"": 4}]","Visualizations of DEQs’ instablity and inefficiency problems. ImageNet) (Bai et al., 2020) and complex fθ (e.g., a Transformer layer). But such extra",Automatically extracted first 22 words starting at a caption-like line; may include neighboring text.,"[""method_or_architecture"", ""worked_example_or_problem"", ""efficiency_or_tradeoff"", ""qualitative_outputs""]","Bounded browser PDF text windows, not full-paper reading","Bounded proceedings windows; title-prioritized for AI model, method and empirical relevance; not ranked by figure quality."
p0234,GLSearch: Maximum Common Subgraph Detection via Learning to Search,"Yunsheng Bai, Derek Xu, Yizhou Sun, Wei Wang",ICML,2021,https://proceedings.mlr.press/v139/bai21e/bai21e.pdf,https://proceedings.mlr.press/v139/,2026-09-09,convenience_sample_candidate,not_checked,caption_candidates_extracted,True,True,False,False,passed_70_percent_threshold,3,"[{""figure"": 1, ""pdf_page"": 1}, {""figure"": 2, ""pdf_page"": 4}, {""figure"": 3, ""pdf_page"": 4}]","For graph pair (G1, G2) with node labels, the induced connected Maximum Common Subgraph (MCS) is the five-member ring structure highlighted in",Automatically extracted first 22 words starting at a caption-like line; may include neighboring text.,"[""worked_example_or_problem"", ""qualitative_outputs""]","Bounded browser PDF text windows, not full-paper reading","Bounded proceedings windows; title-prioritized for AI model, method and empirical relevance; not ranked by figure quality."
p0235,Breaking the Limits of Message Passing Graph Neural Networks,"Muhammet Balcilar, Pierre Heroux, Benoit Gauzere, Pascal Vasseur, Sebastien Adam, Paul Honeine",ICML,2021,https://proceedings.mlr.press/v139/balcilar21a/balcilar21a.pdf,https://proceedings.mlr.press/v139/,2026-09-09,convenience_sample_candidate,not_checked,caption_candidates_extracted,True,True,False,False,passed_70_percent_threshold,3,"[{""figure"": 1, ""pdf_page"": 4}, {""figure"": 2, ""pdf_page"": 4}, {""figure"": 3, ""pdf_page"": 5}]","Decalin (G) and Bicyclopentyl (H) graphs are L1 and also 1-WL equivalent, but Chebnet can distinguish them.",Automatically extracted first 22 words starting at a caption-like line; may include neighboring text.,[],"Bounded browser PDF text windows, not full-paper reading","Bounded proceedings windows; title-prioritized for AI model, method and empirical relevance; not ranked by figure quality."
p0236,Augmented World Models Facilitate Zero-Shot Dynamics Generalization From a Single Offline Environment,"Philip J Ball, Cong Lu, Jack Parker-Holder, Stephen Roberts",ICML,2021,https://proceedings.mlr.press/v139/ball21a/ball21a.pdf,https://proceedings.mlr.press/v139/,2026-09-09,convenience_sample_candidate,not_checked,caption_candidates_extracted,True,True,False,False,passed_70_percent_threshold,4,"[{""figure"": 1, ""pdf_page"": 2}, {""figure"": 2, ""pdf_page"": 4}, {""figure"": 3, ""pdf_page"": 4}, {""figure"": 4, ""pdf_page"": 5}]","An illustration of our approach, each figure shows a transition P(s, a) → s 0 . In a) we show the World",Automatically extracted first 22 words starting at a caption-like line; may include neighboring text.,"[""worked_example_or_problem"", ""quantitative_comparison""]","Bounded browser PDF text windows, not full-paper reading","Bounded proceedings windows; title-prioritized for AI model, method and empirical relevance; not ranked by figure quality."
p0237,Predict then Interpolate: A Simple Algorithm to Learn Stable Classifiers,"Yujia Bao, Shiyu Chang, Regina Barzilay",ICML,2021,https://proceedings.mlr.press/v139/bao21a/bao21a.pdf,https://proceedings.mlr.press/v139/,2026-09-09,convenience_sample_candidate,not_checked,caption_candidates_extracted,True,True,False,False,passed_70_percent_threshold,1,"[{""figure"": 1, ""pdf_page"": 4}]",Illustration of our algorithm on the toy example. The label y agrees with the stable feature x1 with probability 0.8 on both,Automatically extracted first 22 words starting at a caption-like line; may include neighboring text.,"[""worked_example_or_problem""]","Bounded browser PDF text windows, not full-paper reading","Bounded proceedings windows; title-prioritized for AI model, method and empirical relevance; not ranked by figure quality."
p0238,Variational (Gradient) Estimate of the Score Function in Energy-based Latent Variable Models,"Fan Bao, Kun Xu, Chongxuan Li, Lanqing Hong, Jun Zhu, Bo Zhang",ICML,2021,https://proceedings.mlr.press/v139/bao21b/bao21b.pdf,https://proceedings.mlr.press/v139/,2026-09-09,convenience_sample_candidate,not_checked,caption_candidates_extracted,True,True,False,False,passed_70_percent_threshold,2,"[{""figure"": 1, ""pdf_page"": 3}, {""figure"": 2, ""pdf_page"": 4}]",The biases of VaES and VaGES v.s. the square root of (a) the KL divergence between qφ(h|v) and pθ(h|v) in a GRBM,Automatically extracted first 22 words starting at a caption-like line; may include neighboring text.,"[""quantitative_comparison""]","Bounded browser PDF text windows, not full-paper reading","Bounded proceedings windows; title-prioritized for AI model, method and empirical relevance; not ranked by figure quality."
p0239,Compositional Video Synthesis with Action Graphs,"Amir Bar, Roei Herzig, Xiaolong Wang, Anna Rohrbach, Gal Chechik, Trevor Darrell, Amir Globerson",ICML,2021,https://proceedings.mlr.press/v139/bar21a/bar21a.pdf,https://proceedings.mlr.press/v139/,2026-09-09,convenience_sample_candidate,not_checked,caption_candidates_extracted,True,True,False,False,passed_70_percent_threshold,3,"[{""figure"": 1, ""pdf_page"": 1}, {""figure"": 2, ""pdf_page"": 4}, {""figure"": 3, ""pdf_page"": 5}]","We propose a new task called Action Graph to Video. To represent input actions, we use a graph structure called Action Graph,",Automatically extracted first 22 words starting at a caption-like line; may include neighboring text.,"[""worked_example_or_problem""]","Bounded browser PDF text windows, not full-paper reading","Bounded proceedings windows; title-prioritized for AI model, method and empirical relevance; not ranked by figure quality."
p0240,Graph Convolution for Semi-Supervised Classification: Improved Linear Separability and Out-of-Distribution Generalization,"Aseem Baranwal, Kimon Fountoulakis, Aukosh Jagannath",ICML,2021,https://proceedings.mlr.press/v139/baranwal21a/baranwal21a.pdf,https://proceedings.mlr.press/v139/,2026-09-09,convenience_sample_candidate,not_checked,caption_candidates_extracted,True,True,False,False,passed_70_percent_threshold,4,"[{""figure"": 1, ""pdf_page"": 6}, {""figure"": 2, ""pdf_page"": 6}, {""figure"": 3, ""pdf_page"": 7}, {""figure"": 4, ""pdf_page"": 8}]",Training and test loss with/without graph convolution for increasing distance between the means. The vertical dashed red and black lines correspond to,Automatically extracted first 22 words starting at a caption-like line; may include neighboring text.,"[""worked_example_or_problem"", ""quantitative_comparison"", ""ablation_or_mechanism"", ""uncertainty_or_distribution""]","Bounded browser PDF text windows, not full-paper reading","Bounded proceedings windows; title-prioritized for AI model, method and empirical relevance; not ranked by figure quality."
p0241,Training Quantized Neural Networks to Global Optimality via Semidefinite Programming,"Burak Bartan, Mert Pilanci",ICML,2021,https://proceedings.mlr.press/v139/bartan21a/bartan21a.pdf,https://proceedings.mlr.press/v139/,2026-09-09,convenience_sample_candidate,not_checked,caption_candidates_extracted,True,True,False,False,passed_70_percent_threshold,3,"[{""figure"": 1, ""pdf_page"": 7}, {""figure"": 2, ""pdf_page"": 8}, {""figure"": 3, ""pdf_page"": 9}]",Objective against the number of neurons m. Dataset X has been synthetically generated via sampling from standard Gaussian distribution and has dimensions,Automatically extracted first 22 words starting at a caption-like line; may include neighboring text.,"[""quantitative_comparison"", ""efficiency_or_tradeoff"", ""qualitative_outputs"", ""uncertainty_or_distribution""]","Bounded browser PDF text windows, not full-paper reading","Bounded proceedings windows; title-prioritized for AI model, method and empirical relevance; not ranked by figure quality."
p0242,Directional Graph Networks,"Dominique Beaini, Saro Passaro, Vincent Létourneau, Will Hamilton, Gabriele Corso, Pietro Lió",ICML,2021,https://proceedings.mlr.press/v139/beaini21a/beaini21a.pdf,https://proceedings.mlr.press/v139/,2026-09-09,convenience_sample_candidate,not_checked,caption_candidates_extracted,True,True,False,False,passed_70_percent_threshold,3,"[{""figure"": 1, ""pdf_page"": 2}, {""figure"": 2, ""pdf_page"": 3}, {""figure"": 3, ""pdf_page"": 5}]","Overview of the steps required to aggregate messages in the direction of the eigenvectors. present in computer vision. In fact, we demonstrate",Automatically extracted first 22 words starting at a caption-like line; may include neighboring text.,"[""method_or_architecture"", ""worked_example_or_problem""]","Bounded browser PDF text windows, not full-paper reading","Bounded proceedings windows; title-prioritized for AI model, method and empirical relevance; not ranked by figure quality."
p0243,TFix: Learning to Fix Coding Errors with a Text-to-Text Transformer,"Berkay Berabi, Jingxuan He, Veselin Raychev, Martin Vechev",ICML,2021,https://proceedings.mlr.press/v139/berabi21a/berabi21a.pdf,https://proceedings.mlr.press/v139/,2026-09-09,convenience_sample_candidate,not_checked,caption_candidates_extracted,True,True,False,False,passed_70_percent_threshold,3,"[{""figure"": 1, ""pdf_page"": 2}, {""figure"": 2, ""pdf_page"": 2}, {""figure"": 3, ""pdf_page"": 2}]",An example code snippet with an error var type = null; for(var typeEntry in types) { if(!types.hasOwnProperty(typeEntry)) continue; var typeNames = types[typeEnrty];,Automatically extracted first 22 words starting at a caption-like line; may include neighboring text.,"[""method_or_architecture"", ""worked_example_or_problem""]","Bounded browser PDF text windows, not full-paper reading","Bounded proceedings windows; title-prioritized for AI model, method and empirical relevance; not ranked by figure quality."
p0244,Learning Queueing Policies for Organ Transplantation Allocation using Interpretable Counterfactual Survival Analysis,"Jeroen Berrevoets, Ahmed Alaa, Zhaozhi Qian, James Jordon, Alexander E. S. Gimson, Mihaela van der Schaar",ICML,2021,https://proceedings.mlr.press/v139/berrevoets21a/berrevoets21a.pdf,https://proceedings.mlr.press/v139/,2026-09-09,convenience_sample_candidate,not_checked,caption_candidates_extracted,True,True,False,False,passed_70_percent_threshold,2,"[{""figure"": 1, ""pdf_page"": 1}, {""figure"": 2, ""pdf_page"": 4}]",Overview of transplant system and OrganSync. Various patients arrive at seemingly irregular intervals (1); and various organs arrive at equally irregular intervals,Automatically extracted first 22 words starting at a caption-like line; may include neighboring text.,"[""method_or_architecture"", ""ablation_or_mechanism""]","Bounded browser PDF text windows, not full-paper reading","Bounded proceedings windows; title-prioritized for AI model, method and empirical relevance; not ranked by figure quality."
p0245,Learning from Biased Data: A Semi-Parametric Approach,"Patrice Bertail, Stephan Clémençon, Yannick Guyonvarch, Nathan Noiry",ICML,2021,https://proceedings.mlr.press/v139/bertail21a/bertail21a.pdf,https://proceedings.mlr.press/v139/,2026-09-09,convenience_sample_candidate,not_checked,caption_candidates_extracted,True,True,False,False,passed_70_percent_threshold,2,"[{""figure"": 1, ""pdf_page"": 5}, {""figure"": 2, ""pdf_page"": 6}]","The Rw-ERM Algorithm In the subsequent analysis, we focus on the statistical performance of the predictive rules empirically defined by RwERM. The",Automatically extracted first 22 words starting at a caption-like line; may include neighboring text.,"[""quantitative_comparison"", ""uncertainty_or_distribution""]","Bounded browser PDF text windows, not full-paper reading","Bounded proceedings windows; title-prioritized for AI model, method and empirical relevance; not ranked by figure quality."
p0246,Is Space-Time Attention All You Need for Video Understanding?,"Gedas Bertasius, Heng Wang, Lorenzo Torresani",ICML,2021,https://proceedings.mlr.press/v139/bertasius21a/bertasius21a.pdf,https://proceedings.mlr.press/v139/,2026-09-09,convenience_sample_candidate,not_checked,caption_candidates_extracted,True,True,False,False,passed_70_percent_threshold,2,"[{""figure"": 1, ""pdf_page"": 3}, {""figure"": 2, ""pdf_page"": 4}]","The video self-attention blocks that we investigate in this work. Each attention layer implements self-attention (Vaswani et al., 2017b) on a specified",Automatically extracted first 22 words starting at a caption-like line; may include neighboring text.,"[""worked_example_or_problem"", ""qualitative_outputs"", ""ablation_or_mechanism""]","Bounded browser PDF text windows, not full-paper reading","Bounded proceedings windows; title-prioritized for AI model, method and empirical relevance; not ranked by figure quality."
p0247,Confidence Scores Make Instance-dependent Label-noise Learning Possible,"Antonin Berthon, Bo Han, Gang Niu, Tongliang Liu, Masashi Sugiyama",ICML,2021,https://proceedings.mlr.press/v139/berthon21a/berthon21a.pdf,https://proceedings.mlr.press/v139/,2026-09-09,convenience_sample_candidate,not_checked,caption_candidates_extracted,True,True,False,False,passed_70_percent_threshold,2,"[{""figure"": 1, ""pdf_page"": 3}, {""figure"": 2, ""pdf_page"": 4}]","Illustration of different noise models. Each color represents an observed class y¯: circles indicate y¯ = y, while crosses indicate y¯ 6=",Automatically extracted first 22 words starting at a caption-like line; may include neighboring text.,"[""worked_example_or_problem"", ""quantitative_comparison"", ""uncertainty_or_distribution""]","Bounded browser PDF text windows, not full-paper reading","Bounded proceedings windows; title-prioritized for AI model, method and empirical relevance; not ranked by figure quality."
p0248,Size-Invariant Graph Representations for Graph Classification Extrapolations,"Beatrice Bevilacqua, Yangze Zhou, Bruno Ribeiro",ICML,2021,https://proceedings.mlr.press/v139/bevilacqua21a/bevilacqua21a.pdf,https://proceedings.mlr.press/v139/,2026-09-09,convenience_sample_candidate,not_checked,caption_candidates_extracted,True,True,False,False,passed_70_percent_threshold,2,"[{""figure"": 1, ""pdf_page"": 1}, {""figure"": 1, ""pdf_page"": 2}]","The twin network DAG (Balke & Pearl, 1994) of our structural causal model (SCM). Gray (resp. white) vertices represent observed (resp. hidden)",Automatically extracted first 22 words starting at a caption-like line; may include neighboring text.,"[""ablation_or_mechanism"", ""uncertainty_or_distribution""]","Bounded browser PDF text windows, not full-paper reading","Bounded proceedings windows; title-prioritized for AI model, method and empirical relevance; not ranked by figure quality."
p0249,Scalable Normalizing Flows for Permutation Invariant Densities,"Marin Biloš, Stephan Günnemann",ICML,2021,https://proceedings.mlr.press/v139/bilos21a/bilos21a.pdf,https://proceedings.mlr.press/v139/,2026-09-09,convenience_sample_candidate,not_checked,caption_candidates_extracted,True,True,False,False,passed_70_percent_threshold,2,"[{""figure"": 1, ""pdf_page"": 1}, {""figure"": 2, ""pdf_page"": 3}]",Illustration of our approach. Transforming random points from the permutation invariant base distribution with an ODE gives a realization in the target,Automatically extracted first 22 words starting at a caption-like line; may include neighboring text.,"[""worked_example_or_problem"", ""quantitative_comparison"", ""uncertainty_or_distribution""]","Bounded browser PDF text windows, not full-paper reading","Bounded proceedings windows; title-prioritized for AI model, method and empirical relevance; not ranked by figure quality."
p0250,Low-Precision Reinforcement Learning: Running Soft Actor-Critic in Half Precision,"Johan Björck, Xiangyu Chen, Christopher De Sa, Carla P Gomes, Kilian Weinberger",ICML,2021,https://proceedings.mlr.press/v139/bjorck21a/bjorck21a.pdf,https://proceedings.mlr.press/v139/,2026-09-09,convenience_sample_candidate,not_checked,caption_candidates_extracted,True,True,False,False,passed_70_percent_threshold,1,"[{""figure"": 1, ""pdf_page"": 2}]","Returns for the SAC agent, averaged across tasks in the planet-benchmarks, when using low-precision methods from supervised learning (Micikevicius et al., 2017).",Automatically extracted first 22 words starting at a caption-like line; may include neighboring text.,"[""quantitative_comparison""]","Bounded browser PDF text windows, not full-paper reading","Bounded proceedings windows; title-prioritized for AI model, method and empirical relevance; not ranked by figure quality."
p0251,"One for One, or All for All: Equilibria and Optimality of Collaboration in Federated Learning","Avrim Blum, Nika Haghtalab, Richard Lanas Phillips, Han Shao",ICML,2021,https://proceedings.mlr.press/v139/blum21a/blum21a.pdf,https://proceedings.mlr.press/v139/,2026-09-09,convenience_sample_candidate,not_checked,caption_candidates_extracted,True,True,False,False,passed_70_percent_threshold,2,"[{""figure"": 1, ""pdf_page"": 8}, {""figure"": 2, ""pdf_page"": 9}]",Each line here represents the average of 100 nonfederated runs of a distribution used in this experiment. Note that the less difficult,Automatically extracted first 22 words starting at a caption-like line; may include neighboring text.,"[""quantitative_comparison"", ""uncertainty_or_distribution""]","Bounded browser PDF text windows, not full-paper reading","Bounded proceedings windows; title-prioritized for AI model, method and empirical relevance; not ranked by figure quality."
p0252,The Hintons in your Neural Network: a Quantum Field Theory View of Deep Learning,"Roberto Bondesan, Max Welling",ICML,2021,https://proceedings.mlr.press/v139/bondesan21a/bondesan21a.pdf,https://proceedings.mlr.press/v139/,2026-09-09,convenience_sample_candidate,not_checked,caption_candidates_extracted,True,True,False,False,passed_70_percent_threshold,1,"[{""figure"": 1, ""pdf_page"": 3}]","The covariance ellipse 1 2 (z − m) T C(z − m) ≤ 1, also known as “quantum blob”",Automatically extracted first 22 words starting at a caption-like line; may include neighboring text.,"[""uncertainty_or_distribution""]","Bounded browser PDF text windows, not full-paper reading","Bounded proceedings windows; title-prioritized for AI model, method and empirical relevance; not ranked by figure quality."
p0253,Offline Contextual Bandits with Overparameterized Models,"David Brandfonbrener, William Whitney, Rajesh Ranganath, Joan Bruna",ICML,2021,https://proceedings.mlr.press/v139/brandfonbrener21a/brandfonbrener21a.pdf,https://proceedings.mlr.press/v139/,2026-09-09,convenience_sample_candidate,not_checked,caption_candidates_extracted,True,True,False,False,passed_70_percent_threshold,3,"[{""figure"": 1, ""pdf_page"": 7}, {""figure"": 2, ""pdf_page"": 7}, {""figure"": 3, ""pdf_page"": 8}]",We test action-stability by resampling the actions 20 times for a single dataset of contexts. Each pixel corresponds to the pair of,Automatically extracted first 22 words starting at a caption-like line; may include neighboring text.,"[""uncertainty_or_distribution""]","Bounded browser PDF text windows, not full-paper reading","Bounded proceedings windows; title-prioritized for AI model, method and empirical relevance; not ranked by figure quality."
p0254,High-Performance Large-Scale Image Recognition Without Normalization,"Andy Brock, Soham De, Samuel L Smith, Karen Simonyan",ICML,2021,https://proceedings.mlr.press/v139/brock21a/brock21a.pdf,https://proceedings.mlr.press/v139/,2026-09-09,convenience_sample_candidate,not_checked,caption_candidates_extracted,True,True,False,False,passed_70_percent_threshold,2,"[{""figure"": 1, ""pdf_page"": 1}, {""figure"": 2, ""pdf_page"": 4}]","ImageNet Validation Accuracy vs Training Latency. All numbers are single-model, single crop. Our NFNet-F1 model achieves comparable accuracy to an EffNet-B7 while",Automatically extracted first 22 words starting at a caption-like line; may include neighboring text.,"[""quantitative_comparison"", ""efficiency_or_tradeoff""]","Bounded browser PDF text windows, not full-paper reading","Bounded proceedings windows; title-prioritized for AI model, method and empirical relevance; not ranked by figure quality."
p0255,Reinforcement Learning of Implicit and Explicit Control Flow Instructions,"Ethan Brooks, Janarthanan Rajendran, Richard L Lewis, Satinder Singh",ICML,2021,https://proceedings.mlr.press/v139/brooks21a/brooks21a.pdf,https://proceedings.mlr.press/v139/,2026-09-09,convenience_sample_candidate,not_checked,caption_candidates_extracted,True,True,False,False,passed_70_percent_threshold,2,"[{""figure"": 1, ""pdf_page"": 3}, {""figure"": 2, ""pdf_page"": 4}]","(Left) Depicts the flow of information every time step from memory M, pointer pt, and observation xt to actions at and pointer",Automatically extracted first 22 words starting at a caption-like line; may include neighboring text.,"[""efficiency_or_tradeoff"", ""uncertainty_or_distribution""]","Bounded browser PDF text windows, not full-paper reading","Bounded proceedings windows; title-prioritized for AI model, method and empirical relevance; not ranked by figure quality."
p0256,Machine Unlearning for Random Forests,"Jonathan Brophy, Daniel Lowd",ICML,2021,https://proceedings.mlr.press/v139/brophy21a/brophy21a.pdf,https://proceedings.mlr.press/v139/,2026-09-09,convenience_sample_candidate,not_checked,caption_candidates_extracted,True,True,False,False,passed_70_percent_threshold,3,"[{""figure"": 1, ""pdf_page"": 6}, {""figure"": 2, ""pdf_page"": 7}, {""figure"": 3, ""pdf_page"": 7}]",Deletion efficiency of DaRE RF. Top & Middle: Number of instances deleted in the time it takes the naive retraining approach to,Automatically extracted first 22 words starting at a caption-like line; may include neighboring text.,"[""worked_example_or_problem"", ""quantitative_comparison"", ""efficiency_or_tradeoff"", ""ablation_or_mechanism"", ""uncertainty_or_distribution""]","Bounded browser PDF text windows, not full-paper reading","Bounded proceedings windows; title-prioritized for AI model, method and empirical relevance; not ranked by figure quality."
p0257,Model-Free and Model-Based Policy Evaluation when Causality is Uncertain,David A Bruns-Smith,ICML,2021,https://proceedings.mlr.press/v139/bruns-smith21a/bruns-smith21a.pdf,https://proceedings.mlr.press/v139/,2026-09-09,convenience_sample_candidate,not_checked,caption_candidates_extracted,True,True,False,False,passed_70_percent_threshold,3,"[{""figure"": 1, ""pdf_page"": 7}, {""figure"": 2, ""pdf_page"": 7}, {""figure"": 3, ""pdf_page"": 9}]","Lower bounds on the expected value of πe. For reference, in each environment, we plot the value of πe without confounding (the",Automatically extracted first 22 words starting at a caption-like line; may include neighboring text.,"[""ablation_or_mechanism""]","Bounded browser PDF text windows, not full-paper reading","Bounded proceedings windows; title-prioritized for AI model, method and empirical relevance; not ranked by figure quality."
p0258,Disambiguation of Weak Supervision leading to Exponential Convergence rates,"Vivien A Cabannnes, Francis Bach, Alessandro Rudi",ICML,2021,https://proceedings.mlr.press/v139/cabannnes21a/cabannnes21a.pdf,https://proceedings.mlr.press/v139/,2026-09-09,convenience_sample_candidate,not_checked,caption_candidates_extracted,True,True,False,False,passed_70_percent_threshold,3,"[{""figure"": 1, ""pdf_page"": 7}, {""figure"": 2, ""pdf_page"": 8}, {""figure"": 3, ""pdf_page"": 9}]",Interval regression. See Appendix D for the exact reproducible experimental setup (Left) Setup. The goal is to learn 𝑓 ∗ : X,Automatically extracted first 22 words starting at a caption-like line; may include neighboring text.,"[""method_or_architecture"", ""quantitative_comparison"", ""qualitative_outputs""]","Bounded browser PDF text windows, not full-paper reading","Bounded proceedings windows; title-prioritized for AI model, method and empirical relevance; not ranked by figure quality."
p0259,Finite mixture models do not reliably learn the number of components,"Diana Cai, Trevor Campbell, Tamara Broderick",ICML,2021,https://proceedings.mlr.press/v139/cai21a/cai21a.pdf,https://proceedings.mlr.press/v139/,2026-09-09,convenience_sample_candidate,not_checked,caption_candidates_extracted,True,True,False,False,passed_70_percent_threshold,1,"[{""figure"": 1, ""pdf_page"": 2}]","Posterior probability of the number of components k for Gaussian mixture models, fit to (a) mouse cortex single-cell RNA sequencing data and",Automatically extracted first 22 words starting at a caption-like line; may include neighboring text.,"[""ablation_or_mechanism""]","Bounded browser PDF text windows, not full-paper reading","Bounded proceedings windows; title-prioritized for AI model, method and empirical relevance; not ranked by figure quality."
p0260,A Zeroth-Order Block Coordinate Descent Algorithm for Huge-Scale Black-Box Optimization,"Hanqin Cai, Yuchen Lou, Daniel Mckenzie, Wotao Yin",ICML,2021,https://proceedings.mlr.press/v139/cai21d/cai21d.pdf,https://proceedings.mlr.press/v139/,2026-09-09,convenience_sample_candidate,not_checked,caption_candidates_extracted,True,True,False,False,passed_70_percent_threshold,1,"[{""figure"": 1, ""pdf_page"": 2}]","Left: Original image from ImageNet with true label “scale”. Center: Wavelet perturbation crafted using ZO-BCD. Right: The attacked image, constructed by adding",Automatically extracted first 22 words starting at a caption-like line; may include neighboring text.,[],"Bounded browser PDF text windows, not full-paper reading","Bounded proceedings windows; title-prioritized for AI model, method and empirical relevance; not ranked by figure quality."
p0261,GraphNorm: A Principled Approach to Accelerating Graph Neural Network Training,"Tianle Cai, Shengjie Luo, Keyulu Xu, Di He, Tie-Yan Liu, Liwei Wang",ICML,2021,https://proceedings.mlr.press/v139/cai21e/cai21e.pdf,https://proceedings.mlr.press/v139/,2026-09-09,convenience_sample_candidate,not_checked,caption_candidates_extracted,True,True,False,False,passed_70_percent_threshold,2,"[{""figure"": 1, ""pdf_page"": 2}, {""figure"": 2, ""pdf_page"": 4}]","Overview. We evaluate and understand BatchNorm, LayerNorm, and InstanceNorm, when adapted to GNNs. InstanceNorm trains faster than LayerNorm and BatchNorm on most",Automatically extracted first 22 words starting at a caption-like line; may include neighboring text.,"[""method_or_architecture"", ""worked_example_or_problem"", ""quantitative_comparison"", ""efficiency_or_tradeoff"", ""ablation_or_mechanism""]","Bounded browser PDF text windows, not full-paper reading","Bounded proceedings windows; title-prioritized for AI model, method and empirical relevance; not ranked by figure quality."
p0262,On Lower Bounds for Standard and Robust Gaussian Process Bandit Optimization,"Xu Cai, Jonathan Scarlett",ICML,2021,https://proceedings.mlr.press/v139/cai21f/cai21f.pdf,https://proceedings.mlr.press/v139/,2026-09-09,convenience_sample_candidate,not_checked,pdf_text_retrieved,True,False,False,False,passed_70_percent_threshold,0,[],,,[],"Bounded browser PDF text windows, not full-paper reading","Bounded proceedings windows; title-prioritized for AI model, method and empirical relevance; not ranked by figure quality."
p0263,Fold2Seq: A Joint Sequence(1D)-Fold(3D) Embedding-based Generative Model for Protein Design,"Yue Cao, Payel Das, Vijil Chenthamarakshan, Pin-Yu Chen, Igor Melnyk, Yang Shen",ICML,2021,https://proceedings.mlr.press/v139/cao21a/cao21a.pdf,https://proceedings.mlr.press/v139/,2026-09-09,convenience_sample_candidate,not_checked,caption_candidates_extracted,True,True,False,False,passed_70_percent_threshold,2,"[{""figure"": 1, ""pdf_page"": 3}, {""figure"": 2, ""pdf_page"": 4}]","(a) The structure of T4 lysozyme (PDB ID 107L). The secondary structures are colored as: helices in red, beta sheets in yellow,",Automatically extracted first 22 words starting at a caption-like line; may include neighboring text.,"[""method_or_architecture"", ""ablation_or_mechanism""]","Bounded browser PDF text windows, not full-paper reading","Bounded proceedings windows; title-prioritized for AI model, method and empirical relevance; not ranked by figure quality."
p0264,Learning from Similarity-Confidence Data,"Yuzhou Cao, Lei Feng, Yitian Xu, Bo An, Gang Niu, Masashi Sugiyama",ICML,2021,https://proceedings.mlr.press/v139/cao21b/cao21b.pdf,https://proceedings.mlr.press/v139/,2026-09-09,convenience_sample_candidate,not_checked,caption_candidates_extracted,True,True,False,False,passed_70_percent_threshold,2,"[{""figure"": 1, ""pdf_page"": 3}, {""figure"": 2, ""pdf_page"": 3}]","Illustration of Sconf learning and related problems. further denote by Sn the unlabeled data pairs with similarity confidence {(xi, x 0 i",Automatically extracted first 22 words starting at a caption-like line; may include neighboring text.,"[""worked_example_or_problem"", ""uncertainty_or_distribution""]","Bounded browser PDF text windows, not full-paper reading","Bounded proceedings windows; title-prioritized for AI model, method and empirical relevance; not ranked by figure quality."
p0265,Online Policy Gradient for Model Free Learning of Linear Quadratic Regulators with $\sqrt$T Regret,"Asaf B Cassel, Tomer Koren",ICML,2021,https://proceedings.mlr.press/v139/cassel21a/cassel21a.pdf,https://proceedings.mlr.press/v139/,2026-09-09,convenience_sample_candidate,not_checked,pdf_text_retrieved,True,False,False,False,passed_70_percent_threshold,0,[],,,[],"Bounded browser PDF text windows, not full-paper reading","Bounded proceedings windows; title-prioritized for AI model, method and empirical relevance; not ranked by figure quality."
p0266,Best Model Identification: A Rested Bandit Formulation,"Leonardo Cella, Massimiliano Pontil, Claudio Gentile",ICML,2021,https://proceedings.mlr.press/v139/cella21a/cella21a.pdf,https://proceedings.mlr.press/v139/,2026-09-09,convenience_sample_candidate,not_checked,pdf_text_retrieved,True,False,False,False,passed_70_percent_threshold,0,[],,,[],"Bounded browser PDF text windows, not full-paper reading","Bounded proceedings windows; title-prioritized for AI model, method and empirical relevance; not ranked by figure quality."
p0267,Revisiting Rainbow: Promoting more insightful and inclusive deep reinforcement learning research,"Johan Samir Obando Ceron, Pablo Samuel Castro",ICML,2021,https://proceedings.mlr.press/v139/ceron21a/ceron21a.pdf,https://proceedings.mlr.press/v139/,2026-09-09,convenience_sample_candidate,not_checked,caption_candidates_extracted,True,True,False,False,passed_70_percent_threshold,4,"[{""figure"": 1, ""pdf_page"": 4}, {""figure"": 2, ""pdf_page"": 4}, {""figure"": 3, ""pdf_page"": 5}, {""figure"": 4, ""pdf_page"": 6}]",Comparison of the different algorithmic components on the four small environments using the optimal hyper-parameters from,Automatically extracted first 22 words starting at a caption-like line; may include neighboring text.,"[""quantitative_comparison"", ""ablation_or_mechanism"", ""uncertainty_or_distribution""]","Bounded browser PDF text windows, not full-paper reading","Bounded proceedings windows; title-prioritized for AI model, method and empirical relevance; not ranked by figure quality."
p0268,Learning Routines for Effective Off-Policy Reinforcement Learning,"Edoardo Cetin, Oya Celiktutan",ICML,2021,https://proceedings.mlr.press/v139/cetin21a/cetin21a.pdf,https://proceedings.mlr.press/v139/,2026-09-09,convenience_sample_candidate,not_checked,caption_candidates_extracted,True,True,False,False,passed_70_percent_threshold,2,"[{""figure"": 1, ""pdf_page"": 4}, {""figure"": 2, ""pdf_page"": 5}]",Simplified network structures of the routine decoder Dω1 (Top) and encoder Eω2(Bottom). equations: p(a n 1:l,Automatically extracted first 22 words starting at a caption-like line; may include neighboring text.,"[""method_or_architecture""]","Bounded browser PDF text windows, not full-paper reading","Bounded proceedings windows; title-prioritized for AI model, method and empirical relevance; not ranked by figure quality."
p0269,Learning Node Representations Using Stationary Flow Prediction on Large Payment and Cash Transaction Networks,"Ciwan Ceylan, Salla Franzén, Florian T. Pokorny",ICML,2021,https://proceedings.mlr.press/v139/ceylan21a/ceylan21a.pdf,https://proceedings.mlr.press/v139/,2026-09-09,convenience_sample_candidate,not_checked,caption_candidates_extracted,True,True,False,False,passed_70_percent_threshold,1,"[{""figure"": 1, ""pdf_page"": 2}]","Log-log densities of the preprocessed ethereum transaction amounts, internal bank transaction amounts and synthetic data from the gated gradient model.",Automatically extracted first 22 words starting at a caption-like line; may include neighboring text.,[],"Bounded browser PDF text windows, not full-paper reading","Bounded proceedings windows; title-prioritized for AI model, method and empirical relevance; not ranked by figure quality."
p0270,GRAND: Graph Neural Diffusion,"Ben Chamberlain, James Rowbottom, Maria I Gorinova, Michael Bronstein, Stefan Webb, Emanuele Rossi",ICML,2021,https://proceedings.mlr.press/v139/chamberlain21a/chamberlain21a.pdf,https://proceedings.mlr.press/v139/,2026-09-09,convenience_sample_candidate,not_checked,caption_candidates_extracted,True,True,False,False,passed_70_percent_threshold,1,"[{""figure"": 1, ""pdf_page"": 3}]","Block diagrams of (left to right) explicit Euler, 4th order Runge-Kutta, and implicit Euler schemes. k = arg maxi xi and l",Automatically extracted first 22 words starting at a caption-like line; may include neighboring text.,[],"Bounded browser PDF text windows, not full-paper reading","Bounded proceedings windows; title-prioritized for AI model, method and empirical relevance; not ranked by figure quality."
p0271,Goal-Conditioned Reinforcement Learning with Imagined Subgoals,"Elliot Chane-Sane, Cordelia Schmid, Ivan Laptev",ICML,2021,https://proceedings.mlr.press/v139/chane-sane21a/chane-sane21a.pdf,https://proceedings.mlr.press/v139/,2026-09-09,convenience_sample_candidate,not_checked,caption_candidates_extracted,True,True,False,False,passed_70_percent_threshold,3,"[{""figure"": 1, ""pdf_page"": 1}, {""figure"": 2, ""pdf_page"": 2}, {""figure"": 3, ""pdf_page"": 4}]","Illustration of the KL-regularized policy learning using imagined subgoals. (Left): The policy fails to reach a distant goal, yet it can reach",Automatically extracted first 22 words starting at a caption-like line; may include neighboring text.,"[""method_or_architecture"", ""worked_example_or_problem"", ""qualitative_outputs"", ""ablation_or_mechanism"", ""uncertainty_or_distribution""]","Bounded browser PDF text windows, not full-paper reading","Bounded proceedings windows; title-prioritized for AI model, method and empirical relevance; not ranked by figure quality."
p0272,Modularity in Reinforcement Learning via Algorithmic Independence in Credit Assignment,"Michael Chang, Sid Kaushik, Sergey Levine, Tom Griffiths",ICML,2021,https://proceedings.mlr.press/v139/chang21b/chang21b.pdf,https://proceedings.mlr.press/v139/,2026-09-09,convenience_sample_candidate,not_checked,caption_candidates_extracted,True,True,False,False,passed_70_percent_threshold,2,"[{""figure"": 1, ""pdf_page"": 1}, {""figure"": 2, ""pdf_page"": 5}]","Minimal motivating example. The optimal action sequence for the training task is A → B → C, and the optimal sequence for",Automatically extracted first 22 words starting at a caption-like line; may include neighboring text.,"[""worked_example_or_problem"", ""efficiency_or_tradeoff""]","Bounded browser PDF text windows, not full-paper reading","Bounded proceedings windows; title-prioritized for AI model, method and empirical relevance; not ranked by figure quality."
p0273,Image-Level or Object-Level? A Tale of Two Resampling Strategies for Long-Tailed Detection,"Nadine Chang, Zhiding Yu, Yu-Xiong Wang, Animashree Anandkumar, Sanja Fidler, Jose M Alvarez",ICML,2021,https://proceedings.mlr.press/v139/chang21c/chang21c.pdf,https://proceedings.mlr.press/v139/,2026-09-09,convenience_sample_candidate,not_checked,caption_candidates_extracted,True,True,False,False,passed_70_percent_threshold,4,"[{""figure"": 1, ""pdf_page"": 1}, {""figure"": 2, ""pdf_page"": 4}, {""figure"": 3, ""pdf_page"": 4}, {""figure"": 4, ""pdf_page"": 5}]","We illustrate the difference between image resampling and our proposed resampling strategy based on object-centric memory replay. In image resampling, all the",Automatically extracted first 22 words starting at a caption-like line; may include neighboring text.,"[""worked_example_or_problem"", ""efficiency_or_tradeoff""]","Bounded browser PDF text windows, not full-paper reading","Bounded proceedings windows; title-prioritized for AI model, method and empirical relevance; not ranked by figure quality."
p0274,DeepWalking Backwards: From Embeddings Back to Graphs,"Sudhanshu Chanpuriya, Cameron Musco, Konstantinos Sotiropoulos, Charalampos Tsourakakis",ICML,2021,https://proceedings.mlr.press/v139/chanpuriya21a/chanpuriya21a.pdf,https://proceedings.mlr.press/v139/,2026-09-09,convenience_sample_candidate,not_checked,caption_candidates_extracted,True,True,False,False,passed_70_percent_threshold,3,"[{""figure"": 1, ""pdf_page"": 2}, {""figure"": 2, ""pdf_page"": 2}, {""figure"": 3, ""pdf_page"": 3}]",Relative Frobenius error kA−A˜kF/kAkF between the adjacency matrices of G and G˜.,Automatically extracted first 22 words starting at a caption-like line; may include neighboring text.,"[""qualitative_outputs""]","Bounded browser PDF text windows, not full-paper reading","Bounded proceedings windows; title-prioritized for AI model, method and empirical relevance; not ranked by figure quality."
p0275,Differentiable Spatial Planning using Transformers,"Devendra Singh Chaplot, Deepak Pathak, Jitendra Malik",ICML,2021,https://proceedings.mlr.press/v139/chaplot21a/chaplot21a.pdf,https://proceedings.mlr.press/v139/,2026-09-09,convenience_sample_candidate,not_checked,caption_candidates_extracted,True,True,False,False,passed_70_percent_threshold,5,"[{""figure"": 1, ""pdf_page"": 1}, {""figure"": 2, ""pdf_page"": 2}, {""figure"": 3, ""pdf_page"": 3}, {""figure"": 4, ""pdf_page"": 4}, {""figure"": 5, ""pdf_page"": 5}]",Spatial Path Planning: The raw observations (top left) and obstacles can be represented spatially via top-down map in navigation (left) and via,Automatically extracted first 22 words starting at a caption-like line; may include neighboring text.,"[""method_or_architecture"", ""worked_example_or_problem"", ""quantitative_comparison"", ""ablation_or_mechanism""]","Bounded browser PDF text windows, not full-paper reading","Bounded proceedings windows; title-prioritized for AI model, method and empirical relevance; not ranked by figure quality."
p0276,Solving Challenging Dexterous Manipulation Tasks With Trajectory Optimisation and Reinforcement Learning,"Henry J Charlesworth, Giovanni Montana",ICML,2021,https://proceedings.mlr.press/v139/charlesworth21a/charlesworth21a.pdf,https://proceedings.mlr.press/v139/,2026-09-09,convenience_sample_candidate,not_checked,caption_candidates_extracted,True,True,False,False,passed_70_percent_threshold,1,"[{""figure"": 1, ""pdf_page"": 4}]","Overview of the types of new environments we introduce in “dexterous-gym”. For (a)-(d) transparent objects visualise the desired goals, whilst opaque objects",Automatically extracted first 22 words starting at a caption-like line; may include neighboring text.,"[""method_or_architecture""]","Bounded browser PDF text windows, not full-paper reading","Bounded proceedings windows; title-prioritized for AI model, method and empirical relevance; not ranked by figure quality."
p0277,Actionable Models: Unsupervised Offline Reinforcement Learning of Robotic Skills,"Yevgen Chebotar, Karol Hausman, Yao Lu, Ted Xiao, Dmitry Kalashnikov, Jacob Varley, Alex Irpan, Benjamin Eysenbach, Ryan C Julian, Chelsea Finn, Sergey Levine",ICML,2021,https://proceedings.mlr.press/v139/chebotar21a/chebotar21a.pdf,https://proceedings.mlr.press/v139/,2026-09-09,convenience_sample_candidate,not_checked,caption_candidates_extracted,True,True,False,False,passed_70_percent_threshold,3,"[{""figure"": 1, ""pdf_page"": 1}, {""figure"": 2, ""pdf_page"": 3}, {""figure"": 3, ""pdf_page"": 4}]",We propose a system for learning goal-reaching behaviors from offline datasets of real-world image-based experience. Our method enables a real-world robotic system,Automatically extracted first 22 words starting at a caption-like line; may include neighboring text.,"[""worked_example_or_problem"", ""ablation_or_mechanism""]","Bounded browser PDF text windows, not full-paper reading","Bounded proceedings windows; title-prioritized for AI model, method and empirical relevance; not ranked by figure quality."
p0278,Unified Robust Semi-Supervised Variational Autoencoder,Xu Chen,ICML,2021,https://proceedings.mlr.press/v139/chen21a/chen21a.pdf,https://proceedings.mlr.press/v139/,2026-09-09,convenience_sample_candidate,not_checked,caption_candidates_extracted,True,True,False,False,passed_70_percent_threshold,1,"[{""figure"": 1, ""pdf_page"": 3}]","Probabilistic generative model for the proposed unified robust semi-supervised variational autoencoder (URSVAE), where x denotes the observations, y˜ and yˆ refer to",Automatically extracted first 22 words starting at a caption-like line; may include neighboring text.,"[""ablation_or_mechanism""]","Bounded browser PDF text windows, not full-paper reading","Bounded proceedings windows; title-prioritized for AI model, method and empirical relevance; not ranked by figure quality."
p0279,Unsupervised Learning of Visual 3D Keypoints for Control,"Boyuan Chen, Pieter Abbeel, Deepak Pathak",ICML,2021,https://proceedings.mlr.press/v139/chen21b/chen21b.pdf,https://proceedings.mlr.press/v139/,2026-09-09,convenience_sample_candidate,not_checked,caption_candidates_extracted,True,True,False,False,passed_70_percent_threshold,2,"[{""figure"": 1, ""pdf_page"": 1}, {""figure"": 2, ""pdf_page"": 2}]",We propose an end-to-end framework for unsupervised learning of 3D keypoints from multi-view images. These keypoints are discovered to jointly optimize both,Automatically extracted first 22 words starting at a caption-like line; may include neighboring text.,"[""method_or_architecture"", ""quantitative_comparison"", ""qualitative_outputs"", ""uncertainty_or_distribution""]","Bounded browser PDF text windows, not full-paper reading","Bounded proceedings windows; title-prioritized for AI model, method and empirical relevance; not ranked by figure quality."
p0280,Integer Programming for Causal Structure Learning in the Presence of Latent Variables,"Rui Chen, Sanjeeb Dash, Tian Gao",ICML,2021,https://proceedings.mlr.press/v139/chen21c/chen21c.pdf,https://proceedings.mlr.press/v139/,2026-09-09,convenience_sample_candidate,not_checked,caption_candidates_extracted,True,True,False,False,passed_70_percent_threshold,3,"[{""figure"": 1, ""pdf_page"": 3}, {""figure"": 2, ""pdf_page"": 4}, {""figure"": 3, ""pdf_page"": 5}]","Decomposition of the BIC score for an ancestral ADMG. covariance matrix Q, the maximum likelihood estimate of the parameters can be found",Automatically extracted first 22 words starting at a caption-like line; may include neighboring text.,"[""ablation_or_mechanism"", ""uncertainty_or_distribution""]","Bounded browser PDF text windows, not full-paper reading","Bounded proceedings windows; title-prioritized for AI model, method and empirical relevance; not ranked by figure quality."
p0281,Improved Corruption Robust Algorithms for Episodic Reinforcement Learning,"Yifang Chen, Simon Du, Kevin Jamieson",ICML,2021,https://proceedings.mlr.press/v139/chen21d/chen21d.pdf,https://proceedings.mlr.press/v139/,2026-09-09,convenience_sample_candidate,not_checked,pdf_text_retrieved,True,False,False,False,passed_70_percent_threshold,0,[],,,[],"Bounded browser PDF text windows, not full-paper reading","Bounded proceedings windows; title-prioritized for AI model, method and empirical relevance; not ranked by figure quality."
p0282,Scalable Computations of Wasserstein Barycenter via Input Convex Neural Networks,"Jiaojiao Fan, Amirhossein Taghvaei, Yongxin Chen",ICML,2021,https://proceedings.mlr.press/v139/fan21d/fan21d.pdf,https://proceedings.mlr.press/v139/,2026-09-09,convenience_sample_candidate,not_checked,caption_candidates_extracted,True,True,False,False,passed_70_percent_threshold,2,"[{""figure"": 1, ""pdf_page"": 3}, {""figure"": 2, ""pdf_page"": 4}]",Fully input convex neural network (FICNN) The FICNN architecture is shown in Fig. 1. It is a Llayer feedforward neural network propagating,Automatically extracted first 22 words starting at a caption-like line; may include neighboring text.,"[""method_or_architecture""]","Bounded browser PDF text windows, not full-paper reading","Bounded proceedings windows; title-prioritized for AI model, method and empirical relevance; not ranked by figure quality."
p0283,Neural Feature Matching in Implicit 3D Representations,"Yunlu Chen, Basura Fernando, Hakan Bilen, Thomas Mensink, Efstratios Gavves",ICML,2021,https://proceedings.mlr.press/v139/chen21f/chen21f.pdf,https://proceedings.mlr.press/v139/,2026-09-09,convenience_sample_candidate,not_checked,caption_candidates_extracted,True,True,False,False,passed_70_percent_threshold,6,"[{""figure"": 1, ""pdf_page"": 1}, {""figure"": 2, ""pdf_page"": 2}, {""figure"": 3, ""pdf_page"": 3}, {""figure"": 4, ""pdf_page"": 5}, {""figure"": 5, ""pdf_page"": 5}, {""figure"": 6, ""pdf_page"": 5}]",Feature Matching applied to mesh deformation. Appearance-fitting methods overfit to the raw geometry of the target shape and fail with inconsistent semantics,Automatically extracted first 22 words starting at a caption-like line; may include neighboring text.,"[""worked_example_or_problem""]","Bounded browser PDF text windows, not full-paper reading","Bounded proceedings windows; title-prioritized for AI model, method and empirical relevance; not ranked by figure quality."
p0284,Learning Self-Modulating Attention in Continuous Time Space with Applications to Sequential Recommendation,"Chao Chen, Haoyu Geng, Nianzu Yang, Junchi Yan, Daiyue Xue, Jianping Yu, Xiaokang Yang",ICML,2021,https://proceedings.mlr.press/v139/chen21h/chen21h.pdf,https://proceedings.mlr.press/v139/,2026-09-09,convenience_sample_candidate,not_checked,pdf_text_retrieved,True,False,False,False,passed_70_percent_threshold,0,[],,,[],"Bounded browser PDF text windows, not full-paper reading","Bounded proceedings windows; title-prioritized for AI model, method and empirical relevance; not ranked by figure quality."
p0285,Mandoline: Model Evaluation under Distribution Shift,"Mayee Chen, Karan Goel, Nimit S Sohoni, Fait Poms, Kayvon Fatahalian, Christopher Re",ICML,2021,https://proceedings.mlr.press/v139/chen21i/chen21i.pdf,https://proceedings.mlr.press/v139/,2026-09-09,convenience_sample_candidate,not_checked,caption_candidates_extracted,True,True,False,False,passed_70_percent_threshold,1,"[{""figure"": 1, ""pdf_page"": 2}]","Schematic outlining the MANDOLINE workflow for a sentiment analysis task. (left) Given labeled source and unlabeled target data, users write noisy, correlated",Automatically extracted first 22 words starting at a caption-like line; may include neighboring text.,"[""method_or_architecture"", ""quantitative_comparison""]","Bounded browser PDF text windows, not full-paper reading","Bounded proceedings windows; title-prioritized for AI model, method and empirical relevance; not ranked by figure quality."
p0286,Order Matters: Probabilistic Modeling of Node Sequence for Graph Generation,"Xiaohui Chen, Xu Han, Jiajing Hu, Francisco Ruiz, Liping Liu",ICML,2021,https://proceedings.mlr.press/v139/chen21j/chen21j.pdf,https://proceedings.mlr.press/v139/,2026-09-09,convenience_sample_candidate,not_checked,caption_candidates_extracted,True,True,False,False,passed_70_percent_threshold,1,"[{""figure"": 1, ""pdf_page"": 3}]",An overview of the relationship between the node ordering π and the adjacency matrix A or the graph sequence G1:n. Given a,Automatically extracted first 22 words starting at a caption-like line; may include neighboring text.,"[""method_or_architecture"", ""qualitative_outputs""]","Bounded browser PDF text windows, not full-paper reading","Bounded proceedings windows; title-prioritized for AI model, method and empirical relevance; not ranked by figure quality."
p0287,CARTL: Cooperative Adversarially-Robust Transfer Learning,"Dian Chen, Hongxin Hu, Qian Wang, Li Yinli, Cong Wang, Chao Shen, Qi Li",ICML,2021,https://proceedings.mlr.press/v139/chen21k/chen21k.pdf,https://proceedings.mlr.press/v139/,2026-09-09,convenience_sample_candidate,not_checked,caption_candidates_extracted,True,True,False,False,passed_70_percent_threshold,3,"[{""figure"": 1, ""pdf_page"": 2}, {""figure"": 2, ""pdf_page"": 4}, {""figure"": 3, ""pdf_page"": 5}]","Overview of CARTL. herit the robustness from an adversarially pre-trained source model. However, it suggested only fine-tuning the last fully-connected layer for",Automatically extracted first 22 words starting at a caption-like line; may include neighboring text.,"[""method_or_architecture"", ""worked_example_or_problem"", ""quantitative_comparison""]","Bounded browser PDF text windows, not full-paper reading","Bounded proceedings windows; title-prioritized for AI model, method and empirical relevance; not ranked by figure quality."
p0288,Large-Margin Contrastive Learning with Distance Polarization Regularizer,"Shuo Chen, Gang Niu, Chen Gong, Jun Li, Jian Yang, Masashi Sugiyama",ICML,2021,https://proceedings.mlr.press/v139/chen21n/chen21n.pdf,https://proceedings.mlr.press/v139/,2026-09-09,convenience_sample_candidate,not_checked,caption_candidates_extracted,True,True,False,False,passed_70_percent_threshold,2,"[{""figure"": 1, ""pdf_page"": 1}, {""figure"": 2, ""pdf_page"": 4}]",Conceptual illustration of unregularized contrastive learning and contrastive learning regularized by distance polarization (DP). The unregularized model enlarges distances between all pairs,Automatically extracted first 22 words starting at a caption-like line; may include neighboring text.,"[""worked_example_or_problem""]","Bounded browser PDF text windows, not full-paper reading","Bounded proceedings windows; title-prioritized for AI model, method and empirical relevance; not ranked by figure quality."
p0289,Z-GCNETs: Time Zigzags at Graph Convolutional Networks for Time Series Forecasting,"Yuzhou Chen, Ignacio Segovia, Yulia R. Gel",ICML,2021,https://proceedings.mlr.press/v139/chen21o/chen21o.pdf,https://proceedings.mlr.press/v139/,2026-09-09,convenience_sample_candidate,not_checked,caption_candidates_extracted,True,True,False,False,passed_70_percent_threshold,2,"[{""figure"": 1, ""pdf_page"": 4}, {""figure"": 2, ""pdf_page"": 5}]","Illustrations of 0- and 1-dimensional ZPD and 0- and 1-dimensional ZPI for PeMSD4 dataset using the sliding window size τ = 12,",Automatically extracted first 22 words starting at a caption-like line; may include neighboring text.,"[""method_or_architecture"", ""worked_example_or_problem""]","Bounded browser PDF text windows, not full-paper reading","Bounded proceedings windows; title-prioritized for AI model, method and empirical relevance; not ranked by figure quality."
p0290,A Unified Lottery Ticket Hypothesis for Graph Neural Networks,"Tianlong Chen, Yongduo Sui, Xuxi Chen, Aston Zhang, Zhangyang Wang",ICML,2021,https://proceedings.mlr.press/v139/chen21p/chen21p.pdf,https://proceedings.mlr.press/v139/,2026-09-09,convenience_sample_candidate,not_checked,caption_candidates_extracted,True,True,False,False,passed_70_percent_threshold,2,"[{""figure"": 1, ""pdf_page"": 1}, {""figure"": 2, ""pdf_page"": 4}]",Summary of our achieved performance (y-axis) at different graph and GNN sparsity levels (x-axis) on Cora and Citeceer node classification. The size,Automatically extracted first 22 words starting at a caption-like line; may include neighboring text.,"[""worked_example_or_problem"", ""quantitative_comparison""]","Bounded browser PDF text windows, not full-paper reading","Bounded proceedings windows; title-prioritized for AI model, method and empirical relevance; not ranked by figure quality."
p0291,Network Inference and Influence Maximization from Samples,"Wei Chen, Xiaoming Sun, Jialin Zhang, Zhijie Zhang",ICML,2021,https://proceedings.mlr.press/v139/chen21q/chen21q.pdf,https://proceedings.mlr.press/v139/,2026-09-09,convenience_sample_candidate,not_checked,pdf_text_retrieved,True,False,False,False,passed_70_percent_threshold,0,[],,,[],"Bounded browser PDF text windows, not full-paper reading","Bounded proceedings windows; title-prioritized for AI model, method and empirical relevance; not ranked by figure quality."
p0292,Data-driven Prediction of General Hamiltonian Dynamics via Learning Exactly-Symplectic Maps,"Renyi Chen, Molei Tao",ICML,2021,https://proceedings.mlr.press/v139/chen21r/chen21r.pdf,https://proceedings.mlr.press/v139/,2026-09-09,convenience_sample_candidate,not_checked,pdf_text_retrieved,True,False,False,False,passed_70_percent_threshold,0,[],,,[],"Bounded browser PDF text windows, not full-paper reading","Bounded proceedings windows; title-prioritized for AI model, method and empirical relevance; not ranked by figure quality."
p0293,Large-Scale Multi-Agent Deep FBSDEs,"Tianrong Chen, Ziyi O Wang, Ioannis Exarchos, Evangelos Theodorou",ICML,2021,https://proceedings.mlr.press/v139/chen21t/chen21t.pdf,https://proceedings.mlr.press/v139/,2026-09-09,convenience_sample_candidate,not_checked,caption_candidates_extracted,True,True,False,False,passed_70_percent_threshold,1,"[{""figure"": 1, ""pdf_page"": 3}]",FBSDE Network for a single agent. The dashed arrow indicates hidden states propagation if LSTM is chosen as backbone. The dash arrow,Automatically extracted first 22 words starting at a caption-like line; may include neighboring text.,[],"Bounded browser PDF text windows, not full-paper reading","Bounded proceedings windows; title-prioritized for AI model, method and empirical relevance; not ranked by figure quality."
p0294,Representation Subspace Distance for Domain Adaptation Regression,"Xinyang Chen, Sinan Wang, Jianmin Wang, Mingsheng Long",ICML,2021,https://proceedings.mlr.press/v139/chen21u/chen21u.pdf,https://proceedings.mlr.press/v139/,2026-09-09,convenience_sample_candidate,not_checked,caption_candidates_extracted,True,True,False,False,passed_70_percent_threshold,2,"[{""figure"": 1, ""pdf_page"": 2}, {""figure"": 2, ""pdf_page"": 4}]",(a) Accuracy and feature scale in Office-31. (b) MAE and feature scale in MPI3D. (c) Change of feature scale by two methods.,Automatically extracted first 22 words starting at a caption-like line; may include neighboring text.,"[""quantitative_comparison"", ""ablation_or_mechanism""]","Bounded browser PDF text windows, not full-paper reading","Bounded proceedings windows; title-prioritized for AI model, method and empirical relevance; not ranked by figure quality."
p0295,Overcoming Catastrophic Forgetting by Bayesian Generative Regularization,"Pei-Hung Chen, Wei Wei, Cho-Jui Hsieh, Bo Dai",ICML,2021,https://proceedings.mlr.press/v139/chen21v/chen21v.pdf,https://proceedings.mlr.press/v139/,2026-09-09,convenience_sample_candidate,not_checked,caption_candidates_extracted,True,True,False,False,passed_70_percent_threshold,2,"[{""figure"": 1, ""pdf_page"": 2}, {""figure"": 2, ""pdf_page"": 4}]","Illustration of the problem setup. marks. However, VCL approxiamtes the posterior distribution by assuming parameters shared by all tasks to be independent",Automatically extracted first 22 words starting at a caption-like line; may include neighboring text.,"[""worked_example_or_problem"", ""quantitative_comparison"", ""uncertainty_or_distribution""]","Bounded browser PDF text windows, not full-paper reading","Bounded proceedings windows; title-prioritized for AI model, method and empirical relevance; not ranked by figure quality."
p0296,Cyclically Equivariant Neural Decoders for Cyclic Codes,"Xiangyu Chen, Min Ye",ICML,2021,https://proceedings.mlr.press/v139/chen21w/chen21w.pdf,https://proceedings.mlr.press/v139/,2026-09-09,convenience_sample_candidate,not_checked,caption_candidates_extracted,True,True,False,False,passed_70_percent_threshold,3,"[{""figure"": 1, ""pdf_page"": 2}, {""figure"": 2, ""pdf_page"": 4}, {""figure"": 3, ""pdf_page"": 4}]",(a) The Tanner graph corresponding to the parity matrix in (1). The variable node vj corresponds to the jth column of the,Automatically extracted first 22 words starting at a caption-like line; may include neighboring text.,[],"Bounded browser PDF text windows, not full-paper reading","Bounded proceedings windows; title-prioritized for AI model, method and empirical relevance; not ranked by figure quality."
p0297,A Receptor Skeleton for Capsule Neural Networks,"Jintai Chen, Hongyun Yu, Chengde Qian, Danny Z Chen, Jian Wu",ICML,2021,https://proceedings.mlr.press/v139/chen21x/chen21x.pdf,https://proceedings.mlr.press/v139/,2026-09-09,convenience_sample_candidate,not_checked,caption_candidates_extracted,True,True,False,False,passed_70_percent_threshold,1,"[{""figure"": 1, ""pdf_page"": 1}]","(a) The idea of CapsNets, which clusters low-level representations to synthesize higher-level representations. (b) The typical routing algorithms (Sabour et al., 2017;",Automatically extracted first 22 words starting at a caption-like line; may include neighboring text.,[],"Bounded browser PDF text windows, not full-paper reading","Bounded proceedings windows; title-prioritized for AI model, method and empirical relevance; not ranked by figure quality."
p0298,SPADE: A Spectral Method for Black-Box Adversarial Robustness Evaluation,"Wuxinlin Cheng, Chenhui Deng, Zhiqiang Zhao, Yaohui Cai, Zhiru Zhang, Zhuo Feng",ICML,2021,https://proceedings.mlr.press/v139/cheng21a/cheng21a.pdf,https://proceedings.mlr.press/v139/,2026-09-09,convenience_sample_candidate,not_checked,caption_candidates_extracted,True,True,False,False,passed_70_percent_threshold,1,"[{""figure"": 1, ""pdf_page"": 4}]","Overview of the proposed method. (a) Given bijective input (X) and output (Y ) data samples, SPADE first constructs graphbased manifolds. (b)",Automatically extracted first 22 words starting at a caption-like line; may include neighboring text.,"[""method_or_architecture"", ""worked_example_or_problem""]","Bounded browser PDF text windows, not full-paper reading","Bounded proceedings windows; title-prioritized for AI model, method and empirical relevance; not ranked by figure quality."
p0299,Exact Optimization of Conformal Predictors via Incremental and Decremental Learning,"Giovanni Cherubin, Konstantinos Chatzikokolakis, Martin Jaggi",ICML,2021,https://proceedings.mlr.press/v139/cherubin21a/cherubin21a.pdf,https://proceedings.mlr.press/v139/,2026-09-09,convenience_sample_candidate,not_checked,caption_candidates_extracted,True,True,False,False,passed_70_percent_threshold,1,"[{""figure"": 1, ""pdf_page"": 4}]","Intuition behind the Simplified k-NN optimization. Training points: , test point: x ; k = 3. The nonconformity score αi for training",Automatically extracted first 22 words starting at a caption-like line; may include neighboring text.,[],"Bounded browser PDF text windows, not full-paper reading","Bounded proceedings windows; title-prioritized for AI model, method and empirical relevance; not ranked by figure quality."
p0300,Towards Rigorous Interpretations: a Formalisation of Feature Attribution,"Darius Afchar, Vincent Guigue, Romain Hennequin",ICML,2021,https://proceedings.mlr.press/v139/afchar21a/afchar21a.pdf,https://proceedings.mlr.press/v139/,2026-09-09,convenience_sample_candidate,not_checked,caption_candidates_extracted,True,True,False,False,passed_70_percent_threshold,2,"[{""figure"": 1, ""pdf_page"": 1}, {""figure"": 2, ""pdf_page"": 3}]","Intuition of the formalisation Example prediction task with five points pA, ..., pE in R 3 and binary labels blue/red. Note that,",Automatically extracted first 22 words starting at a caption-like line; may include neighboring text.,"[""worked_example_or_problem""]","Bounded browser PDF text windows, not full-paper reading","Bounded proceedings windows; title-prioritized for AI model, method and empirical relevance; not ranked by figure quality."
p0301,Is Retain Set All You Need in Machine Unlearning? Restoring Performance of Unlearned Models with Out-Of-Distribution Images,"Jacopo Bonato*, Marco Cotogni, Luigi Sabetta*",ECCV,2024,https://www.ecva.net/papers/eccv_2024/papers_ECCV/papers/00004.pdf,https://www.ecva.net/papers.php,2026-09-09,convenience_sample_candidate,not_checked,caption_candidates_extracted,True,True,True,False,passed_70_percent_threshold,3,"[{""figure"": 1, ""pdf_page"": 4}, {""figure"": 2, ""pdf_page"": 7}, {""figure"": 3, ""pdf_page"": 9}]",SCAR overview. A)SCAR scheme B)distillation-trick through J.S. divergence of the logits of Φθ(xj ) and Φ U θ (xj ). C) Representation,Automatically extracted first 22 words starting at a caption-like line; may include neighboring text.,"[""method_or_architecture"", ""uncertainty_or_distribution""]","Bounded browser PDF text windows, not full-paper reading","Bounded proceedings windows; title-prioritized for AI model, method and empirical relevance; not ranked by figure quality."
p0302,Octopus: Embodied Vision-Language Programmer from Environmental Feedback,"Jingkang Yang, Yuhao Dong, Shuai Liu, Bo Li, Ziyue Wang, ChenCheng Jiang, Haoran Tan, Jiamu Kang, Yuanhan Zhang, Kaiyang Zhou, Ziwei Liu*",ECCV,2024,https://www.ecva.net/papers/eccv_2024/papers_ECCV/papers/00006.pdf,https://www.ecva.net/papers.php,2026-09-09,convenience_sample_candidate,not_checked,caption_candidates_extracted,True,True,False,False,passed_70_percent_threshold,3,"[{""figure"": 1, ""pdf_page"": 1}, {""figure"": 2, ""pdf_page"": 7}, {""figure"": 3, ""pdf_page"": 8}]","Illustration of our vision-language programmer, Octopus, complete a task in GTA environment. Given a task in the form of natural language, Octopus",Automatically extracted first 22 words starting at a caption-like line; may include neighboring text.,"[""worked_example_or_problem""]","Bounded browser PDF text windows, not full-paper reading","Bounded proceedings windows; title-prioritized for AI model, method and empirical relevance; not ranked by figure quality."
p0303,4D Contrastive Superflows are Dense 3D Representation Learners,"Xiang Xu*, Lingdong Kong, Hui Shuai, Wenwei Zhang, Liang Pan, Kai Chen, Ziwei Liu, Qingshan Liu*",ECCV,2024,https://www.ecva.net/papers/eccv_2024/papers_ECCV/papers/00019.pdf,https://www.ecva.net/papers.php,2026-09-09,convenience_sample_candidate,not_checked,caption_candidates_extracted,True,True,True,False,passed_70_percent_threshold,3,"[{""figure"": 1, ""pdf_page"": 2}, {""figure"": 2, ""pdf_page"": 6}, {""figure"": 3, ""pdf_page"": 7}]","Performance overview of SuperFlow compared to state-of-the-art image-to-LiDAR pretraining methods, i.e., Seal [61], SLidR [82], and PPKT [63], on eleven LiDAR datasets.",Automatically extracted first 22 words starting at a caption-like line; may include neighboring text.,"[""method_or_architecture"", ""quantitative_comparison"", ""qualitative_outputs""]","Bounded browser PDF text windows, not full-paper reading","Bounded proceedings windows; title-prioritized for AI model, method and empirical relevance; not ranked by figure quality."
p0304,ItTakesTwo: Leveraging Peer Representations for Semi-supervised LiDAR Semantic Segmentation,"Yuyuan Liu*, Yuanhong Chen, Hu Wang, Vasileios Belagiannis, Ian Reid, Gustavo Carneiro",ECCV,2024,https://www.ecva.net/papers/eccv_2024/papers_ECCV/papers/00022.pdf,https://www.ecva.net/papers.php,2026-09-09,convenience_sample_candidate,not_checked,caption_candidates_extracted,True,True,True,False,passed_70_percent_threshold,2,"[{""figure"": 1, ""pdf_page"": 2}, {""figure"": 2, ""pdf_page"": 5}]","The left figure represents the 3D point cloud scan (ground truth of four classes – Car, Pole, Terrain, and Sidewalk) while the",Automatically extracted first 22 words starting at a caption-like line; may include neighboring text.,"[""worked_example_or_problem"", ""quantitative_comparison"", ""qualitative_outputs"", ""uncertainty_or_distribution""]","Bounded browser PDF text windows, not full-paper reading","Bounded proceedings windows; title-prioritized for AI model, method and empirical relevance; not ranked by figure quality."
p0305,Ponymation: Learning Articulated 3D Animal Motions from Unlabeled Online Videos,"Keqiang Sun, Dor Litvak, Yunzhi Zhang, Hongsheng Li, Jiajun Wu*, Shangzhe Wu*",ECCV,2024,https://www.ecva.net/papers/eccv_2024/papers_ECCV/papers/00029.pdf,https://www.ecva.net/papers.php,2026-09-09,convenience_sample_candidate,not_checked,caption_candidates_extracted,True,True,True,False,passed_70_percent_threshold,2,"[{""figure"": 1, ""pdf_page"": 2}, {""figure"": 2, ""pdf_page"": 5}]",Learning 3D Animal Motions from Unlabeled Online Videos. Given a collection of monocular videos of an animal category sourced from the Internet,Automatically extracted first 22 words starting at a caption-like line; may include neighboring text.,"[""method_or_architecture"", ""qualitative_outputs"", ""ablation_or_mechanism""]","Bounded browser PDF text windows, not full-paper reading","Bounded proceedings windows; title-prioritized for AI model, method and empirical relevance; not ranked by figure quality."
p0306,Robust Fitting on a Gate Quantum Computer,"Frances F Yang*, Michele Sasdelli, Tat-Jun Chin",ECCV,2024,https://www.ecva.net/papers/eccv_2024/papers_ECCV/papers/00037.pdf,https://www.ecva.net/papers.php,2026-09-09,convenience_sample_candidate,not_checked,caption_candidates_extracted,True,True,False,False,passed_70_percent_threshold,3,"[{""figure"": 1, ""pdf_page"": 6}, {""figure"": 2, ""pdf_page"": 7}, {""figure"": 3, ""pdf_page"": 7}]",Influences versus true residuals for robust linear regression. Note that points with lower influence tend to have lower true residuals. which implies,Automatically extracted first 22 words starting at a caption-like line; may include neighboring text.,"[""worked_example_or_problem"", ""efficiency_or_tradeoff""]","Bounded browser PDF text windows, not full-paper reading","Bounded proceedings windows; title-prioritized for AI model, method and empirical relevance; not ranked by figure quality."
p0307,H-V2X: A Large Scale Highway Dataset for BEV Perception,"Chang Liu*, MingXu zhu, Cong Ma",ECCV,2024,https://www.ecva.net/papers/eccv_2024/papers_ECCV/papers/00041.pdf,https://www.ecva.net/papers.php,2026-09-09,convenience_sample_candidate,not_checked,caption_candidates_extracted,True,True,False,False,passed_70_percent_threshold,5,"[{""figure"": 1, ""pdf_page"": 1}, {""figure"": 2, ""pdf_page"": 5}, {""figure"": 3, ""pdf_page"": 6}, {""figure"": 4, ""pdf_page"": 7}, {""figure"": 5, ""pdf_page"": 8}]","We introduce H-V2X, the first large scale highway dataset captured from realworld senario and sensors. H-V2X provides synchroized sensor data, vector map,",Automatically extracted first 22 words starting at a caption-like line; may include neighboring text.,"[""method_or_architecture"", ""worked_example_or_problem"", ""quantitative_comparison""]","Bounded browser PDF text windows, not full-paper reading","Bounded proceedings windows; title-prioritized for AI model, method and empirical relevance; not ranked by figure quality."
p0308,Learning Camouflaged Object Detection from Noisy Pseudo Label,"Jin Zhang*, Ruiheng Zhang*, Yanjiao Shi, Zhe Cao, Nian Liu, Fahad Shahbaz Khan",ECCV,2024,https://www.ecva.net/papers/eccv_2024/papers_ECCV/papers/00051.pdf,https://www.ecva.net/papers.php,2026-09-09,convenience_sample_candidate,not_checked,caption_candidates_extracted,True,True,True,False,passed_70_percent_threshold,4,"[{""figure"": 1, ""pdf_page"": 2}, {""figure"": 2, ""pdf_page"": 4}, {""figure"": 3, ""pdf_page"": 5}, {""figure"": 4, ""pdf_page"": 8}]","Supervision behaviors and outputs: F, P, S, and B denote training with full, point, scribble, and box annotations. GT is the ground",Automatically extracted first 22 words starting at a caption-like line; may include neighboring text.,"[""method_or_architecture"", ""quantitative_comparison"", ""efficiency_or_tradeoff""]","Bounded browser PDF text windows, not full-paper reading","Bounded proceedings windows; title-prioritized for AI model, method and empirical relevance; not ranked by figure quality."
p0309,Weakly Supervised 3D Object Detection via Multi-Level Visual Guidance,"Kuan-Chih Huang*, Yi-Hsuan Tsai, Ming-Hsuan Yang",ECCV,2024,https://www.ecva.net/papers/eccv_2024/papers_ECCV/papers/00055.pdf,https://www.ecva.net/papers.php,2026-09-09,convenience_sample_candidate,not_checked,caption_candidates_extracted,True,True,False,False,passed_70_percent_threshold,4,"[{""figure"": 1, ""pdf_page"": 2}, {""figure"": 2, ""pdf_page"": 5}, {""figure"": 3, ""pdf_page"": 6}, {""figure"": 4, ""pdf_page"": 7}]","Multi-level visual guidance for weakly-supervised 3D object detection. We propose a framework to learn a 3D object detector from weak labels, e.g.,",Automatically extracted first 22 words starting at a caption-like line; may include neighboring text.,"[""method_or_architecture"", ""ablation_or_mechanism"", ""uncertainty_or_distribution""]","Bounded browser PDF text windows, not full-paper reading","Bounded proceedings windows; title-prioritized for AI model, method and empirical relevance; not ranked by figure quality."
p0310,CLR-GAN: Improving GANs Stability and Quality via Consistent Latent Representation and Reconstruction,"Shengke Sun, Ziqian Luan, Zhanshan Zhao*, Shijie Luo, Shuzhen Han*",ECCV,2024,https://www.ecva.net/papers/eccv_2024/papers_ECCV/papers/00072.pdf,https://www.ecva.net/papers.php,2026-09-09,convenience_sample_candidate,not_checked,caption_candidates_extracted,True,True,False,False,passed_70_percent_threshold,2,"[{""figure"": 1, ""pdf_page"": 2}, {""figure"": 2, ""pdf_page"": 6}]","Sketch map of the proposed method, we proposed two additional learning objectives to consider D and G as inverse process. The top",Automatically extracted first 22 words starting at a caption-like line; may include neighboring text.,"[""quantitative_comparison"", ""qualitative_outputs"", ""uncertainty_or_distribution""]","Bounded browser PDF text windows, not full-paper reading","Bounded proceedings windows; title-prioritized for AI model, method and empirical relevance; not ranked by figure quality."
p0311,Learn from the Learnt: Source-Free Active Domain Adaptation via Contrastive Sampling and Visual Persistence,"Mengyao Lyu, Tianxiang Hao, Xinhao Xu, Hui Chen*, Zijia Lin, Jungong Han, Guiguang Ding*",ECCV,2024,https://www.ecva.net/papers/eccv_2024/papers_ECCV/papers/00073.pdf,https://www.ecva.net/papers.php,2026-09-09,convenience_sample_candidate,not_checked,caption_candidates_extracted,True,True,True,False,passed_70_percent_threshold,2,"[{""figure"": 1, ""pdf_page"": 2}, {""figure"": 2, ""pdf_page"": 5}]",(L) Source data-Free Active Domain Adaptation (SFADA) paradigm. Note that the ratio of labeled/unlabeled targets is much lower (≤ 1% or ≤,Automatically extracted first 22 words starting at a caption-like line; may include neighboring text.,"[""method_or_architecture"", ""worked_example_or_problem"", ""quantitative_comparison"", ""ablation_or_mechanism"", ""uncertainty_or_distribution""]","Bounded browser PDF text windows, not full-paper reading","Bounded proceedings windows; title-prioritized for AI model, method and empirical relevance; not ranked by figure quality."
p0312,PromptIQA: Boosting the Performance and Generalization for No-Reference Image Quality Assessment via Prompts,"Zewen Chen, Haina Qin, Juan Wang, Chunfeng Yuan, Bing Li*, Weiming Hu, Leon Wang",ECCV,2024,https://www.ecva.net/papers/eccv_2024/papers_ECCV/papers/00075.pdf,https://www.ecva.net/papers.php,2026-09-09,convenience_sample_candidate,not_checked,caption_candidates_extracted,True,True,False,False,passed_70_percent_threshold,2,"[{""figure"": 1, ""pdf_page"": 2}, {""figure"": 2, ""pdf_page"": 6}]","Comparison of the typical and prompt-based IQA frameworks. For a dataset M, pairs of images and corresponding scores P M i constitute",Automatically extracted first 22 words starting at a caption-like line; may include neighboring text.,"[""method_or_architecture"", ""quantitative_comparison""]","Bounded browser PDF text windows, not full-paper reading","Bounded proceedings windows; title-prioritized for AI model, method and empirical relevance; not ranked by figure quality."
p0313,Motion Mamba: Efficient and Long Sequence Motion Generation,"Zeyu Zhang, Akide Liu, Ian Reid, RICHARD HARTLEY, Bohan Zhuang, Hao Tang*",ECCV,2024,https://www.ecva.net/papers/eccv_2024/papers_ECCV/papers/00100.pdf,https://www.ecva.net/papers.php,2026-09-09,convenience_sample_candidate,not_checked,caption_candidates_extracted,True,True,True,False,passed_70_percent_threshold,2,"[{""figure"": 1, ""pdf_page"": 1}, {""figure"": 2, ""pdf_page"": 7}]",Motion Mamba has achieved significantly superior performance on long squence modeling and motion generation efficiency compared with other well-designed state-of-the-art methods such,Automatically extracted first 22 words starting at a caption-like line; may include neighboring text.,"[""method_or_architecture"", ""worked_example_or_problem"", ""quantitative_comparison"", ""efficiency_or_tradeoff"", ""uncertainty_or_distribution""]","Bounded browser PDF text windows, not full-paper reading","Bounded proceedings windows; title-prioritized for AI model, method and empirical relevance; not ranked by figure quality."
p0314,Radiative Gaussian Splatting for Efficient X-ray Novel View Synthesis,"Yuanhao Cai*, Yixun Liang, Jiahao Wang, Angtian Wang, Yulun Zhang, Xiaokang Yang, Zongwei Zhou, Alan Yuille",ECCV,2024,https://www.ecva.net/papers/eccv_2024/papers_ECCV/papers/00111.pdf,https://www.ecva.net/papers.php,2026-09-09,convenience_sample_candidate,not_checked,caption_candidates_extracted,True,True,False,False,passed_70_percent_threshold,3,"[{""figure"": 1, ""pdf_page"": 2}, {""figure"": 2, ""pdf_page"": 4}, {""figure"": 3, ""pdf_page"": 5}]",Point cloud visualization of the original 3DGS [25] (top) and our X-Gaussian (bottom). We visualize the positions and opacities of the Gaussian,Automatically extracted first 22 words starting at a caption-like line; may include neighboring text.,"[""method_or_architecture"", ""quantitative_comparison"", ""qualitative_outputs"", ""uncertainty_or_distribution""]","Bounded browser PDF text windows, not full-paper reading","Bounded proceedings windows; title-prioritized for AI model, method and empirical relevance; not ranked by figure quality."
p0315,"""Tracking Meets LoRA: Faster Training, Larger Model, Stronger Performance""","Liting Lin, Heng Fan, Zhipeng Zhang, Yaowei Wang*, Yong Xu, Haibin Ling*",ECCV,2024,https://www.ecva.net/papers/eccv_2024/papers_ECCV/papers/00113.pdf,https://www.ecva.net/papers.php,2026-09-09,convenience_sample_candidate,not_checked,caption_candidates_extracted,True,True,True,False,passed_70_percent_threshold,2,"[{""figure"": 1, ""pdf_page"": 2}, {""figure"": 2, ""pdf_page"": 5}]","Comparison of tracking models on performance and training efficiency. ""×"" indicates failure to train due to insufficient memory. Best viewed in color",Automatically extracted first 22 words starting at a caption-like line; may include neighboring text.,"[""method_or_architecture"", ""worked_example_or_problem"", ""quantitative_comparison"", ""efficiency_or_tradeoff"", ""ablation_or_mechanism""]","Bounded browser PDF text windows, not full-paper reading","Bounded proceedings windows; title-prioritized for AI model, method and empirical relevance; not ranked by figure quality."
p0316,A Direct Approach to Viewing Graph Solvability,"Federica Arrigoni*, Andrea Fusiello, Tomas Pajdla",ECCV,2024,https://www.ecva.net/papers/eccv_2024/papers_ECCV/papers/00126.pdf,https://www.ecva.net/papers.php,2026-09-09,convenience_sample_candidate,not_checked,caption_candidates_extracted,True,True,False,False,passed_70_percent_threshold,4,"[{""figure"": 1, ""pdf_page"": 9}, {""figure"": 2, ""pdf_page"": 10}, {""figure"": 3, ""pdf_page"": 12}, {""figure"": 4, ""pdf_page"": 14}]",Our approach for analyzing the solvability of viewing graphs. Our polynomial equations and this fabricated solution are then used to construct the,Automatically extracted first 22 words starting at a caption-like line; may include neighboring text.,"[""worked_example_or_problem"", ""qualitative_outputs"", ""ablation_or_mechanism""]","Bounded browser PDF text windows, not full-paper reading","Bounded proceedings windows; title-prioritized for AI model, method and empirical relevance; not ranked by figure quality."
p0317,ZeST: Zero-Shot Material Transfer from a Single Image,"Ta-Ying Cheng, Prafull Sharma, Andrew Markham, Niki Trigoni, Varun Jampani*",ECCV,2024,https://www.ecva.net/papers/eccv_2024/papers_ECCV/papers/00144.pdf,https://www.ecva.net/papers.php,2026-09-09,convenience_sample_candidate,not_checked,caption_candidates_extracted,True,True,True,False,passed_70_percent_threshold,6,"[{""figure"": 1, ""pdf_page"": 1}, {""figure"": 2, ""pdf_page"": 5}, {""figure"": 3, ""pdf_page"": 6}, {""figure"": 4, ""pdf_page"": 8}, {""figure"": 5, ""pdf_page"": 9}, {""figure"": 6, ""pdf_page"": 10}]","Overview. We present ZeST, a zero-shot single-image approach to (a) transfer material from an examplar image to an object in the input",Automatically extracted first 22 words starting at a caption-like line; may include neighboring text.,"[""method_or_architecture"", ""worked_example_or_problem"", ""quantitative_comparison"", ""qualitative_outputs"", ""ablation_or_mechanism""]","Bounded browser PDF text windows, not full-paper reading","Bounded proceedings windows; title-prioritized for AI model, method and empirical relevance; not ranked by figure quality."
p0318,3D Congealing: 3D-Aware Image Alignment in the Wild,"Yunzhi Zhang*, Zizhang Li, Amit Raj, Andreas Engelhardt, Yuanzhen Li, Tingbo Hou, Jiajun Wu, Varun Jampani",ECCV,2024,https://www.ecva.net/papers/eccv_2024/papers_ECCV/papers/00145.pdf,https://www.ecva.net/papers.php,2026-09-09,convenience_sample_candidate,not_checked,caption_candidates_extracted,True,True,False,False,passed_70_percent_threshold,2,"[{""figure"": 1, ""pdf_page"": 2}, {""figure"": 2, ""pdf_page"": 5}]","Objects with different shapes and appearances, such as these sculptures, may share similar semantic parts and a similar geometric structure. We study",Automatically extracted first 22 words starting at a caption-like line; may include neighboring text.,"[""method_or_architecture"", ""quantitative_comparison""]","Bounded browser PDF text windows, not full-paper reading","Bounded proceedings windows; title-prioritized for AI model, method and empirical relevance; not ranked by figure quality."
p0319,SMooDi: Stylized Motion Diffusion Model,"Lei Zhong, Yiming Xie, Varun Jampani, Deqing Sun, Huaizu Jiang*",ECCV,2024,https://www.ecva.net/papers/eccv_2024/papers_ECCV/papers/00147.pdf,https://www.ecva.net/papers.php,2026-09-09,convenience_sample_candidate,not_checked,metadata_catalogued,False,False,False,False,not_run,0,[],,,[],PDF exceeded browser size limit,"Bounded proceedings windows; title-prioritized for AI model, method and empirical relevance; not ranked by figure quality."
p0320,SV3D: Novel Multi-view Synthesis and 3D Generation from a Single Image using Latent Video Diffusion,"Vikram Voleti*, Chun-Han Yao, Mark Boss, Adam Letts, David Pankratz, Dmitrii Tochilkin, Christian Laforte, Robin Rombach, Varun Jampani*",ECCV,2024,https://www.ecva.net/papers/eccv_2024/papers_ECCV/papers/00150.pdf,https://www.ecva.net/papers.php,2026-09-09,convenience_sample_candidate,not_checked,metadata_catalogued,False,False,False,False,not_run,0,[],,,[],PDF exceeded browser size limit,"Bounded proceedings windows; title-prioritized for AI model, method and empirical relevance; not ranked by figure quality."
p0321,WordRobe: Text-Guided Generation of Textured 3D Garments,"Astitva Srivastava*, Pranav Manu, Amit Raj, Varun Jampani, Avinash Sharma",ECCV,2024,https://www.ecva.net/papers/eccv_2024/papers_ECCV/papers/00151.pdf,https://www.ecva.net/papers.php,2026-09-09,convenience_sample_candidate,not_checked,metadata_catalogued,False,False,False,False,not_run,0,[],,,[],PDF exceeded browser size limit,"Bounded proceedings windows; title-prioritized for AI model, method and empirical relevance; not ranked by figure quality."
p0322,Learning to Generate Conditional Tri-plane for 3D-aware Expression Controllable Portrait Animation,"Taekyung Ki*, Dongchan Min, Gyeongsu Chae*",ECCV,2024,https://www.ecva.net/papers/eccv_2024/papers_ECCV/papers/00159.pdf,https://www.ecva.net/papers.php,2026-09-09,convenience_sample_candidate,not_checked,caption_candidates_extracted,True,True,False,False,passed_70_percent_threshold,3,"[{""figure"": 1, ""pdf_page"": 4}, {""figure"": 2, ""pdf_page"": 5}, {""figure"": 3, ""pdf_page"": 7}]","Training overview of Export3D. We convert a source image S ∈ R 3×H×W into a tri-plane TβD (S) for rich 3D priors,",Automatically extracted first 22 words starting at a caption-like line; may include neighboring text.,"[""method_or_architecture"", ""qualitative_outputs""]","Bounded browser PDF text windows, not full-paper reading","Bounded proceedings windows; title-prioritized for AI model, method and empirical relevance; not ranked by figure quality."
p0323,SimPB: A Single Model for 2D and 3D Object Detection from Multiple Cameras,"Yingqi Tang, Zhaotie Meng, Guoliang Chen, Erkang Cheng*",ECCV,2024,https://www.ecva.net/papers/eccv_2024/papers_ECCV/papers/00161.pdf,https://www.ecva.net/papers.php,2026-09-09,convenience_sample_candidate,not_checked,caption_candidates_extracted,True,True,False,False,passed_70_percent_threshold,3,"[{""figure"": 1, ""pdf_page"": 2}, {""figure"": 2, ""pdf_page"": 6}, {""figure"": 3, ""pdf_page"": 8}]",Comparisons of different multi-view object detection pipelines. (a) Multi-view 3D object detection. (b) A two-stage multi-view 3D object detector where 2D box,Automatically extracted first 22 words starting at a caption-like line; may include neighboring text.,"[""method_or_architecture"", ""worked_example_or_problem"", ""quantitative_comparison""]","Bounded browser PDF text windows, not full-paper reading","Bounded proceedings windows; title-prioritized for AI model, method and empirical relevance; not ranked by figure quality."
p0324,"""EMDM: Efficient Motion Diffusion Model for Fast, High-Quality Human Motion Generation""","Wenyang Zhou, Zhiyang Dou*, Zeyu Cao, Zhouyingcheng Liao, Jingbo Wang, Wenjia Wang, Yuan Liu, Taku Komura, Wenping Wang, Lingjie Liu",ECCV,2024,https://www.ecva.net/papers/eccv_2024/papers_ECCV/papers/00168.pdf,https://www.ecva.net/papers.php,2026-09-09,convenience_sample_candidate,not_checked,caption_candidates_extracted,True,True,True,False,passed_70_percent_threshold,3,"[{""figure"": 1, ""pdf_page"": 2}, {""figure"": 2, ""pdf_page"": 3}, {""figure"": 3, ""pdf_page"": 3}]",EMDM produces high-quality human motion aligned with input conditions in a short runtime. The average run time of EMDM in (a) action-to-motion,Automatically extracted first 22 words starting at a caption-like line; may include neighboring text.,"[""method_or_architecture"", ""quantitative_comparison"", ""efficiency_or_tradeoff"", ""uncertainty_or_distribution""]","Bounded browser PDF text windows, not full-paper reading","Bounded proceedings windows; title-prioritized for AI model, method and empirical relevance; not ranked by figure quality."
p0325,Editable Image Elements for Controllable Synthesis,"Jiteng Mu*, Michaël Gharbi, Richard Zhang, Eli Shechtman, Nuno Vasconcelos, Xiaolong Wang, Taesung Park*",ECCV,2024,https://www.ecva.net/papers/eccv_2024/papers_ECCV/papers/00175.pdf,https://www.ecva.net/papers.php,2026-09-09,convenience_sample_candidate,not_checked,caption_candidates_extracted,True,True,False,False,passed_70_percent_threshold,6,"[{""figure"": 1, ""pdf_page"": 2}, {""figure"": 2, ""pdf_page"": 4}, {""figure"": 3, ""pdf_page"": 6}, {""figure"": 4, ""pdf_page"": 9}, {""figure"": 5, ""pdf_page"": 10}, {""figure"": 6, ""pdf_page"": 11}]","We propose editable image elements, a flexible representation that faithfully reconstructs an input image, while enabling various spatial editing operations. (top) The",Automatically extracted first 22 words starting at a caption-like line; may include neighboring text.,"[""method_or_architecture"", ""worked_example_or_problem"", ""quantitative_comparison"", ""qualitative_outputs""]","Bounded browser PDF text windows, not full-paper reading","Bounded proceedings windows; title-prioritized for AI model, method and empirical relevance; not ranked by figure quality."
p0326,Improving 2D Feature Representations by 3D-Aware Fine-Tuning,"Yuanwen Yue*, Anurag Das, Francis Engelmann, Siyu Tang, Jan Eric Lenssen",ECCV,2024,https://www.ecva.net/papers/eccv_2024/papers_ECCV/papers/00176.pdf,https://www.ecva.net/papers.php,2026-09-09,convenience_sample_candidate,not_checked,caption_candidates_extracted,True,True,False,False,passed_70_percent_threshold,4,"[{""figure"": 1, ""pdf_page"": 1}, {""figure"": 2, ""pdf_page"": 3}, {""figure"": 3, ""pdf_page"": 5}, {""figure"": 4, ""pdf_page"": 6}]",We propose 3D-aware fine-tuning to improve 2D foundation features. Our method starts with lifting 2D image features (e.g. DINOv2 [42]) (b) to,Automatically extracted first 22 words starting at a caption-like line; may include neighboring text.,"[""method_or_architecture"", ""quantitative_comparison"", ""efficiency_or_tradeoff"", ""qualitative_outputs"", ""ablation_or_mechanism""]","Bounded browser PDF text windows, not full-paper reading","Bounded proceedings windows; title-prioritized for AI model, method and empirical relevance; not ranked by figure quality."
p0327,Self-supervised Feature Adaptation for 3D Industrial Anomaly Detection,"Yuanpeng Tu, Boshen Zhang, Liang Liu, YUXI LI, Jiangning Zhang, Yabiao Wang*, Chengjie Wang, cairong zhao*",ECCV,2024,https://www.ecva.net/papers/eccv_2024/papers_ECCV/papers/00180.pdf,https://www.ecva.net/papers.php,2026-09-09,convenience_sample_candidate,not_checked,caption_candidates_extracted,True,True,True,False,passed_70_percent_threshold,4,"[{""figure"": 1, ""pdf_page"": 2}, {""figure"": 2, ""pdf_page"": 5}, {""figure"": 3, ""pdf_page"": 6}, {""figure"": 4, ""pdf_page"": 8}]",Illustrations of MVTec-3D AD dataset [11]. The second and third rows are the input point cloud data and RGB data. The fourth,Automatically extracted first 22 words starting at a caption-like line; may include neighboring text.,"[""method_or_architecture"", ""worked_example_or_problem"", ""quantitative_comparison"", ""efficiency_or_tradeoff""]","Bounded browser PDF text windows, not full-paper reading","Bounded proceedings windows; title-prioritized for AI model, method and empirical relevance; not ranked by figure quality."
p0328,SemGrasp: Semantic Grasp Generation via Language Aligned Discretization,"Kailin Li*, Jingbo Wang, Lixin Yang, Cewu Lu*, Bo Dai",ECCV,2024,https://www.ecva.net/papers/eccv_2024/papers_ECCV/papers/00193.pdf,https://www.ecva.net/papers.php,2026-09-09,convenience_sample_candidate,not_checked,caption_candidates_extracted,True,True,False,False,passed_70_percent_threshold,3,"[{""figure"": 1, ""pdf_page"": 2}, {""figure"": 2, ""pdf_page"": 5}, {""figure"": 3, ""pdf_page"": 6}]","Our SemGrasp methodology. The left figure shows the grasp generation process, while the right illustrates the decoding of our discrete grasp representation.",Automatically extracted first 22 words starting at a caption-like line; may include neighboring text.,"[""method_or_architecture"", ""worked_example_or_problem"", ""qualitative_outputs"", ""ablation_or_mechanism""]","Bounded browser PDF text windows, not full-paper reading","Bounded proceedings windows; title-prioritized for AI model, method and empirical relevance; not ranked by figure quality."
p0329,MANIKIN: Biomechanically Accurate Neural Inverse Kinematics for Human Motion Estimation,"Jiaxi Jiang*, Paul Streli, Xuejing Luo, Christoph Gebhardt, Christian Holz",ECCV,2024,https://www.ecva.net/papers/eccv_2024/papers_ECCV/papers/00194.pdf,https://www.ecva.net/papers.php,2026-09-09,convenience_sample_candidate,not_checked,caption_candidates_extracted,True,True,False,False,passed_70_percent_threshold,3,"[{""figure"": 1, ""pdf_page"": 5}, {""figure"": 2, ""pdf_page"": 7}, {""figure"": 3, ""pdf_page"": 8}]","Comparison between SMPL and biomechanically constraint limb motion: (a) the skeleton of the SMPL model, (b) unrealistic SMPL joint configurations in the",Automatically extracted first 22 words starting at a caption-like line; may include neighboring text.,"[""method_or_architecture"", ""worked_example_or_problem"", ""quantitative_comparison""]","Bounded browser PDF text windows, not full-paper reading","Bounded proceedings windows; title-prioritized for AI model, method and empirical relevance; not ranked by figure quality."
p0330,DragAPart: Learning a Part-Level Motion Prior for Articulated Objects,"Ruining Li*, Chuanxia Zheng, Christian Rupprecht, Andrea Vedaldi",ECCV,2024,https://www.ecva.net/papers/eccv_2024/papers_ECCV/papers/00201.pdf,https://www.ecva.net/papers.php,2026-09-09,convenience_sample_candidate,not_checked,caption_candidates_extracted,True,True,False,False,passed_70_percent_threshold,2,"[{""figure"": 1, ""pdf_page"": 1}, {""figure"": 2, ""pdf_page"": 6}]","Examples of our DragAPart. Each drag in DragAPart represents a partlevel interaction, resulting in a physically plausible deformation of the object shape.",Automatically extracted first 22 words starting at a caption-like line; may include neighboring text.,"[""method_or_architecture"", ""worked_example_or_problem"", ""efficiency_or_tradeoff"", ""ablation_or_mechanism""]","Bounded browser PDF text windows, not full-paper reading","Bounded proceedings windows; title-prioritized for AI model, method and empirical relevance; not ranked by figure quality."
p0331,Diffusion Bridges for 3D Point Cloud Denoising,"Mathias Vogel Hüni, Keisuke Tateno, Marc Pollefeys, Federico Tombari, Marie-Julie Rakotosaona, Francis Engelmann*",ECCV,2024,https://www.ecva.net/papers/eccv_2024/papers_ECCV/papers/00203.pdf,https://www.ecva.net/papers.php,2026-09-09,convenience_sample_candidate,not_checked,metadata_catalogued,False,False,False,False,not_run,0,[],,,[],PDF exceeded browser size limit,"Bounded proceedings windows; title-prioritized for AI model, method and empirical relevance; not ranked by figure quality."
p0332,BAM-DETR: Boundary-Aligned Moment Detection Transformer for Temporal Sentence Grounding in Videos,"Pilhyeon Lee*, Hyeran Byun",ECCV,2024,https://www.ecva.net/papers/eccv_2024/papers_ECCV/papers/00212.pdf,https://www.ecva.net/papers.php,2026-09-09,convenience_sample_candidate,not_checked,caption_candidates_extracted,True,True,False,False,passed_70_percent_threshold,3,"[{""figure"": 1, ""pdf_page"": 2}, {""figure"": 2, ""pdf_page"": 5}, {""figure"": 3, ""pdf_page"": 8}]",Comparison of moment modeling approaches under the scenario of an ambiguous center from QVHighlights. (a) The conventional method formulates a moment with,Automatically extracted first 22 words starting at a caption-like line; may include neighboring text.,"[""method_or_architecture"", ""worked_example_or_problem"", ""quantitative_comparison"", ""efficiency_or_tradeoff""]","Bounded browser PDF text windows, not full-paper reading","Bounded proceedings windows; title-prioritized for AI model, method and empirical relevance; not ranked by figure quality."
p0333,MarineInst: A Foundation Model for Marine Image Analysis with Instance Visual Description,"Ziqiang Zheng*, Yiwei Chen, Huimin Zeng, Tuan-Anh Vu, Binh-Son Hua, Sai-Kit Yeung",ECCV,2024,https://www.ecva.net/papers/eccv_2024/papers_ECCV/papers/00223.pdf,https://www.ecva.net/papers.php,2026-09-09,convenience_sample_candidate,not_checked,caption_candidates_extracted,True,True,False,False,passed_70_percent_threshold,3,"[{""figure"": 1, ""pdf_page"": 1}, {""figure"": 2, ""pdf_page"": 3}, {""figure"": 3, ""pdf_page"": 7}]","We present MarineInst, a powerful and flexible marine foundation model, which could support various downstream tasks. Best viewed in color. Abstract. Recent",Automatically extracted first 22 words starting at a caption-like line; may include neighboring text.,"[""method_or_architecture"", ""worked_example_or_problem"", ""quantitative_comparison"", ""qualitative_outputs"", ""ablation_or_mechanism""]","Bounded browser PDF text windows, not full-paper reading","Bounded proceedings windows; title-prioritized for AI model, method and empirical relevance; not ranked by figure quality."
p0334,Superpixel-informed Implicit Neural Representation for Multi-Dimensional Data,"Jia-Yi Li, Xi-Le Zhao*, Jian-Li Wang, Chao Wang, Min Wang",ECCV,2024,https://www.ecva.net/papers/eccv_2024/papers_ECCV/papers/00234.pdf,https://www.ecva.net/papers.php,2026-09-09,convenience_sample_candidate,not_checked,caption_candidates_extracted,True,True,False,False,passed_70_percent_threshold,2,"[{""figure"": 1, ""pdf_page"": 2}, {""figure"": 2, ""pdf_page"": 4}]",Illustration of the overall processing of the traditional INR and our proposed Superpixel-informed INR (S-INR) on image denoising task. In the proposed,Automatically extracted first 22 words starting at a caption-like line; may include neighboring text.,"[""worked_example_or_problem"", ""quantitative_comparison""]","Bounded browser PDF text windows, not full-paper reading","Bounded proceedings windows; title-prioritized for AI model, method and empirical relevance; not ranked by figure quality."
p0335,EgoPoser: Robust Real-Time Egocentric Pose Estimation from Sparse and Intermittent Observations Everywhere,"Jiaxi Jiang*, Paul Streli, Manuel Meier, Christian Holz",ECCV,2024,https://www.ecva.net/papers/eccv_2024/papers_ECCV/papers/00248.pdf,https://www.ecva.net/papers.php,2026-09-09,convenience_sample_candidate,not_checked,caption_candidates_extracted,True,True,False,False,passed_70_percent_threshold,5,"[{""figure"": 1, ""pdf_page"": 2}, {""figure"": 2, ""pdf_page"": 5}, {""figure"": 3, ""pdf_page"": 6}, {""figure"": 4, ""pdf_page"": 7}, {""figure"": 5, ""pdf_page"": 7}]","Today’s Mixed Reality systems integrate all tracking inside the headset, supporting mobile use in everyday environments. This sacrifices much of the user’s",Automatically extracted first 22 words starting at a caption-like line; may include neighboring text.,"[""method_or_architecture"", ""worked_example_or_problem""]","Bounded browser PDF text windows, not full-paper reading","Bounded proceedings windows; title-prioritized for AI model, method and empirical relevance; not ranked by figure quality."
p0336,SplatFields: Neural Gaussian Splats for Sparse 3D and 4D Reconstruction,"Marko Mihajlovic*, Sergey Prokudin, Siyu Tang, Robert Maier, Federica Bogo, Tony Tung, Edmond Boyer",ECCV,2024,https://www.ecva.net/papers/eccv_2024/papers_ECCV/papers/00254.pdf,https://www.ecva.net/papers.php,2026-09-09,convenience_sample_candidate,not_checked,caption_candidates_extracted,True,True,False,False,passed_70_percent_threshold,2,"[{""figure"": 1, ""pdf_page"": 2}, {""figure"": 2, ""pdf_page"": 7}]",SplatFields regularizes 3D Gaussian Splatting (3DGS) [28] by predicting the splat features and locations via neural fields to improve the reconstruction under,Automatically extracted first 22 words starting at a caption-like line; may include neighboring text.,"[""method_or_architecture"", ""quantitative_comparison"", ""qualitative_outputs""]","Bounded browser PDF text windows, not full-paper reading","Bounded proceedings windows; title-prioritized for AI model, method and empirical relevance; not ranked by figure quality."
p0337,VFusion3D: Learning Scalable 3D Generative Models from Video Diffusion Models,"Junlin Han*, Filippos Kokkinos, Philip Torr",ECCV,2024,https://www.ecva.net/papers/eccv_2024/papers_ECCV/papers/00255.pdf,https://www.ecva.net/papers.php,2026-09-09,convenience_sample_candidate,not_checked,caption_candidates_extracted,True,True,False,False,passed_70_percent_threshold,6,"[{""figure"": 1, ""pdf_page"": 1}, {""figure"": 2, ""pdf_page"": 3}, {""figure"": 3, ""pdf_page"": 6}, {""figure"": 4, ""pdf_page"": 8}, {""figure"": 5, ""pdf_page"": 9}, {""figure"": 6, ""pdf_page"": 10}]",Comparisons of large 3D reconstruction models. Our VFusion3D reconstructs high-quality and 3D-consistent assets from a single input image.2 Junlin Han et al.,Automatically extracted first 22 words starting at a caption-like line; may include neighboring text.,"[""method_or_architecture"", ""quantitative_comparison"", ""qualitative_outputs""]","Bounded browser PDF text windows, not full-paper reading","Bounded proceedings windows; title-prioritized for AI model, method and empirical relevance; not ranked by figure quality."
p0338,Physics-Based Interaction with 3D Objects via Video Generation,"Tianyuan Zhang*, Hong-Xing Yu, Rundi Wu, Brandon Y Feng, Changxi Zheng, Noah Snavely, Jiajun Wu, William T. Freeman",ECCV,2024,https://www.ecva.net/papers/eccv_2024/papers_ECCV/papers/00270.pdf,https://www.ecva.net/papers.php,2026-09-09,convenience_sample_candidate,not_checked,caption_candidates_extracted,True,True,False,False,passed_70_percent_threshold,4,"[{""figure"": 1, ""pdf_page"": 2}, {""figure"": 2, ""pdf_page"": 5}, {""figure"": 3, ""pdf_page"": 6}, {""figure"": 4, ""pdf_page"": 9}]","(Left) Leveraging and distilling dynamics priors from a pre-trained video generation model, we estimate a physical material field for the static 3D",Automatically extracted first 22 words starting at a caption-like line; may include neighboring text.,"[""method_or_architecture"", ""worked_example_or_problem"", ""qualitative_outputs"", ""ablation_or_mechanism""]","Bounded browser PDF text windows, not full-paper reading","Bounded proceedings windows; title-prioritized for AI model, method and empirical relevance; not ranked by figure quality."
p0339,Learning 3D Geometry and Feature Consistent Gaussian Splatting for Object Removal,"Yuxin Wang, Qianyi Wu, Guofeng Zhang, Dan Xu*",ECCV,2024,https://www.ecva.net/papers/eccv_2024/papers_ECCV/papers/00294.pdf,https://www.ecva.net/papers.php,2026-09-09,convenience_sample_candidate,not_checked,caption_candidates_extracted,True,True,False,False,passed_70_percent_threshold,3,"[{""figure"": 1, ""pdf_page"": 2}, {""figure"": 2, ""pdf_page"": 6}, {""figure"": 3, ""pdf_page"": 8}]","Illustration of the Object Removal using 3D Gaussian Representations. Given a set of multi-view posed images and object masks, our goal is",Automatically extracted first 22 words starting at a caption-like line; may include neighboring text.,"[""method_or_architecture"", ""worked_example_or_problem"", ""quantitative_comparison"", ""efficiency_or_tradeoff"", ""qualitative_outputs"", ""ablation_or_mechanism""]","Bounded browser PDF text windows, not full-paper reading","Bounded proceedings windows; title-prioritized for AI model, method and empirical relevance; not ranked by figure quality."
p0340,Efficient Few-Shot Action Recognition via Multi-Level Post-Reasoning,"Cong Wu, Xiao-Jun Wu*, Linze Li, Tianyang Xu, Zhenhua Feng, Josef Kittler",ECCV,2024,https://www.ecva.net/papers/eccv_2024/papers_ECCV/papers/00305.pdf,https://www.ecva.net/papers.php,2026-09-09,convenience_sample_candidate,not_checked,caption_candidates_extracted,True,True,False,False,passed_70_percent_threshold,3,"[{""figure"": 1, ""pdf_page"": 5}, {""figure"": 2, ""pdf_page"": 6}, {""figure"": 3, ""pdf_page"": 8}]","The proposed EMP-Net has three main components: frozen CLIP for visual and textual features extraction, image-to-video adaption for spatiotemporal reasoning, and the",Automatically extracted first 22 words starting at a caption-like line; may include neighboring text.,"[""efficiency_or_tradeoff"", ""ablation_or_mechanism""]","Bounded browser PDF text windows, not full-paper reading","Bounded proceedings windows; title-prioritized for AI model, method and empirical relevance; not ranked by figure quality."
p0341,OGNI-DC: Robust Depth Completion with Optimization-Guided Neural Iterations,"Yiming Zuo*, Jia Deng",ECCV,2024,https://www.ecva.net/papers/eccv_2024/papers_ECCV/papers/00319.pdf,https://www.ecva.net/papers.php,2026-09-09,convenience_sample_candidate,not_checked,caption_candidates_extracted,True,True,False,False,passed_70_percent_threshold,2,"[{""figure"": 1, ""pdf_page"": 2}, {""figure"": 2, ""pdf_page"": 7}]",The overall pipeline of OGNI-DC. We first extract features at 1/4 resolution from the concatenation of the image and the sparse depth,Automatically extracted first 22 words starting at a caption-like line; may include neighboring text.,"[""method_or_architecture""]","Bounded browser PDF text windows, not full-paper reading","Bounded proceedings windows; title-prioritized for AI model, method and empirical relevance; not ranked by figure quality."
p0342,Beta-Tuned Timestep Diffusion Model,"Tianyi Zheng*, Peng-Tao Jiang, Ben Wan, Hao Zhang, Jinwei Chen, Jia Wang*, Bo Li*",ECCV,2024,https://www.ecva.net/papers/eccv_2024/papers_ECCV/papers/00328.pdf,https://www.ecva.net/papers.php,2026-09-09,convenience_sample_candidate,not_checked,caption_candidates_extracted,True,True,False,False,passed_70_percent_threshold,3,"[{""figure"": 1, ""pdf_page"": 3}, {""figure"": 2, ""pdf_page"": 8}, {""figure"": 3, ""pdf_page"": 9}]",The PSNR and LPIPS metrics between the distribution at timestep t and the original distribution in forward diffusion under different noise schedules.,Automatically extracted first 22 words starting at a caption-like line; may include neighboring text.,"[""quantitative_comparison"", ""uncertainty_or_distribution""]","Bounded browser PDF text windows, not full-paper reading","Bounded proceedings windows; title-prioritized for AI model, method and empirical relevance; not ranked by figure quality."
p0343,POA: Pre-training Once for Models of All Sizes,"Yingying Zhang*, Xin Guo, Jiangwei Lao, Lei Yu, Lixiang Ru, Jian Wang, Guo Ye, HUIMEI HE, Jingdong Chen, Ming Yang*",ECCV,2024,https://www.ecva.net/papers/eccv_2024/papers_ECCV/papers/00333.pdf,https://www.ecva.net/papers.php,2026-09-09,convenience_sample_candidate,not_checked,caption_candidates_extracted,True,True,False,False,passed_70_percent_threshold,3,"[{""figure"": 1, ""pdf_page"": 2}, {""figure"": 2, ""pdf_page"": 5}, {""figure"": 3, ""pdf_page"": 6}]",The k-NN evaluation accuracy of 143 elastic ViTs derived from the ViT-L/16 teacher model pre-trained with POA. To the best of our,Automatically extracted first 22 words starting at a caption-like line; may include neighboring text.,"[""method_or_architecture"", ""worked_example_or_problem"", ""quantitative_comparison"", ""qualitative_outputs"", ""ablation_or_mechanism""]","Bounded browser PDF text windows, not full-paper reading","Bounded proceedings windows; title-prioritized for AI model, method and empirical relevance; not ranked by figure quality."
p0344,Taming Latent Diffusion Model for Neural Radiance Field Inpainting,"Chieh Hubert Lin*, Changil Kim, Jia-Bin Huang, Qinbo Li, Chih-Yao Ma, Johannes Kopf, Ming-Hsuan Yang, Hung-Yu Tseng",ECCV,2024,https://www.ecva.net/papers/eccv_2024/papers_ECCV/papers/00354.pdf,https://www.ecva.net/papers.php,2026-09-09,convenience_sample_candidate,not_checked,caption_candidates_extracted,True,True,False,False,passed_70_percent_threshold,4,"[{""figure"": 1, ""pdf_page"": 1}, {""figure"": 2, ""pdf_page"": 3}, {""figure"": 3, ""pdf_page"": 4}, {""figure"": 4, ""pdf_page"": 9}]","NeRF inpainting. Given a set of posed images associated with inpainting masks, the proposed framework estimates a NeRF that renders high-quality novel",Automatically extracted first 22 words starting at a caption-like line; may include neighboring text.,"[""method_or_architecture"", ""worked_example_or_problem"", ""quantitative_comparison"", ""qualitative_outputs""]","Bounded browser PDF text windows, not full-paper reading","Bounded proceedings windows; title-prioritized for AI model, method and empirical relevance; not ranked by figure quality."
p0345,MapDistill: Boosting Efficient Camera-based HD Map Construction via Camera-LiDAR Fusion Model Distillation,"Xiaoshuai Hao*, Ruikai Li, Hui Zhang, Rong Yin, Dingzhe Li, Sangil Jung, Seung-In Park, ByungIn Yoo, Haimei Zhao, Jing Zhang",ECCV,2024,https://www.ecva.net/papers/eccv_2024/papers_ECCV/papers/00358.pdf,https://www.ecva.net/papers.php,2026-09-09,convenience_sample_candidate,not_checked,caption_candidates_extracted,True,True,False,False,passed_70_percent_threshold,2,"[{""figure"": 1, ""pdf_page"": 2}, {""figure"": 2, ""pdf_page"": 5}]",Comparison of different methods on the nuScenes val dataset. We benchmark the inference speed on a single NVIDIA RTX 3090 GPU. Our,Automatically extracted first 22 words starting at a caption-like line; may include neighboring text.,"[""method_or_architecture"", ""quantitative_comparison"", ""efficiency_or_tradeoff""]","Bounded browser PDF text windows, not full-paper reading","Bounded proceedings windows; title-prioritized for AI model, method and empirical relevance; not ranked by figure quality."
p0346,"""ByteEdit: Boost, Comply and Accelerate Generative Image Editing""","Yuxi Ren, Jie Wu*, Yanzuo Lu, Huafeng Kuang, Xin Xia, Xionghui Wang, Qianqian Wang, Yixing Zhu, Pan Xie, Shiyin Wang, Xuefeng Xiao, Yitong Wang, Min Zheng, Lean FU",ECCV,2024,https://www.ecva.net/papers/eccv_2024/papers_ECCV/papers/00359.pdf,https://www.ecva.net/papers.php,2026-09-09,convenience_sample_candidate,not_checked,metadata_catalogued,False,False,False,False,not_run,0,[],,,[],PDF exceeded browser size limit,"Bounded proceedings windows; title-prioritized for AI model, method and empirical relevance; not ranked by figure quality."
p0347,Accelerating Image Super-Resolution Networks with Pixel-Level Classification,"Jinho Jeong, Jinwoo Kim, Younghyun Jo, Seon Joo Kim*",ECCV,2024,https://www.ecva.net/papers/eccv_2024/papers_ECCV/papers/00370.pdf,https://www.ecva.net/papers.php,2026-09-09,convenience_sample_candidate,not_checked,caption_candidates_extracted,True,True,False,False,passed_70_percent_threshold,3,"[{""figure"": 1, ""pdf_page"": 2}, {""figure"": 2, ""pdf_page"": 3}, {""figure"": 3, ""pdf_page"": 5}]","The SR result on the image “1228” (Test2K), ×4. By adaptively distributing computational resources in a pixel-wise manner, our method can reduce",Automatically extracted first 22 words starting at a caption-like line; may include neighboring text.,"[""method_or_architecture"", ""quantitative_comparison"", ""efficiency_or_tradeoff"", ""ablation_or_mechanism""]","Bounded browser PDF text windows, not full-paper reading","Bounded proceedings windows; title-prioritized for AI model, method and empirical relevance; not ranked by figure quality."
p0348,LASS3D: Language-Assisted Semi-Supervised 3D Semantic Segmentation with Progressive Unreliable Data Exploitation,"Jianan Li*, Qiulei Dong*",ECCV,2024,https://www.ecva.net/papers/eccv_2024/papers_ECCV/papers/00378.pdf,https://www.ecva.net/papers.php,2026-09-09,convenience_sample_candidate,not_checked,caption_candidates_extracted,True,True,False,False,passed_70_percent_threshold,5,"[{""figure"": 1, ""pdf_page"": 2}, {""figure"": 2, ""pdf_page"": 4}, {""figure"": 3, ""pdf_page"": 5}, {""figure"": 4, ""pdf_page"": 7}, {""figure"": 5, ""pdf_page"": 8}]",Illustration of the proportions of reliable and unreliable points predicted by GPC [17] on ScanNet [4]. The horizontal axis denotes the labeled,Automatically extracted first 22 words starting at a caption-like line; may include neighboring text.,"[""method_or_architecture"", ""worked_example_or_problem"", ""uncertainty_or_distribution""]","Bounded browser PDF text windows, not full-paper reading","Bounded proceedings windows; title-prioritized for AI model, method and empirical relevance; not ranked by figure quality."
p0349,Contourlet Residual for Prompt Learning Enhanced Infrared Image Super-Resolution,"Xingyuan Li, Jinyuan Liu*, ZHIXIN CHEN, Yang Zou, Long Ma, Xin Fan, Risheng Liu",ECCV,2024,https://www.ecva.net/papers/eccv_2024/papers_ECCV/papers/00391.pdf,https://www.ecva.net/papers.php,2026-09-09,convenience_sample_candidate,not_checked,caption_candidates_extracted,True,True,False,False,passed_70_percent_threshold,4,"[{""figure"": 1, ""pdf_page"": 4}, {""figure"": 2, ""pdf_page"": 5}, {""figure"": 3, ""pdf_page"": 6}, {""figure"": 4, ""pdf_page"": 7}]","Overall architecture of our network, Contourlet transform and prompt leaning optimization process. The defects of infrared imaging devices and external environmental factors",Automatically extracted first 22 words starting at a caption-like line; may include neighboring text.,"[""method_or_architecture"", ""efficiency_or_tradeoff""]","Bounded browser PDF text windows, not full-paper reading","Bounded proceedings windows; title-prioritized for AI model, method and empirical relevance; not ranked by figure quality."
p0350,Click-Gaussian: Interactive Segmentation to Any 3D Gaussians,"Seokhun Choi, Hyeonseop Song, Jaechul Kim, Taehyeong Kim*, Hoseok Do*",ECCV,2024,https://www.ecva.net/papers/eccv_2024/papers_ECCV/papers/00406.pdf,https://www.ecva.net/papers.php,2026-09-09,convenience_sample_candidate,not_checked,caption_candidates_extracted,True,True,False,False,passed_70_percent_threshold,2,"[{""figure"": 1, ""pdf_page"": 2}, {""figure"": 2, ""pdf_page"": 5}]","We present Click-Gaussian, a swift and precise method for interactive segmentation of 3D Gaussians using two-level granularity feature fields derived from 2D",Automatically extracted first 22 words starting at a caption-like line; may include neighboring text.,"[""method_or_architecture"", ""worked_example_or_problem"", ""efficiency_or_tradeoff"", ""qualitative_outputs""]","Bounded browser PDF text windows, not full-paper reading","Bounded proceedings windows; title-prioritized for AI model, method and empirical relevance; not ranked by figure quality."
p0351,Random Walk on Pixel Manifolds for Anomaly Segmentation of Complex Driving Scenes,"Zelong Zeng*, Kaname Tomite",ECCV,2024,https://www.ecva.net/papers/eccv_2024/papers_ECCV/papers/00412.pdf,https://www.ecva.net/papers.php,2026-09-09,convenience_sample_candidate,not_checked,caption_candidates_extracted,True,True,False,False,passed_70_percent_threshold,2,"[{""figure"": 1, ""pdf_page"": 2}, {""figure"": 2, ""pdf_page"": 6}]",A toy example about manifolds of pixel embeddings. The dashed circles indicate regions with high predicted logit to the corresponding inlier class.,Automatically extracted first 22 words starting at a caption-like line; may include neighboring text.,"[""method_or_architecture"", ""worked_example_or_problem""]","Bounded browser PDF text windows, not full-paper reading","Bounded proceedings windows; title-prioritized for AI model, method and empirical relevance; not ranked by figure quality."
p0352,DySeT: a Dynamic Masked Self-distillation Approach for Robust Trajectory Prediction,"Mozghan Pourkeshavarz*, Arielle Zhang, Amir Rasouli",ECCV,2024,https://www.ecva.net/papers/eccv_2024/papers_ECCV/papers/00414.pdf,https://www.ecva.net/papers.php,2026-09-09,convenience_sample_candidate,not_checked,caption_candidates_extracted,True,True,False,False,passed_70_percent_threshold,1,"[{""figure"": 1, ""pdf_page"": 4}]","Overview of the proposed self-supervised pre-training framework. Given the token embeddings, we sample visible tokens using a categorical distribution from a dynamic",Automatically extracted first 22 words starting at a caption-like line; may include neighboring text.,"[""method_or_architecture"", ""quantitative_comparison"", ""qualitative_outputs"", ""uncertainty_or_distribution""]","Bounded browser PDF text windows, not full-paper reading","Bounded proceedings windows; title-prioritized for AI model, method and empirical relevance; not ranked by figure quality."
p0353,Track Everything Everywhere Fast and Robustly,"Yunzhou Song, Jiahui Lei*, Ziyun Wang, Lingjie Liu, Kostas Daniilidis",ECCV,2024,https://www.ecva.net/papers/eccv_2024/papers_ECCV/papers/00418.pdf,https://www.ecva.net/papers.php,2026-09-09,convenience_sample_candidate,not_checked,caption_candidates_extracted,True,True,False,False,passed_70_percent_threshold,5,"[{""figure"": 1, ""pdf_page"": 1}, {""figure"": 2, ""pdf_page"": 4}, {""figure"": 2, ""pdf_page"": 5}, {""figure"": 3, ""pdf_page"": 6}, {""figure"": 4, ""pdf_page"": 8}]",Our optimization-based approach achieves fast and robust long-term tracking Abstract. We propose a novel test-time optimization approach for efficiently and robustly tracking,Automatically extracted first 22 words starting at a caption-like line; may include neighboring text.,"[""method_or_architecture"", ""efficiency_or_tradeoff"", ""qualitative_outputs""]","Bounded browser PDF text windows, not full-paper reading","Bounded proceedings windows; title-prioritized for AI model, method and empirical relevance; not ranked by figure quality."
p0354,FreeInit: Bridging Initialization Gap in Video Diffusion Models,"Tianxing Wu*, Chenyang Si, Yuming Jiang, Ziqi Huang, Ziwei Liu",ECCV,2024,https://www.ecva.net/papers/eccv_2024/papers_ECCV/papers/00423.pdf,https://www.ecva.net/papers.php,2026-09-09,convenience_sample_candidate,not_checked,caption_candidates_extracted,True,True,False,False,passed_70_percent_threshold,7,"[{""figure"": 1, ""pdf_page"": 2}, {""figure"": 2, ""pdf_page"": 3}, {""figure"": 3, ""pdf_page"": 6}, {""figure"": 4, ""pdf_page"": 6}, {""figure"": 5, ""pdf_page"": 7}, {""figure"": 6, ""pdf_page"": 8}, {""figure"": 7, ""pdf_page"": 9}]","FreeInit for Video Generation. We propose FreeInit, a concise yet effective method to significantly improve temporal consistency of videos generated by diffusion",Automatically extracted first 22 words starting at a caption-like line; may include neighboring text.,"[""method_or_architecture"", ""quantitative_comparison"", ""qualitative_outputs"", ""ablation_or_mechanism"", ""uncertainty_or_distribution""]","Bounded browser PDF text windows, not full-paper reading","Bounded proceedings windows; title-prioritized for AI model, method and empirical relevance; not ranked by figure quality."
p0355,Eliminating Feature Ambiguity for Few-Shot Segmentation,"Qianxiong Xu*, Guosheng Lin, Chen Change Loy, Cheng Long, Ziyue Li, Rui Zhao",ECCV,2024,https://www.ecva.net/papers/eccv_2024/papers_ECCV/papers/00450.pdf,https://www.ecva.net/papers.php,2026-09-09,convenience_sample_candidate,not_checked,caption_candidates_extracted,True,True,False,False,passed_70_percent_threshold,3,"[{""figure"": 1, ""pdf_page"": 2}, {""figure"": 2, ""pdf_page"": 5}, {""figure"": 3, ""pdf_page"": 6}]","Illustrations of (a) existing methods, and (b) the rationale of our plug-in. In (a), due to the large receptive fields during feature",Automatically extracted first 22 words starting at a caption-like line; may include neighboring text.,"[""method_or_architecture"", ""worked_example_or_problem""]","Bounded browser PDF text windows, not full-paper reading","Bounded proceedings windows; title-prioritized for AI model, method and empirical relevance; not ranked by figure quality."
p0356,Soft Prompt Generation for Domain Generalization,"Shuanghao Bai*, Yuedi Zhang, Wanqi Zhou, Zhirong Luan, Badong Chen*",ECCV,2024,https://www.ecva.net/papers/eccv_2024/papers_ECCV/papers/00454.pdf,https://www.ecva.net/papers.php,2026-09-09,convenience_sample_candidate,not_checked,caption_candidates_extracted,True,True,False,False,passed_70_percent_threshold,2,"[{""figure"": 1, ""pdf_page"": 2}, {""figure"": 2, ""pdf_page"": 6}]",The difference between previous work and our work. We reframe the prompt learning framework from a generative perspective. We exclusively rely on,Automatically extracted first 22 words starting at a caption-like line; may include neighboring text.,"[""method_or_architecture"", ""quantitative_comparison"", ""qualitative_outputs""]","Bounded browser PDF text windows, not full-paper reading","Bounded proceedings windows; title-prioritized for AI model, method and empirical relevance; not ranked by figure quality."
p0357,Shedding More Light on Robust Classifiers under the lens of Energy-based Models,"Mujtaba Hussain Mirza*, Maria Rosaria Briglia*, Senad Beadini*, Iacopo Masi*",ECCV,2024,https://www.ecva.net/papers/eccv_2024/papers_ECCV/papers/00457.pdf,https://www.ecva.net/papers.php,2026-09-09,convenience_sample_candidate,not_checked,caption_candidates_extracted,True,True,False,False,passed_70_percent_threshold,3,"[{""figure"": 1, ""pdf_page"": 2}, {""figure"": 2, ""pdf_page"": 7}, {""figure"": 3, ""pdf_page"": 7}]","(a) PGD untargeted attacks create points that heavily bias the energy landscape. Plot shows Eθ(x) in function of PGD steps, across non-robust",Automatically extracted first 22 words starting at a caption-like line; may include neighboring text.,"[""uncertainty_or_distribution""]","Bounded browser PDF text windows, not full-paper reading","Bounded proceedings windows; title-prioritized for AI model, method and empirical relevance; not ranked by figure quality."
p0358,LN3Diff: Scalable Latent Neural Fields Diffusion for Speedy 3D Generation,"Yushi Lan, Fangzhou Hong, Shuai Yang, Shangchen Zhou, Xuyi Meng, Bo Dai, Xingang Pan, Chen Change Loy*",ECCV,2024,https://www.ecva.net/papers/eccv_2024/papers_ECCV/papers/00501.pdf,https://www.ecva.net/papers.php,2026-09-09,convenience_sample_candidate,not_checked,caption_candidates_extracted,True,True,False,False,passed_70_percent_threshold,2,"[{""figure"": 1, ""pdf_page"": 1}, {""figure"": 2, ""pdf_page"": 5}]","We present LN3Diff, which performs efficient 3D diffusion learning over a compact latent space. The resulting model enables both high-quality monocular 3D",Automatically extracted first 22 words starting at a caption-like line; may include neighboring text.,"[""method_or_architecture"", ""efficiency_or_tradeoff"", ""qualitative_outputs""]","Bounded browser PDF text windows, not full-paper reading","Bounded proceedings windows; title-prioritized for AI model, method and empirical relevance; not ranked by figure quality."
p0359,Equi-GSPR: Equivariant SE(3) Graph Network Model for Sparse Point Cloud Registration,"Xueyang Kang*, Zhaoliang Luan, Kourosh Khoshelham, Bing WANG*",ECCV,2024,https://www.ecva.net/papers/eccv_2024/papers_ECCV/papers/00521.pdf,https://www.ecva.net/papers.php,2026-09-09,convenience_sample_candidate,not_checked,caption_candidates_extracted,True,True,False,False,passed_70_percent_threshold,2,"[{""figure"": 1, ""pdf_page"": 1}, {""figure"": 2, ""pdf_page"": 5}]","The registration model converts the sparse point descriptors of the source and target frames into an equivariant graph feature representation, respectively. Then",Automatically extracted first 22 words starting at a caption-like line; may include neighboring text.,"[""qualitative_outputs"", ""uncertainty_or_distribution""]","Bounded browser PDF text windows, not full-paper reading","Bounded proceedings windows; title-prioritized for AI model, method and empirical relevance; not ranked by figure quality."
p0360,GTP-4o: Modality-prompted Heterogeneous Graph Learning for Omni-modal Biomedical Representation,"Chenxin Li*, Xinyu Liu, Cheng Wang, Yifan Liu, Weihao Yu, Jing Shao, Yixuan Yuan",ECCV,2024,https://www.ecva.net/papers/eccv_2024/papers_ECCV/papers/00523.pdf,https://www.ecva.net/papers.php,2026-09-09,convenience_sample_candidate,not_checked,caption_candidates_extracted,True,True,False,False,passed_70_percent_threshold,2,"[{""figure"": 1, ""pdf_page"": 2}, {""figure"": 2, ""pdf_page"": 5}]","Methodology Comparison. Unlike (a) prior methods, (b) our framework enables learning unified omni-modal representation from various clinical modalities with modality missing and",Automatically extracted first 22 words starting at a caption-like line; may include neighboring text.,"[""method_or_architecture"", ""quantitative_comparison""]","Bounded browser PDF text windows, not full-paper reading","Bounded proceedings windows; title-prioritized for AI model, method and empirical relevance; not ranked by figure quality."
p0361,PromptCCD: Learning Gaussian Mixture Prompt Pool for Continual Category Discovery,"Fernando Julio Cendra, Bingchen Zhao, Kai Han*",ECCV,2024,https://www.ecva.net/papers/eccv_2024/papers_ECCV/papers/00524.pdf,https://www.ecva.net/papers.php,2026-09-09,convenience_sample_candidate,not_checked,caption_candidates_extracted,True,True,False,False,passed_70_percent_threshold,3,"[{""figure"": 1, ""pdf_page"": 2}, {""figure"": 2, ""pdf_page"": 5}, {""figure"": 3, ""pdf_page"": 7}]","Overview of the Continual Category Discovery task. In the initial stage, the model learns from labelled data, while in the subsequent stages,",Automatically extracted first 22 words starting at a caption-like line; may include neighboring text.,"[""method_or_architecture"", ""quantitative_comparison"", ""ablation_or_mechanism""]","Bounded browser PDF text windows, not full-paper reading","Bounded proceedings windows; title-prioritized for AI model, method and empirical relevance; not ranked by figure quality."
p0362,Sapiens: Foundation for Human Vision Models,"Rawal Khirodkar*, Timur Bagautdinov, Julieta Martinez, Zhaoen Su, Austin T James, Peter Selednik, Stuart Anderson, Shunsuke Saito",ECCV,2024,https://www.ecva.net/papers/eccv_2024/papers_ECCV/papers/00529.pdf,https://www.ecva.net/papers.php,2026-09-09,convenience_sample_candidate,not_checked,metadata_catalogued,False,False,False,False,not_run,0,[],,,[],PDF exceeded browser size limit,"Bounded proceedings windows; title-prioritized for AI model, method and empirical relevance; not ranked by figure quality."
p0363,Linearly Controllable GAN: Unsupervised Feature Categorization and Decomposition for Image Generation and Manipulation,"sehyung lee*, Mijung Kim, Yeongnam Chae, Bjorn Stenger",ECCV,2024,https://www.ecva.net/papers/eccv_2024/papers_ECCV/papers/00540.pdf,https://www.ecva.net/papers.php,2026-09-09,convenience_sample_candidate,not_checked,caption_candidates_extracted,True,True,False,False,passed_70_percent_threshold,4,"[{""figure"": 1, ""pdf_page"": 2}, {""figure"": 2, ""pdf_page"": 5}, {""figure"": 3, ""pdf_page"": 6}, {""figure"": 4, ""pdf_page"": 8}]",Illustrative outcomes from LC-GAN trained on CelebA-HQ dataset. The method autonomously learns significant semantics and relates them to input latent codes in,Automatically extracted first 22 words starting at a caption-like line; may include neighboring text.,"[""method_or_architecture"", ""worked_example_or_problem"", ""qualitative_outputs"", ""uncertainty_or_distribution""]","Bounded browser PDF text windows, not full-paper reading","Bounded proceedings windows; title-prioritized for AI model, method and empirical relevance; not ranked by figure quality."
p0364,Generating Human Interaction Motions in Scenes with Text Control,"Hongwei Yi*, Justus Thies, Michael J. Black, Xue Bin Peng, Davis Rempe*",ECCV,2024,https://www.ecva.net/papers/eccv_2024/papers_ECCV/papers/00549.pdf,https://www.ecva.net/papers.php,2026-09-09,convenience_sample_candidate,not_checked,caption_candidates_extracted,True,True,False,False,passed_70_percent_threshold,3,"[{""figure"": 1, ""pdf_page"": 1}, {""figure"": 2, ""pdf_page"": 5}, {""figure"": 3, ""pdf_page"": 7}]","We present TeSMo, a method for generating diverse and plausible human-scene interactions from text input. Given a 3D scene, TeSMo generates scene-aware",Automatically extracted first 22 words starting at a caption-like line; may include neighboring text.,"[""method_or_architecture"", ""qualitative_outputs"", ""ablation_or_mechanism""]","Bounded browser PDF text windows, not full-paper reading","Bounded proceedings windows; title-prioritized for AI model, method and empirical relevance; not ranked by figure quality."
p0365,NOVUM: Neural Object Volumes for Robust Object Classification,"Artur Jesslen*, Guofeng Zhang, Angtian Wang, Wufei Ma, Alan Yuille, Adam Kortylewski",ECCV,2024,https://www.ecva.net/papers/eccv_2024/papers_ECCV/papers/00553.pdf,https://www.ecva.net/papers.php,2026-09-09,convenience_sample_candidate,not_checked,metadata_catalogued,False,False,False,False,not_run,0,[],,,[],PDF exceeded browser size limit,"Bounded proceedings windows; title-prioritized for AI model, method and empirical relevance; not ranked by figure quality."
p0366,Align before Collaborate: Mitigating Feature Misalignment for Robust Multi-Agent Perception,"Dingkang Yang, Dingkang Yang, Ke Li, Dongling Xiao, Zedian Shao, Peng Sun, Liang Song*",ECCV,2024,https://www.ecva.net/papers/eccv_2024/papers_ECCV/papers/00560.pdf,https://www.ecva.net/papers.php,2026-09-09,convenience_sample_candidate,not_checked,caption_candidates_extracted,True,True,False,False,passed_70_percent_threshold,3,"[{""figure"": 1, ""pdf_page"": 2}, {""figure"": 2, ""pdf_page"": 3}, {""figure"": 3, ""pdf_page"": 5}]",(a) shows the infrastructure side image where the ego vehicle is marked with the orange circle. (b) and (c) show the point,Automatically extracted first 22 words starting at a caption-like line; may include neighboring text.,"[""method_or_architecture"", ""worked_example_or_problem"", ""quantitative_comparison""]","Bounded browser PDF text windows, not full-paper reading","Bounded proceedings windows; title-prioritized for AI model, method and empirical relevance; not ranked by figure quality."
p0367,SAIR: Learning Semantic-aware Implicit Representation,"Canyu Zhang*, Xiaoguang Li*, Qing Guo*, Song Wang*",ECCV,2024,https://www.ecva.net/papers/eccv_2024/papers_ECCV/papers/00565.pdf,https://www.ecva.net/papers.php,2026-09-09,convenience_sample_candidate,not_checked,caption_candidates_extracted,True,True,False,False,passed_70_percent_threshold,2,"[{""figure"": 1, ""pdf_page"": 2}, {""figure"": 2, ""pdf_page"": 5}]",Semantic-aware implicit representation (SAIR) is composed of semantic implicit representation (SIR) and appearance implicit representation (AIR). SIR processes the corrupted image and,Automatically extracted first 22 words starting at a caption-like line; may include neighboring text.,"[""method_or_architecture"", ""qualitative_outputs""]","Bounded browser PDF text windows, not full-paper reading","Bounded proceedings windows; title-prioritized for AI model, method and empirical relevance; not ranked by figure quality."
p0368,UNIC: Universal Classification Models via Multi-teacher Distillation,"Yannis Kalantidis, Diane Larlus, Mert Bulent Sariyildiz*, Philippe Weinzaepfel, Thomas LUCAS",ECCV,2024,https://www.ecva.net/papers/eccv_2024/papers_ECCV/papers/00581.pdf,https://www.ecva.net/papers.php,2026-09-09,convenience_sample_candidate,not_checked,caption_candidates_extracted,True,True,False,False,passed_70_percent_threshold,3,"[{""figure"": 1, ""pdf_page"": 1}, {""figure"": 2, ""pdf_page"": 5}, {""figure"": 3, ""pdf_page"": 9}]","Relative gains using our UNIC encoder distilled from four teachers (DINO, DeiT-III, iBOT, dBOT-ft), over the respective best teacher for each task",Automatically extracted first 22 words starting at a caption-like line; may include neighboring text.,"[""method_or_architecture"", ""quantitative_comparison"", ""ablation_or_mechanism""]","Bounded browser PDF text windows, not full-paper reading","Bounded proceedings windows; title-prioritized for AI model, method and empirical relevance; not ranked by figure quality."
p0369,Instance-dependent Noisy-label Learning with Graphical Model Based Noise-rate Estimation,"Arpit Garg*, Cuong Cao Nguyen, RAFAEL FELIX, Thanh-Toan Do, Gustavo Carneiro",ECCV,2024,https://www.ecva.net/papers/eccv_2024/papers_ECCV/papers/00589.pdf,https://www.ecva.net/papers.php,2026-09-09,convenience_sample_candidate,not_checked,caption_candidates_extracted,True,True,False,False,passed_70_percent_threshold,2,"[{""figure"": 1, ""pdf_page"": 3}, {""figure"": 2, ""pdf_page"": 4}]","(a) Comparison of test accuracy % (as a function of training epoch) between the original DivideMix [26] (solid, blue curve) and our",Automatically extracted first 22 words starting at a caption-like line; may include neighboring text.,"[""quantitative_comparison""]","Bounded browser PDF text windows, not full-paper reading","Bounded proceedings windows; title-prioritized for AI model, method and empirical relevance; not ranked by figure quality."
p0370,Vary: Scaling up the Vision Vocabulary for Large Vision-Language Models,"Haoran Wei*, Lingyu Kong, Jinyue Chen, Liang Zhao, Zheng Ge, Jinrong Yang, Jianjian Sun, Chunrui Han, Xiangyu Zhang",ECCV,2024,https://www.ecva.net/papers/eccv_2024/papers_ECCV/papers/00610.pdf,https://www.ecva.net/papers.php,2026-09-09,convenience_sample_candidate,not_checked,caption_candidates_extracted,True,True,False,False,passed_70_percent_threshold,3,"[{""figure"": 1, ""pdf_page"": 2}, {""figure"": 2, ""pdf_page"": 5}, {""figure"": 3, ""pdf_page"": 6}]","Previous method vs. Vary: Unlike other models that use a ready-made vision vocabulary, the processes of Vary can be divided into two",Automatically extracted first 22 words starting at a caption-like line; may include neighboring text.,"[""method_or_architecture"", ""worked_example_or_problem"", ""efficiency_or_tradeoff""]","Bounded browser PDF text windows, not full-paper reading","Bounded proceedings windows; title-prioritized for AI model, method and empirical relevance; not ranked by figure quality."
p0371,ViC-MAE: Self-Supervised Representation Learning from Images and Video with Contrastive Masked Autoencoders,"Jefferson Hernandez*, Ruben Villegas, Vicente Ordonez",ECCV,2024,https://www.ecva.net/papers/eccv_2024/papers_ECCV/papers/00629.pdf,https://www.ecva.net/papers.php,2026-09-09,convenience_sample_candidate,not_checked,caption_candidates_extracted,True,True,False,False,passed_70_percent_threshold,2,"[{""figure"": 1, ""pdf_page"": 2}, {""figure"": 2, ""pdf_page"": 3}]",ViC-MAE operates over video frames and images using masked image modeling at the image and frame level and contrastive learning at the,Automatically extracted first 22 words starting at a caption-like line; may include neighboring text.,"[""quantitative_comparison"", ""qualitative_outputs""]","Bounded browser PDF text windows, not full-paper reading","Bounded proceedings windows; title-prioritized for AI model, method and empirical relevance; not ranked by figure quality."
p0372,E.T. the Exceptional Trajectory: Text-to-camera-trajectory generation with character awareness,"Robin Courant*, Nicolas Dufour, Xi WANG, Marc Christie, Vicky Kalogeiton",ECCV,2024,https://www.ecva.net/papers/eccv_2024/papers_ECCV/papers/00632.pdf,https://www.ecva.net/papers.php,2026-09-09,convenience_sample_candidate,not_checked,caption_candidates_extracted,True,True,False,False,passed_70_percent_threshold,4,"[{""figure"": 1, ""pdf_page"": 1}, {""figure"": 2, ""pdf_page"": 4}, {""figure"": 3, ""pdf_page"": 7}, {""figure"": 4, ""pdf_page"": 9}]",Different results generated by our camera trajectory diffusion system. Project page https://www.lix.polytechnique.fr/vista/projects/2024_et_courant. Abstract. Stories and emotions in movies emerge through the effect,Automatically extracted first 22 words starting at a caption-like line; may include neighboring text.,"[""method_or_architecture"", ""worked_example_or_problem"", ""quantitative_comparison"", ""qualitative_outputs"", ""ablation_or_mechanism""]","Bounded browser PDF text windows, not full-paper reading","Bounded proceedings windows; title-prioritized for AI model, method and empirical relevance; not ranked by figure quality."
p0373,OphNet: A Large-Scale Video Benchmark for Ophthalmic Surgical Workflow Understanding,"Ming Hu*, Peng Xia, Lin Wang, Siyuan Yan, Feilong Tang, zhongxing xu, Yimin Luo, Kaimin Song, Jurgen Leitner, Xuelian Cheng, Jun Cheng, Chi Liu, Kaijing Zhou*, Zongyuan Ge*",ECCV,2024,https://www.ecva.net/papers/eccv_2024/papers_ECCV/papers/00633.pdf,https://www.ecva.net/papers.php,2026-09-09,convenience_sample_candidate,not_checked,caption_candidates_extracted,True,True,False,False,passed_70_percent_threshold,3,"[{""figure"": 1, ""pdf_page"": 6}, {""figure"": 2, ""pdf_page"": 7}, {""figure"": 3, ""pdf_page"": 8}]","The figure shows two combined surgical videos, PHACO + IOL implantation and PHACO + Trabeculotomy + Transscleral Cyclophotocoagulation + IOL implantation. For",Automatically extracted first 22 words starting at a caption-like line; may include neighboring text.,"[""method_or_architecture"", ""worked_example_or_problem"", ""quantitative_comparison""]","Bounded browser PDF text windows, not full-paper reading","Bounded proceedings windows; title-prioritized for AI model, method and empirical relevance; not ranked by figure quality."
p0374,SignAvatars: A Large-scale 3D Sign Language Holistic Motion Dataset and Benchmark,"Zhengdi Yu, Shaoli Huang*, yongkang cheng, Tolga Birdal",ECCV,2024,https://www.ecva.net/papers/eccv_2024/papers_ECCV/papers/00653.pdf,https://www.ecva.net/papers.php,2026-09-09,convenience_sample_candidate,not_checked,caption_candidates_extracted,True,True,False,False,passed_70_percent_threshold,3,"[{""figure"": 1, ""pdf_page"": 2}, {""figure"": 2, ""pdf_page"": 6}, {""figure"": 3, ""pdf_page"": 7}]","Overview of SignAvatars, the first publicly available, large-scale multi-prompt 3D sign language holistic motion dataset. (upper row) We introduce a generic method",Automatically extracted first 22 words starting at a caption-like line; may include neighboring text.,"[""method_or_architecture"", ""quantitative_comparison"", ""uncertainty_or_distribution""]","Bounded browser PDF text windows, not full-paper reading","Bounded proceedings windows; title-prioritized for AI model, method and empirical relevance; not ranked by figure quality."
p0375,AttnZero: Efficient Attention Discovery for Vision Transformers,"Lujun Li, Zimian Wei*, Peijie Dong, Wenhan Luo, Wei Xue, Qifeng Liu*, Yike Guo*",ECCV,2024,https://www.ecva.net/papers/eccv_2024/papers_ECCV/papers/00666.pdf,https://www.ecva.net/papers.php,2026-09-09,convenience_sample_candidate,not_checked,caption_candidates_extracted,True,True,False,False,passed_70_percent_threshold,3,"[{""figure"": 1, ""pdf_page"": 3}, {""figure"": 2, ""pdf_page"": 6}, {""figure"": 3, ""pdf_page"": 8}]","Overall pipeline of AttnZero. Our framework obtains candidate attention populations by sampling from attention search space. With program checking and rejection protocols,",Automatically extracted first 22 words starting at a caption-like line; may include neighboring text.,"[""method_or_architecture"", ""quantitative_comparison"", ""efficiency_or_tradeoff""]","Bounded browser PDF text windows, not full-paper reading","Bounded proceedings windows; title-prioritized for AI model, method and empirical relevance; not ranked by figure quality."
p0376,Auto-GAS: Automated Proxy Discovery for Training-free Generative Architecture Search,"Lujun Li, Haosen Sun, Shiwen Li, Peijie Dong, Wenhan Luo, Wei Xue, Qifeng Liu*, Yike Guo*",ECCV,2024,https://www.ecva.net/papers/eccv_2024/papers_ECCV/papers/00668.pdf,https://www.ecva.net/papers.php,2026-09-09,convenience_sample_candidate,not_checked,caption_candidates_extracted,True,True,False,False,passed_70_percent_threshold,2,"[{""figure"": 1, ""pdf_page"": 3}, {""figure"": 2, ""pdf_page"": 6}]","Correlation visualization of proxies (from left to right: Param., Synflow, NWOT, and Auto-GAS) in Generation benchmarks [15]. in Figure 1, we can",Automatically extracted first 22 words starting at a caption-like line; may include neighboring text.,"[""quantitative_comparison"", ""qualitative_outputs""]","Bounded browser PDF text windows, not full-paper reading","Bounded proceedings windows; title-prioritized for AI model, method and empirical relevance; not ranked by figure quality."
p0377,UniDream: Unifying Diffusion Priors for Relightable Text-to-3D Generation,"Zexiang Liu, Yangguang Li, Youtian Lin, Xin Yu, Sida Peng, Yan-Pei Cao, Xiaojuan Qi, Xiaoshui Huang, Ding Liang*, Wanli Ouyang",ECCV,2024,https://www.ecva.net/papers/eccv_2024/papers_ECCV/papers/00698.pdf,https://www.ecva.net/papers.php,2026-09-09,convenience_sample_candidate,not_checked,metadata_catalogued,False,False,False,False,not_run,0,[],,,[],PDF exceeded browser size limit,"Bounded proceedings windows; title-prioritized for AI model, method and empirical relevance; not ranked by figure quality."
p0378,Dynamic Neural Radiance Field From Defocused Monocular Video,"Xianrui Luo, Huiqiang Sun, Juewen Peng, Zhiguo Cao*",ECCV,2024,https://www.ecva.net/papers/eccv_2024/papers_ECCV/papers/00742.pdf,https://www.ecva.net/papers.php,2026-09-09,convenience_sample_candidate,not_checked,caption_candidates_extracted,True,True,False,False,passed_70_percent_threshold,3,"[{""figure"": 1, ""pdf_page"": 2}, {""figure"": 2, ""pdf_page"": 6}, {""figure"": 3, ""pdf_page"": 7}]","Given a monocular video captured with defocus blur, existing dynamic NeRF approaches fail to recover high-quality details and tend to produce blurry",Automatically extracted first 22 words starting at a caption-like line; may include neighboring text.,"[""method_or_architecture"", ""qualitative_outputs""]","Bounded browser PDF text windows, not full-paper reading","Bounded proceedings windows; title-prioritized for AI model, method and empirical relevance; not ranked by figure quality."
p0379,PiTe: Pixel-Temporal Alignment for Large Video-Language Model,"Yang Liu*, Pengxiang Ding, Siteng Huang, Min Zhang, Han Zhao, Donglin Wang",ECCV,2024,https://www.ecva.net/papers/eccv_2024/papers_ECCV/papers/00744.pdf,https://www.ecva.net/papers.php,2026-09-09,convenience_sample_candidate,not_checked,caption_candidates_extracted,True,True,False,False,passed_70_percent_threshold,6,"[{""figure"": 1, ""pdf_page"": 2}, {""figure"": 2, ""pdf_page"": 4}, {""figure"": 2, ""pdf_page"": 5}, {""figure"": 3, ""pdf_page"": 6}, {""figure"": 4, ""pdf_page"": 7}, {""figure"": 4, ""pdf_page"": 8}]","Comparison with existing LVidLMs in terms of alignment paradigm and performance. For Fig. 1b, QA, TG, DC denote question answering, temporal grounding",Automatically extracted first 22 words starting at a caption-like line; may include neighboring text.,"[""method_or_architecture"", ""quantitative_comparison"", ""efficiency_or_tradeoff""]","Bounded browser PDF text windows, not full-paper reading","Bounded proceedings windows; title-prioritized for AI model, method and empirical relevance; not ranked by figure quality."
p0380,CarFormer: Self-Driving with Learned Object-Centric Representations,"Shadi Hamdan*, Fatma Guney",ECCV,2024,https://www.ecva.net/papers/eccv_2024/papers_ECCV/papers/00753.pdf,https://www.ecva.net/papers.php,2026-09-09,convenience_sample_candidate,not_checked,caption_candidates_extracted,True,True,False,False,passed_70_percent_threshold,2,"[{""figure"": 1, ""pdf_page"": 5}, {""figure"": 1, ""pdf_page"": 7}]","Overview of CarFormer. Given a trajectory τt consisting of discrete and continuous inputs, we first embed these tokens to the same hidden",Automatically extracted first 22 words starting at a caption-like line; may include neighboring text.,"[""method_or_architecture""]","Bounded browser PDF text windows, not full-paper reading","Bounded proceedings windows; title-prioritized for AI model, method and empirical relevance; not ranked by figure quality."
p0381,FreeDiff: Progressive Frequency Truncation for Image Editing with Diffusion Models,"Wei WU*, Qingnan Fan, Shuai Qin, Hong Gu, Ruoyu Zhao, Antoni Chan*",ECCV,2024,https://www.ecva.net/papers/eccv_2024/papers_ECCV/papers/00759.pdf,https://www.ecva.net/papers.php,2026-09-09,convenience_sample_candidate,not_checked,caption_candidates_extracted,True,True,False,False,passed_70_percent_threshold,4,"[{""figure"": 1, ""pdf_page"": 3}, {""figure"": 2, ""pdf_page"": 6}, {""figure"": 3, ""pdf_page"": 8}, {""figure"": 4, ""pdf_page"": 9}]",Editing results across different editing tasks using our proposed method FreeDiff demonstrate the effectiveness of our progressive frequency truncation strategy. lates with,Automatically extracted first 22 words starting at a caption-like line; may include neighboring text.,"[""method_or_architecture"", ""quantitative_comparison"", ""qualitative_outputs"", ""ablation_or_mechanism""]","Bounded browser PDF text windows, not full-paper reading","Bounded proceedings windows; title-prioritized for AI model, method and empirical relevance; not ranked by figure quality."
p0382,Plain-Det: A Plain Multi-Dataset Object Detector,"Cheng Shi, Yuchen Zhu, Sibei Yang*",ECCV,2024,https://www.ecva.net/papers/eccv_2024/papers_ECCV/papers/00763.pdf,https://www.ecva.net/papers.php,2026-09-09,convenience_sample_candidate,not_checked,caption_candidates_extracted,True,True,False,False,passed_70_percent_threshold,4,"[{""figure"": 1, ""pdf_page"": 2}, {""figure"": 2, ""pdf_page"": 3}, {""figure"": 3, ""pdf_page"": 6}, {""figure"": 4, ""pdf_page"": 8}]",The benefits and challenges of multi-dataset object detection. (a) Various datasets span diverse taxonomies and data distributions. (b) Semantic space calibration. (c),Automatically extracted first 22 words starting at a caption-like line; may include neighboring text.,"[""method_or_architecture"", ""quantitative_comparison"", ""efficiency_or_tradeoff"", ""uncertainty_or_distribution""]","Bounded browser PDF text windows, not full-paper reading","Bounded proceedings windows; title-prioritized for AI model, method and empirical relevance; not ranked by figure quality."
p0383,Alternate Diverse Teaching for Semi-supervised Medical Image Segmentation,"Zhen Zhao*, Zicheng Wang, Dian Yu, Longyue Wang*, Yixuan Yuan, Luping Zhou",ECCV,2024,https://www.ecva.net/papers/eccv_2024/papers_ECCV/papers/00764.pdf,https://www.ecva.net/papers.php,2026-09-09,convenience_sample_candidate,not_checked,caption_candidates_extracted,True,True,False,False,passed_70_percent_threshold,3,"[{""figure"": 1, ""pdf_page"": 2}, {""figure"": 2, ""pdf_page"": 3}, {""figure"": 3, ""pdf_page"": 5}]","Frameworks of different SSMIS methods. Crucial distinctions arise from how the unlabeled data is leveraged. a) the plain teacher-student framework, b) a",Automatically extracted first 22 words starting at a caption-like line; may include neighboring text.,"[""method_or_architecture"", ""quantitative_comparison"", ""qualitative_outputs""]","Bounded browser PDF text windows, not full-paper reading","Bounded proceedings windows; title-prioritized for AI model, method and empirical relevance; not ranked by figure quality."
p0384,Cs2K: Class-specific and Class-shared Knowledge Guidance for Incremental Semantic Segmentation,"Wei Cong*, Yang Cong, Yuyang Liu, Gan Sun",ECCV,2024,https://www.ecva.net/papers/eccv_2024/papers_ECCV/papers/00780.pdf,https://www.ecva.net/papers.php,2026-09-09,convenience_sample_candidate,not_checked,caption_candidates_extracted,True,True,False,False,passed_70_percent_threshold,3,"[{""figure"": 1, ""pdf_page"": 2}, {""figure"": 2, ""pdf_page"": 5}, {""figure"": 3, ""pdf_page"": 6}]",Illustration of challenges for ISS. (a) The decision boundary between old classes potted plant and train undergoes a dramatic change without the,Automatically extracted first 22 words starting at a caption-like line; may include neighboring text.,"[""method_or_architecture"", ""worked_example_or_problem"", ""quantitative_comparison"", ""efficiency_or_tradeoff"", ""qualitative_outputs"", ""ablation_or_mechanism""]","Bounded browser PDF text windows, not full-paper reading","Bounded proceedings windows; title-prioritized for AI model, method and empirical relevance; not ranked by figure quality."
p0385,Synchronous Diffusion for Unsupervised Smooth Non-Rigid 3D Shape Matching,"Dongliang Cao*, Zorah Laehner, Florian Bernard",ECCV,2024,https://www.ecva.net/papers/eccv_2024/papers_ECCV/papers/00786.pdf,https://www.ecva.net/papers.php,2026-09-09,convenience_sample_candidate,not_checked,caption_candidates_extracted,True,True,False,False,passed_70_percent_threshold,4,"[{""figure"": 1, ""pdf_page"": 1}, {""figure"": 2, ""pdf_page"": 6}, {""figure"": 3, ""pdf_page"": 9}, {""figure"": 4, ""pdf_page"": 9}]",Left: We present an unsupervised regularisation based on synchronous diffusion for spatially smooth non-rigid 3D shape matching. This is based on the,Automatically extracted first 22 words starting at a caption-like line; may include neighboring text.,"[""worked_example_or_problem"", ""quantitative_comparison"", ""qualitative_outputs""]","Bounded browser PDF text windows, not full-paper reading","Bounded proceedings windows; title-prioritized for AI model, method and empirical relevance; not ranked by figure quality."
p0386,Diffusion Models for Open-Vocabulary Segmentation,"Laurynas Karazija*, Iro Laina, Andrea Vedaldi, Christian Rupprecht",ECCV,2024,https://www.ecva.net/papers/eccv_2024/papers_ECCV/papers/00794.pdf,https://www.ecva.net/papers.php,2026-09-09,convenience_sample_candidate,not_checked,caption_candidates_extracted,True,True,False,False,passed_70_percent_threshold,2,"[{""figure"": 1, ""pdf_page"": 2}, {""figure"": 2, ""pdf_page"": 6}]","OVDiff is an open-vocabulary segmentation method that, given an image and a free-form set of class names, can segment any user-defined classes.",Automatically extracted first 22 words starting at a caption-like line; may include neighboring text.,"[""method_or_architecture"", ""quantitative_comparison"", ""efficiency_or_tradeoff"", ""qualitative_outputs""]","Bounded browser PDF text windows, not full-paper reading","Bounded proceedings windows; title-prioritized for AI model, method and empirical relevance; not ranked by figure quality."
p0387,Textual-Visual Logic Challenge: Understanding and Reasoning in Text-to-Image Generation,"Peixi Xiong*, Michael A Kozuch, Nilesh Jain",ECCV,2024,https://www.ecva.net/papers/eccv_2024/papers_ECCV/papers/00796.pdf,https://www.ecva.net/papers.php,2026-09-09,convenience_sample_candidate,not_checked,caption_candidates_extracted,True,True,False,False,passed_70_percent_threshold,5,"[{""figure"": 1, ""pdf_page"": 2}, {""figure"": 2, ""pdf_page"": 3}, {""figure"": 3, ""pdf_page"": 5}, {""figure"": 4, ""pdf_page"": 6}, {""figure"": 5, ""pdf_page"": 6}]","Structural nuances are crucial in text-to-image generation; however, current research often fails to capture complex text relations, particularly in detailed and logicrich",Automatically extracted first 22 words starting at a caption-like line; may include neighboring text.,"[""method_or_architecture"", ""worked_example_or_problem"", ""quantitative_comparison"", ""qualitative_outputs"", ""uncertainty_or_distribution""]","Bounded browser PDF text windows, not full-paper reading","Bounded proceedings windows; title-prioritized for AI model, method and empirical relevance; not ranked by figure quality."
p0388,EvSign: Sign Language Recognition and Translation with Streaming Events,"Pengyu Zhang*, Hao Yin, Zeren Wang, Wenyue Chen, Sheng Ming Li, Dong Wang, Huchuan Lu, Xu Jia",ECCV,2024,https://www.ecva.net/papers/eccv_2024/papers_ECCV/papers/00799.pdf,https://www.ecva.net/papers.php,2026-09-09,convenience_sample_candidate,not_checked,metadata_catalogued,False,False,False,False,not_run,0,[],,,[],PDF exceeded browser size limit,"Bounded proceedings windows; title-prioritized for AI model, method and empirical relevance; not ranked by figure quality."
p0389,QUAR-VLA: Vision-Language-Action Model for Quadruped Robots,"Pengxiang Ding, Han Zhao, Wenjie Zhang, Wenxuan Song, Min Zhang, Siteng Huang, Ningxi Yang, Donglin Wang*",ECCV,2024,https://www.ecva.net/papers/eccv_2024/papers_ECCV/papers/00808.pdf,https://www.ecva.net/papers.php,2026-09-09,convenience_sample_candidate,not_checked,caption_candidates_extracted,True,True,False,False,passed_70_percent_threshold,5,"[{""figure"": 1, ""pdf_page"": 2}, {""figure"": 2, ""pdf_page"": 3}, {""figure"": 3, ""pdf_page"": 7}, {""figure"": 4, ""pdf_page"": 8}, {""figure"": 5, ""pdf_page"": 9}]","Comparison of QUAR-VA, QUAR-LA, and QUAR-VLA. QUAR-VA solely utilizes coarse-grained vision information, lacking explicit instructions for handling diverse tasks. In contrast, QUAR-LA",Automatically extracted first 22 words starting at a caption-like line; may include neighboring text.,"[""method_or_architecture"", ""worked_example_or_problem"", ""quantitative_comparison"", ""efficiency_or_tradeoff""]","Bounded browser PDF text windows, not full-paper reading","Bounded proceedings windows; title-prioritized for AI model, method and empirical relevance; not ranked by figure quality."
p0390,TextDiffuser-2: Unleashing the Power of Language Models for Text Rendering,"Jingye Chen*, Yupan Huang, Tengchao Lv, Lei Cui, Qifeng Chen, Furu Wei",ECCV,2024,https://www.ecva.net/papers/eccv_2024/papers_ECCV/papers/00813.pdf,https://www.ecva.net/papers.php,2026-09-09,convenience_sample_candidate,not_checked,metadata_catalogued,False,False,False,False,not_run,0,[],,,[],PDF exceeded browser size limit,"Bounded proceedings windows; title-prioritized for AI model, method and empirical relevance; not ranked by figure quality."
p0391,SFPNet: Sparse Focal Point Network for Semantic Segmentation on General LiDAR Point Clouds,"Yanbo Wang*, Wentao Zhao, Cao Chuan, Tianchen Deng, Jingchuan Wang, Weidong Chen*",ECCV,2024,https://www.ecva.net/papers/eccv_2024/papers_ECCV/papers/00815.pdf,https://www.ecva.net/papers.php,2026-09-09,convenience_sample_candidate,not_checked,caption_candidates_extracted,True,True,False,False,passed_70_percent_threshold,4,"[{""figure"": 1, ""pdf_page"": 2}, {""figure"": 2, ""pdf_page"": 7}, {""figure"": 3, ""pdf_page"": 8}, {""figure"": 4, ""pdf_page"": 10}]","Comparison of different types of LiDAR. Fig. 1 (a) compares three mainstream types of LiDAR technologies. Unlike camera, various types of LiDAR",Automatically extracted first 22 words starting at a caption-like line; may include neighboring text.,"[""worked_example_or_problem"", ""quantitative_comparison"", ""qualitative_outputs"", ""uncertainty_or_distribution""]","Bounded browser PDF text windows, not full-paper reading","Bounded proceedings windows; title-prioritized for AI model, method and empirical relevance; not ranked by figure quality."
p0392,PartSTAD: 2D-to-3D Part Segmentation Task Adaptation,"Hyunjin Kim, Minhyuk Sung*",ECCV,2024,https://www.ecva.net/papers/eccv_2024/papers_ECCV/papers/00817.pdf,https://www.ecva.net/papers.php,2026-09-09,convenience_sample_candidate,not_checked,caption_candidates_extracted,True,True,False,False,passed_70_percent_threshold,2,"[{""figure"": 1, ""pdf_page"": 1}, {""figure"": 2, ""pdf_page"": 7}]","We introduce PartSTAD, a novel few-shot 3D point cloud part segmentation method that leverages 2D-to-3D task adaptation. By obtaining 2D segmentation masks",Automatically extracted first 22 words starting at a caption-like line; may include neighboring text.,"[""method_or_architecture"", ""qualitative_outputs""]","Bounded browser PDF text windows, not full-paper reading","Bounded proceedings windows; title-prioritized for AI model, method and empirical relevance; not ranked by figure quality."
p0393,FutureDepth: Learning to Predict the Future Improves Video Depth Estimation,"Rajeev Yasarla*, Manish Kumar Singh, Hong Cai, Yunxiao Shi, Jisoo Jeong, Yinhao Zhu, Shizhong Han, Risheek Garrepalli, Fatih Porikli",ECCV,2024,https://www.ecva.net/papers/eccv_2024/papers_ECCV/papers/00828.pdf,https://www.ecva.net/papers.php,2026-09-09,convenience_sample_candidate,not_checked,caption_candidates_extracted,True,True,False,False,passed_70_percent_threshold,7,"[{""figure"": 1, ""pdf_page"": 2}, {""figure"": 2, ""pdf_page"": 4}, {""figure"": 3, ""pdf_page"": 6}, {""figure"": 4, ""pdf_page"": 6}, {""figure"": 5, ""pdf_page"": 7}, {""figure"": 6, ""pdf_page"": 7}, {""figure"": 7, ""pdf_page"": 10}]","FutureDepth vs. existing SOTA in terms of depth accuracy (RMSE), temporal consistency (OPW [48]), and runtime (on NVIDIA RTX-3080 GPU), on KITTI.",Automatically extracted first 22 words starting at a caption-like line; may include neighboring text.,"[""worked_example_or_problem"", ""quantitative_comparison"", ""efficiency_or_tradeoff"", ""qualitative_outputs""]","Bounded browser PDF text windows, not full-paper reading","Bounded proceedings windows; title-prioritized for AI model, method and empirical relevance; not ranked by figure quality."
p0394,LLM as Copilot for Coarse-grained Vision-and-Language Navigation,"Yanyuan Qiao*, Qianyi Liu, Jiajun Liu, Jing Liu, Qi Wu",ECCV,2024,https://www.ecva.net/papers/eccv_2024/papers_ECCV/papers/00833.pdf,https://www.ecva.net/papers.php,2026-09-09,convenience_sample_candidate,not_checked,caption_candidates_extracted,True,True,False,False,passed_70_percent_threshold,4,"[{""figure"": 1, ""pdf_page"": 2}, {""figure"": 2, ""pdf_page"": 5}, {""figure"": 3, ""pdf_page"": 8}, {""figure"": 4, ""pdf_page"": 9}]","Our proposed VLN-Copilot. When an agent is confused about making an action decision, it will proactively seek help from the LLM, and",Automatically extracted first 22 words starting at a caption-like line; may include neighboring text.,"[""method_or_architecture"", ""efficiency_or_tradeoff"", ""qualitative_outputs""]","Bounded browser PDF text windows, not full-paper reading","Bounded proceedings windows; title-prioritized for AI model, method and empirical relevance; not ranked by figure quality."
p0395,Unsupervised Moving Object Segmentation with Atmospheric Turbulence,"Dehao Qin*, Ripon k Saha, Woojeh Chung, Suren Jayasuriya, Jinwei Ye, Nianyi Li",ECCV,2024,https://www.ecva.net/papers/eccv_2024/papers_ECCV/papers/00851.pdf,https://www.ecva.net/papers.php,2026-09-09,convenience_sample_candidate,not_checked,caption_candidates_extracted,True,True,False,False,passed_70_percent_threshold,5,"[{""figure"": 1, ""pdf_page"": 2}, {""figure"": 2, ""pdf_page"": 3}, {""figure"": 3, ""pdf_page"": 6}, {""figure"": 4, ""pdf_page"": 7}, {""figure"": 5, ""pdf_page"": 8}]","Our method robustly segments moving objects under various turbulence strengths, while state-of-the-art methods may fail under strong turbulence (2nd video). Most motion",Automatically extracted first 22 words starting at a caption-like line; may include neighboring text.,"[""method_or_architecture"", ""worked_example_or_problem"", ""quantitative_comparison""]","Bounded browser PDF text windows, not full-paper reading","Bounded proceedings windows; title-prioritized for AI model, method and empirical relevance; not ranked by figure quality."
p0396,AccDiffusion: An Accurate Method for Higher-Resolution Image Generation,"Zhihang Lin, Mingbao Lin, Meng Zhao, Rongrong Ji*",ECCV,2024,https://www.ecva.net/papers/eccv_2024/papers_ECCV/papers/00857.pdf,https://www.ecva.net/papers.php,2026-09-09,convenience_sample_candidate,not_checked,caption_candidates_extracted,True,True,False,False,passed_70_percent_threshold,4,"[{""figure"": 1, ""pdf_page"": 2}, {""figure"": 2, ""pdf_page"": 3}, {""figure"": 3, ""pdf_page"": 6}, {""figure"": 4, ""pdf_page"": 7}]",Comparison of image quality and GPU overhead for existing higher-resolution generation methods. The GPU memory of Attn-SF [12] and ScaleCrafter [6] significantly,Automatically extracted first 22 words starting at a caption-like line; may include neighboring text.,"[""worked_example_or_problem"", ""quantitative_comparison"", ""efficiency_or_tradeoff"", ""qualitative_outputs"", ""ablation_or_mechanism""]","Bounded browser PDF text windows, not full-paper reading","Bounded proceedings windows; title-prioritized for AI model, method and empirical relevance; not ranked by figure quality."
p0397,Uncertainty-Driven Spectral Compressive Imaging with Spatial-Frequency Transformer,"Lintao Peng, Siyu Xie, Liheng Bian*",ECCV,2024,https://www.ecva.net/papers/eccv_2024/papers_ECCV/papers/00861.pdf,https://www.ecva.net/papers.php,2026-09-09,convenience_sample_candidate,not_checked,caption_candidates_extracted,True,True,False,False,passed_70_percent_threshold,2,"[{""figure"": 1, ""pdf_page"": 2}, {""figure"": 2, ""pdf_page"": 6}]",PSNR-Params-FLOPs and SSIM-Params-FLOPs comparisons with exsiting HSI reconstruction methods. The circle radius represents the parameter numbers of the model. The reported Specformer,Automatically extracted first 22 words starting at a caption-like line; may include neighboring text.,"[""method_or_architecture"", ""quantitative_comparison"", ""qualitative_outputs""]","Bounded browser PDF text windows, not full-paper reading","Bounded proceedings windows; title-prioritized for AI model, method and empirical relevance; not ranked by figure quality."
p0398,CaesarNeRF: Calibrated Semantic Representation for Few-Shot Generalizable Neural Rendering,"Haidong Zhu, Tianyu Ding*, Tianyi Chen, Ilya Zharkov, Ram Nevatia, Luming Liang",ECCV,2024,https://www.ecva.net/papers/eccv_2024/papers_ECCV/papers/00869.pdf,https://www.ecva.net/papers.php,2026-09-09,convenience_sample_candidate,not_checked,caption_candidates_extracted,True,True,False,False,passed_70_percent_threshold,4,"[{""figure"": 1, ""pdf_page"": 1}, {""figure"": 2, ""pdf_page"": 5}, {""figure"": 3, ""pdf_page"": 6}, {""figure"": 4, ""pdf_page"": 7}]","Novel view synthesis for novel scenes using ONE reference view on Shiny [67], LLFF [42], and MVImgNet [77] (top to bottom). Each",Automatically extracted first 22 words starting at a caption-like line; may include neighboring text.,"[""method_or_architecture"", ""worked_example_or_problem"", ""quantitative_comparison"", ""qualitative_outputs""]","Bounded browser PDF text windows, not full-paper reading","Bounded proceedings windows; title-prioritized for AI model, method and empirical relevance; not ranked by figure quality."
p0399,Image Demoireing in RAW and sRGB Domains,"Shuning Xu, Binbin Song, Xiangyu Chen, Xina Liu, Jiantao Zhou*",ECCV,2024,https://www.ecva.net/papers/eccv_2024/papers_ECCV/papers/00929.pdf,https://www.ecva.net/papers.php,2026-09-09,convenience_sample_candidate,not_checked,caption_candidates_extracted,True,True,False,False,passed_70_percent_threshold,3,"[{""figure"": 1, ""pdf_page"": 2}, {""figure"": 2, ""pdf_page"": 5}, {""figure"": 3, ""pdf_page"": 8}]",Comparison of image demoiréing in different domains. (a) Image demoiréing in sRGB domain. (b) Image demoiréing in RAW domain. (c) Our proposed,Automatically extracted first 22 words starting at a caption-like line; may include neighboring text.,"[""method_or_architecture"", ""quantitative_comparison"", ""ablation_or_mechanism""]","Bounded browser PDF text windows, not full-paper reading","Bounded proceedings windows; title-prioritized for AI model, method and empirical relevance; not ranked by figure quality."
p0400,X-Former: Unifying Contrastive and Reconstruction Learning for MLLMs,"Sirnam Swetha*, Jinyu Yang, Tal Neiman, Mamshad Nayeem Rizve, Son Tran, Benjamin Yao, Trishul A Chilimbi, Mubarak Shah",ECCV,2024,https://www.ecva.net/papers/eccv_2024/papers_ECCV/papers/00935.pdf,https://www.ecva.net/papers.php,2026-09-09,convenience_sample_candidate,not_checked,caption_candidates_extracted,True,True,False,False,passed_70_percent_threshold,4,"[{""figure"": 1, ""pdf_page"": 4}, {""figure"": 2, ""pdf_page"": 5}, {""figure"": 3, ""pdf_page"": 6}, {""figure"": 4, ""pdf_page"": 7}]","(a) Vanilla Q-Former extracts a fixed number of output features Z ′ from the CLIP image encoder, where C and z denotes",Automatically extracted first 22 words starting at a caption-like line; may include neighboring text.,"[""method_or_architecture"", ""quantitative_comparison"", ""qualitative_outputs""]","Bounded browser PDF text windows, not full-paper reading","Bounded proceedings windows; title-prioritized for AI model, method and empirical relevance; not ranked by figure quality."
p0401,Modelling Cellular Perturbations with the Sparse Additive Mechanism Shift Variational Autoencoder,"Michael Bereket, Theofanis Karaletsos",NeurIPS,2023,https://proceedings.neurips.cc/paper_files/paper/2023/file/0001ca33ba34ce0351e4612b744b3936-Paper-Conference.pdf,https://proceedings.neurips.cc/paper_files/paper/2023,2026-09-09,convenience_sample_candidate,not_checked,caption_candidates_extracted,True,True,True,False,passed_70_percent_threshold,2,"[{""figure"": 1, ""pdf_page"": 3}, {""figure"": 2, ""pdf_page"": 7}]","SAMS-VAE represented as an generative process (left) and as a graphical model (right). p(X, Zb,M, E|D; ✓)= "" Y T t=1 p(et)p(mt)",Automatically extracted first 22 words starting at a caption-like line; may include neighboring text.,"[""qualitative_outputs""]","Bounded browser PDF text windows, not full-paper reading","Bounded proceedings windows; title-prioritized for AI model, method and empirical relevance; not ranked by figure quality."
p0402,Cross-Episodic Curriculum for Transformer Agents,"Lucy Xiaoyang Shi, Yunfan Jiang, Jake Grigsby, Linxi Fan, Yuke Zhu",NeurIPS,2023,https://proceedings.neurips.cc/paper_files/paper/2023/file/001608167bb652337af5df0129aeaabd-Paper-Conference.pdf,https://proceedings.neurips.cc/paper_files/paper/2023,2026-09-09,convenience_sample_candidate,not_checked,caption_candidates_extracted,True,True,True,False,passed_70_percent_threshold,3,"[{""figure"": 1, ""pdf_page"": 2}, {""figure"": 2, ""pdf_page"": 4}, {""figure"": 3, ""pdf_page"": 6}]",Cross-episodic curriculum for Transformer agents. CEC involves two major steps: 1) Preparation of curricular data. We order multiple experiences such that they,Automatically extracted first 22 words starting at a caption-like line; may include neighboring text.,"[""quantitative_comparison"", ""efficiency_or_tradeoff""]","Bounded browser PDF text windows, not full-paper reading","Bounded proceedings windows; title-prioritized for AI model, method and empirical relevance; not ranked by figure quality."
p0403,PaintSeg: Painting Pixels for Training-free Segmentation,"Xiang Li, Chung-Ching Lin, Yinpeng Chen, Zicheng Liu, Jinglu Wang, Rita Singh, Bhiksha Raj",NeurIPS,2023,https://proceedings.neurips.cc/paper_files/paper/2023/file/0021c2cb1b9b6a71ac478ea52a93b25a-Paper-Conference.pdf,https://proceedings.neurips.cc/paper_files/paper/2023,2026-09-09,convenience_sample_candidate,not_checked,caption_candidates_extracted,True,True,True,False,passed_70_percent_threshold,2,"[{""figure"": 1, ""pdf_page"": 2}, {""figure"": 2, ""pdf_page"": 4}]","Illustration of adversarial masked contrastive painting (AMCP). Given an input image and an initial mask, AMCP leverages alternating I-step and O-step to",Automatically extracted first 22 words starting at a caption-like line; may include neighboring text.,"[""worked_example_or_problem""]","Bounded browser PDF text windows, not full-paper reading","Bounded proceedings windows; title-prioritized for AI model, method and empirical relevance; not ranked by figure quality."
p0404,Bootstrapping Vision-Language Learning with Decoupled Language Pre-training,"Yiren Jian, Chongyang Gao, Soroush Vosoughi",NeurIPS,2023,https://proceedings.neurips.cc/paper_files/paper/2023/file/002262941c9edfd472a79298b2ac5e17-Paper-Conference.pdf,https://proceedings.neurips.cc/paper_files/paper/2023,2026-09-09,convenience_sample_candidate,not_checked,caption_candidates_extracted,True,True,True,False,passed_70_percent_threshold,3,"[{""figure"": 1, ""pdf_page"": 2}, {""figure"": 2, ""pdf_page"": 3}, {""figure"": 3, ""pdf_page"": 6}]","left: End-to-end training of X-to-language models (where X can be images, videos, or audio), in which aligned input features are provided as",Automatically extracted first 22 words starting at a caption-like line; may include neighboring text.,"[""method_or_architecture"", ""worked_example_or_problem"", ""qualitative_outputs"", ""ablation_or_mechanism""]","Bounded browser PDF text windows, not full-paper reading","Bounded proceedings windows; title-prioritized for AI model, method and empirical relevance; not ranked by figure quality."
p0405,PDF: Point Diffusion Implicit Function for Large-scale Scene Neural Representation,"Yuhan Ding, Fukun Yin, Jiayuan Fan, Hui Li, Xin Chen, Wen Liu, Chongshan Lu, Gang Yu, Tao Chen",NeurIPS,2023,https://proceedings.neurips.cc/paper_files/paper/2023/file/0073cc73e1873b35345209b50a3dab66-Paper-Conference.pdf,https://proceedings.neurips.cc/paper_files/paper/2023,2026-09-09,convenience_sample_candidate,not_checked,metadata_catalogued,False,False,False,False,not_run,0,[],,,[],PDF exceeded browser size limit,"Bounded proceedings windows; title-prioritized for AI model, method and empirical relevance; not ranked by figure quality."
p0406,Natural Actor-Critic for Robust Reinforcement Learning with Function Approximation,"Ruida Zhou, Tao Liu, Min Cheng, Dileep Kalathil, P. R. Kumar, Chao Tian",NeurIPS,2023,https://proceedings.neurips.cc/paper_files/paper/2023/file/007f4927e60699392425f267d43f0940-Paper-Conference.pdf,https://proceedings.neurips.cc/paper_files/paper/2023,2026-09-09,convenience_sample_candidate,not_checked,caption_candidates_extracted,True,True,True,False,passed_70_percent_threshold,5,"[{""figure"": 1, ""pdf_page"": 8}, {""figure"": 2, ""pdf_page"": 9}, {""figure"": 3, ""pdf_page"": 9}, {""figure"": 4, ""pdf_page"": 16}, {""figure"": 5, ""pdf_page"": 17}]",Cumulative rewards of RNAC-PPO(DS/IPM) and PPO on (a-c) stochastic MuJoCo Envs and (d-f) deterministic MuJoCo Envs under perturbation. Theorem 4 (Approximate policy,Automatically extracted first 22 words starting at a caption-like line; may include neighboring text.,"[""quantitative_comparison"", ""uncertainty_or_distribution""]","Bounded browser PDF text windows, not full-paper reading","Bounded proceedings windows; title-prioritized for AI model, method and empirical relevance; not ranked by figure quality."
p0407,Adaptive Selective Sampling for Online Prediction with Experts,"Rui M. Castro, Fredrik Hellström, Tim van Erven",NeurIPS,2023,https://proceedings.neurips.cc/paper_files/paper/2023/file/00b67df24009747e8bbed4c2c6f9c825-Paper-Conference.pdf,https://proceedings.neurips.cc/paper_files/paper/2023,2026-09-09,convenience_sample_candidate,not_checked,caption_candidates_extracted,True,True,False,False,passed_70_percent_threshold,1,"[{""figure"": 1, ""pdf_page"": 5}]","The function q ∗ (x, η) for various values of η. Panel (b) is a zoomed version of panel (a). Definition 1.",Automatically extracted first 22 words starting at a caption-like line; may include neighboring text.,[],"Bounded browser PDF text windows, not full-paper reading","Bounded proceedings windows; title-prioritized for AI model, method and empirical relevance; not ranked by figure quality."
p0408,Gigastep - One Billion Steps per Second Multi-agent Reinforcement Learning,"Mathias Lechner, lianhao yin, Tim Seyde, Tsun-Hsuan Johnson Wang, Wei Xiao, Ramin Hasani, Joshua Rountree, Daniela Rus",NeurIPS,2023,https://proceedings.neurips.cc/paper_files/paper/2023/file/00ba06ba5c324efdfb068865ca44cf0b-Paper-Datasets_and_Benchmarks.pdf,https://proceedings.neurips.cc/paper_files/paper/2023,2026-09-09,convenience_sample_candidate,not_checked,caption_candidates_extracted,True,True,False,False,passed_70_percent_threshold,2,"[{""figure"": 1, ""pdf_page"": 2}, {""figure"": 2, ""pdf_page"": 5}]","An overview of Gigastep’s features and characteristics Furthermore, the current landscape of Dec-POMDP research exhibits a stark dichotomy: on the one hand,",Automatically extracted first 22 words starting at a caption-like line; may include neighboring text.,"[""method_or_architecture"", ""worked_example_or_problem""]","Bounded browser PDF text windows, not full-paper reading","Bounded proceedings windows; title-prioritized for AI model, method and empirical relevance; not ranked by figure quality."
p0409,PopSign ASL v1.0: An Isolated American Sign Language Dataset Collected via Smartphones,"Thad Starner, Sean Forbes, Matthew So, David R. Martin, Rohit Sridhar, Gururaj Deshpande, Sam Sepah, Sahir Shahryar, Khushi Bhardwaj, Tyler Kwok, Daksh Sehgal, Saad Hassan, Bill Neubauer, Sofia Vempala, Alec Tan, Jocelyn Heath, Unnathi Kumar, Priyanka Mosur, Tavenner Hall, Rajandeep Singh, Christopher Cui, Glenn Cameron, Sohier Dane, Garrett Tanzer",NeurIPS,2023,https://proceedings.neurips.cc/paper_files/paper/2023/file/00dada608b8db212ea7d9d92b24c68de-Paper-Datasets_and_Benchmarks.pdf,https://proceedings.neurips.cc/paper_files/paper/2023,2026-09-09,convenience_sample_candidate,not_checked,pdf_text_retrieved,True,False,False,False,passed_70_percent_threshold,0,[],,,[],"Bounded browser PDF text windows, not full-paper reading","Bounded proceedings windows; title-prioritized for AI model, method and empirical relevance; not ranked by figure quality."
p0410,"Provable Adversarial Robustness for Group Equivariant Tasks: Graphs, Point Clouds, Molecules, and More","Jan Schuchardt, Yan Scholten, Stephan Günnemann",NeurIPS,2023,https://proceedings.neurips.cc/paper_files/paper/2023/file/00db17c36b5435195760520efa96d99c-Paper-Conference.pdf,https://proceedings.neurips.cc/paper_files/paper/2023,2026-09-09,convenience_sample_candidate,not_checked,caption_candidates_extracted,True,True,True,False,passed_70_percent_threshold,2,"[{""figure"": 1, ""pdf_page"": 2}, {""figure"": 2, ""pdf_page"": 2}]","The right graph is constructed by inserting and deleting four edges. While their ℓ0 distance is large, the graphs are isomorphic and",Automatically extracted first 22 words starting at a caption-like line; may include neighboring text.,[],"Bounded browser PDF text windows, not full-paper reading","Bounded proceedings windows; title-prioritized for AI model, method and empirical relevance; not ranked by figure quality."
p0411,TexQ: Zero-shot Network Quantization with Texture Feature Distribution Calibration,"Xinrui Chen, Yizhi Wang, Renao YAN, Yiqing Liu, Tian Guan, Yonghong He",NeurIPS,2023,https://proceedings.neurips.cc/paper_files/paper/2023/file/0113ef4642264adc2e6924a3cbbdf532-Paper-Conference.pdf,https://proceedings.neurips.cc/paper_files/paper/2023,2026-09-09,convenience_sample_candidate,not_checked,caption_candidates_extracted,True,True,False,False,passed_70_percent_threshold,6,"[{""figure"": 1, ""pdf_page"": 2}, {""figure"": 2, ""pdf_page"": 2}, {""figure"": 3, ""pdf_page"": 4}, {""figure"": 4, ""pdf_page"": 5}, {""figure"": 5, ""pdf_page"": 5}, {""figure"": 6, ""pdf_page"": 5}]","LBP feature clustering of samples from CIFAR10, IntraQ and our method. Visualization with t-SNE [31] To tackle the above problems, the following",Automatically extracted first 22 words starting at a caption-like line; may include neighboring text.,"[""method_or_architecture"", ""worked_example_or_problem"", ""quantitative_comparison"", ""qualitative_outputs"", ""uncertainty_or_distribution""]","Bounded browser PDF text windows, not full-paper reading","Bounded proceedings windows; title-prioritized for AI model, method and empirical relevance; not ranked by figure quality."
p0412,Ambient Diffusion: Learning Clean Distributions from Corrupted Data,"Giannis Daras, Kulin Shah, Yuval Dagan, Aravind Gollakota, Alex Dimakis, Adam Klivans",NeurIPS,2023,https://proceedings.neurips.cc/paper_files/paper/2023/file/012af729c5d14d279581fc8a5db975a1-Paper-Conference.pdf,https://proceedings.neurips.cc/paper_files/paper/2023,2026-09-09,convenience_sample_candidate,not_checked,caption_candidates_extracted,True,True,True,False,passed_70_percent_threshold,1,"[{""figure"": 2, ""pdf_page"": 3}]","Illustration of our method: Given training data with deleted pixels, we corrupt further by erasing more (illustrated with green color). We feed",Automatically extracted first 22 words starting at a caption-like line; may include neighboring text.,"[""worked_example_or_problem""]","Bounded browser PDF text windows, not full-paper reading","Bounded proceedings windows; title-prioritized for AI model, method and empirical relevance; not ranked by figure quality."
p0413,Scalable Membership Inference Attacks via Quantile Regression,"Martin Bertran, Shuai Tang, Aaron Roth, Michael J. Kearns, Jamie H Morgenstern, Steven Z. Wu",NeurIPS,2023,https://proceedings.neurips.cc/paper_files/paper/2023/file/01328d0767830e73a612f9073e9ff15f-Paper-Conference.pdf,https://proceedings.neurips.cc/paper_files/paper/2023,2026-09-09,convenience_sample_candidate,not_checked,caption_candidates_extracted,True,True,True,False,passed_70_percent_threshold,1,"[{""figure"": 1, ""pdf_page"": 2}]",Comparing the true positive rate vs. false positive rate of our membership inference attack with the marginal baseline proposed in Yeom et,Automatically extracted first 22 words starting at a caption-like line; may include neighboring text.,"[""quantitative_comparison""]","Bounded browser PDF text windows, not full-paper reading","Bounded proceedings windows; title-prioritized for AI model, method and empirical relevance; not ranked by figure quality."
p0414,Label Correction of Crowdsourced Noisy Annotations with an Instance-Dependent Noise Transition Model,"Hui GUO, Boyu Wang, Grace Yi",NeurIPS,2023,https://proceedings.neurips.cc/paper_files/paper/2023/file/015a8c69bedcb0a7b2ed2e1678f34399-Paper-Conference.pdf,https://proceedings.neurips.cc/paper_files/paper/2023,2026-09-09,convenience_sample_candidate,not_checked,caption_candidates_extracted,True,True,False,False,passed_70_percent_threshold,2,"[{""figure"": 1, ""pdf_page"": 9}, {""figure"": 2, ""pdf_page"": 9}]",Average estimation error of annotator-specific instance-dependent noise transition matrices on CIFAR10. The error bar for standard deviation has been shaded. 5 10,Automatically extracted first 22 words starting at a caption-like line; may include neighboring text.,"[""quantitative_comparison"", ""uncertainty_or_distribution""]","Bounded browser PDF text windows, not full-paper reading","Bounded proceedings windows; title-prioritized for AI model, method and empirical relevance; not ranked by figure quality."
p0415,Diffused Task-Agnostic Milestone Planner,"Mineui Hong, Minjae Kang, Songhwai Oh",NeurIPS,2023,https://proceedings.neurips.cc/paper_files/paper/2023/file/0163ca1c69f848e766cfb0b7bb7e17f4-Paper-Conference.pdf,https://proceedings.neurips.cc/paper_files/paper/2023,2026-09-09,convenience_sample_candidate,not_checked,caption_candidates_extracted,True,True,False,False,passed_70_percent_threshold,1,"[{""figure"": 1, ""pdf_page"": 2}]",Training process of DTAMP. (Left) DTAMP learns the latent milestones through a goal-conditioned imitation learning manner. (Right) The diffusion model is trained,Automatically extracted first 22 words starting at a caption-like line; may include neighboring text.,"[""quantitative_comparison"", ""efficiency_or_tradeoff"", ""qualitative_outputs""]","Bounded browser PDF text windows, not full-paper reading","Bounded proceedings windows; title-prioritized for AI model, method and empirical relevance; not ranked by figure quality."
p0416,BubbleML: A Multiphase Multiphysics Dataset and Benchmarks for Machine Learning,"Sheikh Md Shakeel Hassan, Arthur Feeney, Akash Dhruv, Jihoon Kim, Youngjoon Suh, Jaiyoung Ryu, Yoonjin Won, Aparna Chandramowlishwaran",NeurIPS,2023,https://proceedings.neurips.cc/paper_files/paper/2023/file/01726ae05d72ddba3ac784a5944fa1ef-Paper-Datasets_and_Benchmarks.pdf,https://proceedings.neurips.cc/paper_files/paper/2023,2026-09-09,convenience_sample_candidate,not_checked,caption_candidates_extracted,True,True,False,False,passed_70_percent_threshold,1,"[{""figure"": 2, ""pdf_page"": 6}]",Dataset Curation and Workflow. Flash-X multiphase simulations are executed and converted into unblocked HDF5 formats using the BoxKit library. The resulting dataset,Automatically extracted first 22 words starting at a caption-like line; may include neighboring text.,"[""method_or_architecture""]","Bounded browser PDF text windows, not full-paper reading","Bounded proceedings windows; title-prioritized for AI model, method and empirical relevance; not ranked by figure quality."
p0417,ANTN: Bridging Autoregressive Neural Networks and Tensor Networks for Quantum Many-Body Simulation,"Zhuo Chen, Laker Newhouse, Eddie Chen, Di Luo, Marin Soljacic",NeurIPS,2023,https://proceedings.neurips.cc/paper_files/paper/2023/file/01772a8b0420baec00c4d59fe2fbace6-Paper-Conference.pdf,https://proceedings.neurips.cc/paper_files/paper/2023,2026-09-09,convenience_sample_candidate,not_checked,caption_candidates_extracted,True,True,False,False,passed_70_percent_threshold,1,"[{""figure"": 1, ""pdf_page"": 2}]","Diagrammatic representation of autoregressive neural network (ARNN), tensor network (TN) and our Autoregressive Neural TensorNet (ANTN). All information of a closed quantum",Automatically extracted first 22 words starting at a caption-like line; may include neighboring text.,[],"Bounded browser PDF text windows, not full-paper reading","Bounded proceedings windows; title-prioritized for AI model, method and empirical relevance; not ranked by figure quality."
p0418,Causal Effect Identification in Uncertain Causal Networks,"Sina Akbari, Fateme Jamshidi, Ehsan Mokhtarian, Matthew Vowels, Jalal Etesami, Negar Kiyavash",NeurIPS,2023,https://proceedings.neurips.cc/paper_files/paper/2023/file/017c897b4d85a744f345ccbf9d71e501-Paper-Conference.pdf,https://proceedings.neurips.cc/paper_files/paper/2023,2026-09-09,convenience_sample_candidate,not_checked,caption_candidates_extracted,True,True,False,False,passed_70_percent_threshold,2,"[{""figure"": 1, ""pdf_page"": 3}, {""figure"": 2, ""pdf_page"": 6}]",(a) An example of a probabilistic ADMG G with corresponding edge probabilities. (b) and (c) are two different subgraphs of G in,Automatically extracted first 22 words starting at a caption-like line; may include neighboring text.,"[""worked_example_or_problem""]","Bounded browser PDF text windows, not full-paper reading","Bounded proceedings windows; title-prioritized for AI model, method and empirical relevance; not ranked by figure quality."
p0419,Characterizing Graph Datasets for Node Classification: Homophily-Heterophily Dichotomy and Beyond,"Oleg Platonov, Denis Kuznedelev, Artem Babenko, Liudmila Prokhorenkova",NeurIPS,2023,https://proceedings.neurips.cc/paper_files/paper/2023/file/01b681025fdbda8e935a66cc5bb6e9de-Paper-Conference.pdf,https://proceedings.neurips.cc/paper_files/paper/2023,2026-09-09,convenience_sample_candidate,not_checked,caption_candidates_extracted,True,True,False,False,passed_70_percent_threshold,1,"[{""figure"": 1, ""pdf_page"": 6}]","Non-homophilous graphs with different connection patterns diagonal element cii by two, and adding an edge between two nodes of different classes i",Automatically extracted first 22 words starting at a caption-like line; may include neighboring text.,"[""quantitative_comparison""]","Bounded browser PDF text windows, not full-paper reading","Bounded proceedings windows; title-prioritized for AI model, method and empirical relevance; not ranked by figure quality."
p0420,Equivariant Flow Matching with Hybrid Probability Transport for 3D Molecule Generation,"Yuxuan Song, Jingjing Gong, Minkai Xu, Ziyao Cao, Yanyan Lan, Stefano Ermon, Hao Zhou, Wei-Ying Ma",NeurIPS,2023,https://proceedings.neurips.cc/paper_files/paper/2023/file/01d64478381c33e29ed611f1719f5a37-Paper-Conference.pdf,https://proceedings.neurips.cc/paper_files/paper/2023,2026-09-09,convenience_sample_candidate,not_checked,caption_candidates_extracted,True,True,True,False,passed_70_percent_threshold,1,"[{""figure"": 2, ""pdf_page"": 5}]",Generation route visualization of different models. Note that a lighter color indicates an earlier step of an atom and a denser color,Automatically extracted first 22 words starting at a caption-like line; may include neighboring text.,"[""qualitative_outputs""]","Bounded browser PDF text windows, not full-paper reading","Bounded proceedings windows; title-prioritized for AI model, method and empirical relevance; not ranked by figure quality."
p0421,Defending against Data-Free Model Extraction by Distributionally Robust Defensive Training,"Zhenyi Wang, Li Shen, Tongliang Liu, Tiehang Duan, Yanjun Zhu, Donglin Zhan, DAVID DOERMANN, Mingchen Gao",NeurIPS,2023,https://proceedings.neurips.cc/paper_files/paper/2023/file/0207c9ea9faf66c6e892c3fa3c167b75-Paper-Conference.pdf,https://proceedings.neurips.cc/paper_files/paper/2023,2026-09-09,convenience_sample_candidate,not_checked,caption_candidates_extracted,True,True,False,False,passed_70_percent_threshold,3,"[{""figure"": 1, ""pdf_page"": 5}, {""figure"": 2, ""pdf_page"": 5}, {""figure"": 3, ""pdf_page"": 5}]",Illustration of our defense method. (a) The perturbation generator takes the input image and random Gaussian noise as input to generate data-dependent,Automatically extracted first 22 words starting at a caption-like line; may include neighboring text.,"[""method_or_architecture"", ""worked_example_or_problem"", ""quantitative_comparison"", ""ablation_or_mechanism"", ""uncertainty_or_distribution""]","Bounded browser PDF text windows, not full-paper reading","Bounded proceedings windows; title-prioritized for AI model, method and empirical relevance; not ranked by figure quality."
p0422,"Large language models transition from integrating across position-yoked, exponential windows to structure-yoked, power-law windows","David Skrill, Samuel Norman-Haignere",NeurIPS,2023,https://proceedings.neurips.cc/paper_files/paper/2023/file/020ad0ac6a1974e6748e4a5a48110a07-Paper-Conference.pdf,https://proceedings.neurips.cc/paper_files/paper/2023,2026-09-09,convenience_sample_candidate,not_checked,caption_candidates_extracted,True,True,True,False,passed_70_percent_threshold,1,"[{""figure"": 1, ""pdf_page"": 2}]","Schematic of integration windows. A, Illustration of a causal, exponentially distributed integration window where nearby words in the past have a greater",Automatically extracted first 22 words starting at a caption-like line; may include neighboring text.,"[""method_or_architecture"", ""worked_example_or_problem""]","Bounded browser PDF text windows, not full-paper reading","Bounded proceedings windows; title-prioritized for AI model, method and empirical relevance; not ranked by figure quality."
p0423,Belief Projection-Based Reinforcement Learning for Environments with Delayed Feedback,"Jangwon Kim, Hangyeol Kim, Jiwook Kang, Jongchan Baek, Soohee Han",NeurIPS,2023,https://proceedings.neurips.cc/paper_files/paper/2023/file/0252a434b18962c94910c07cd9a7fecc-Paper-Conference.pdf,https://proceedings.neurips.cc/paper_files/paper/2023,2026-09-09,convenience_sample_candidate,not_checked,pdf_text_retrieved,True,False,False,False,passed_70_percent_threshold,0,[],,,[],"Bounded browser PDF text windows, not full-paper reading","Bounded proceedings windows; title-prioritized for AI model, method and empirical relevance; not ranked by figure quality."
p0424,Detecting Any Human-Object Interaction Relationship: Universal HOI Detector with Spatial Prompt Learning on Foundation Models,"Yichao Cao, Qingfei Tang, Xiu Su, Song Chen, Shan You, Xiaobo Lu, Chang Xu",NeurIPS,2023,https://proceedings.neurips.cc/paper_files/paper/2023/file/02687e7b22abc64e651be8da74ec610e-Paper-Conference.pdf,https://proceedings.neurips.cc/paper_files/paper/2023,2026-09-09,convenience_sample_candidate,not_checked,caption_candidates_extracted,True,True,True,False,passed_70_percent_threshold,2,"[{""figure"": 1, ""pdf_page"": 2}, {""figure"": 2, ""pdf_page"": 4}]","Comparison between HOI detection pipelines. Traditional HOI Detectors rely on manually annotated image datasets for training, which limits their generality and scalability.",Automatically extracted first 22 words starting at a caption-like line; may include neighboring text.,"[""method_or_architecture"", ""quantitative_comparison""]","Bounded browser PDF text windows, not full-paper reading","Bounded proceedings windows; title-prioritized for AI model, method and empirical relevance; not ranked by figure quality."
p0425,Smoothing the Landscape Boosts the Signal for SGD: Optimal Sample Complexity for Learning Single Index Models,"Alex Damian, Eshaan Nichani, Rong Ge, Jason Lee",NeurIPS,2023,https://proceedings.neurips.cc/paper_files/paper/2023/file/02763667a5761ff92bb15d8751bcd223-Paper-Conference.pdf,https://proceedings.neurips.cc/paper_files/paper/2023,2026-09-09,convenience_sample_candidate,not_checked,caption_candidates_extracted,True,True,False,False,passed_70_percent_threshold,2,"[{""figure"": 1, ""pdf_page"": 7}, {""figure"": 2, ""pdf_page"": 9}]","When λ = d 1/4 , smoothing increases the SNR until α = λd−1/2 = d −1/4 . Computing the Signal Recall",Automatically extracted first 22 words starting at a caption-like line; may include neighboring text.,[],"Bounded browser PDF text windows, not full-paper reading","Bounded proceedings windows; title-prioritized for AI model, method and empirical relevance; not ranked by figure quality."
p0426,A Scale-Invariant Sorting Criterion to Find a Causal Order in Additive Noise Models,"Alexander Reisach, Myriam Tami, Christof Seiler, Antoine Chambaz, Sebastian Weichwald",NeurIPS,2023,https://proceedings.neurips.cc/paper_files/paper/2023/file/027e86facfe7c1ea52ca1fca7bc1402b-Paper-Conference.pdf,https://proceedings.neurips.cc/paper_files/paper/2023,2026-09-09,convenience_sample_candidate,not_checked,caption_candidates_extracted,True,True,False,False,passed_70_percent_threshold,2,"[{""figure"": 1, ""pdf_page"": 7}, {""figure"": 2, ""pdf_page"": 9}]",Performance comparison on standardized synthetic data in terms of SID (lower is better) using moving window averages. R2-SortnRegress (blue) performs well if,Automatically extracted first 22 words starting at a caption-like line; may include neighboring text.,"[""quantitative_comparison"", ""uncertainty_or_distribution""]","Bounded browser PDF text windows, not full-paper reading","Bounded proceedings windows; title-prioritized for AI model, method and empirical relevance; not ranked by figure quality."
p0427,Perturbation Towards Easy Samples Improves Targeted Adversarial Transferability,"Junqi Gao, Biqing Qi, Yao Li, Zhichang Guo, Dong Li, Yuming Xing, Dazhi Zhang",NeurIPS,2023,https://proceedings.neurips.cc/paper_files/paper/2023/file/028fcbcf85435d39a40c4d61b42c99a4-Paper-Conference.pdf,https://proceedings.neurips.cc/paper_files/paper/2023,2026-09-09,convenience_sample_candidate,not_checked,caption_candidates_extracted,True,True,False,False,passed_70_percent_threshold,3,"[{""figure"": 1, ""pdf_page"": 2}, {""figure"": 2, ""pdf_page"": 4}, {""figure"": 3, ""pdf_page"": 6}]","A schematic example of our motivation, plotting the probability density (darker the color represents larger the density) and samples for three populations",Automatically extracted first 22 words starting at a caption-like line; may include neighboring text.,"[""method_or_architecture"", ""worked_example_or_problem"", ""uncertainty_or_distribution""]","Bounded browser PDF text windows, not full-paper reading","Bounded proceedings windows; title-prioritized for AI model, method and empirical relevance; not ranked by figure quality."
p0428,AVIS: Autonomous Visual Information Seeking with Large Language Model Agent,"Ziniu Hu, Ahmet Iscen, Chen Sun, Kai-Wei Chang, Yizhou Sun, David A. Ross, Cordelia Schmid, Alireza Fathi",NeurIPS,2023,https://proceedings.neurips.cc/paper_files/paper/2023/file/029df12a9363313c3e41047844ecad94-Paper-Conference.pdf,https://proceedings.neurips.cc/paper_files/paper/2023,2026-09-09,convenience_sample_candidate,not_checked,caption_candidates_extracted,True,True,True,False,passed_70_percent_threshold,3,"[{""figure"": 2, ""pdf_page"": 4}, {""figure"": 3, ""pdf_page"": 5}, {""figure"": 4, ""pdf_page"": 7}]","AVIS employs dynamic decision-making to plan (find optimal tool and query), execute results, and then reason (estimate whether continue or backtrack). Algorithm",Automatically extracted first 22 words starting at a caption-like line; may include neighboring text.,"[""method_or_architecture"", ""worked_example_or_problem"", ""quantitative_comparison""]","Bounded browser PDF text windows, not full-paper reading","Bounded proceedings windows; title-prioritized for AI model, method and empirical relevance; not ranked by figure quality."
p0429,Learning better with Dale’s Law: A Spectral Perspective,"Pingsheng Li, Jonathan Cornford, Arna Ghosh, Blake Richards",NeurIPS,2023,https://proceedings.neurips.cc/paper_files/paper/2023/file/02dd0db10c40092de3d9ec2508d12f60-Paper-Conference.pdf,https://proceedings.neurips.cc/paper_files/paper/2023,2026-09-09,convenience_sample_candidate,not_checked,metadata_catalogued,False,False,False,False,not_run,0,[],,,[],PDF exceeded browser size limit,"Bounded proceedings windows; title-prioritized for AI model, method and empirical relevance; not ranked by figure quality."
p0430,Projection-Free Online Convex Optimization via Efficient Newton Iterations,"Khashayar Gatmiry, Zak Mhammedi",NeurIPS,2023,https://proceedings.neurips.cc/paper_files/paper/2023/file/03261886741f1f21f52f2a2d570616a2-Paper-Conference.pdf,https://proceedings.neurips.cc/paper_files/paper/2023,2026-09-09,convenience_sample_candidate,not_checked,pdf_text_retrieved,True,False,False,False,passed_70_percent_threshold,0,[],,,[],"Bounded browser PDF text windows, not full-paper reading","Bounded proceedings windows; title-prioritized for AI model, method and empirical relevance; not ranked by figure quality."
p0431,Read and Reap the Rewards: Learning to Play Atari with the Help of Instruction Manuals,"Yue Wu, Yewen Fan, Paul Pu Liang, Amos Azaria, Yuanzhi Li, Tom M. Mitchell",NeurIPS,2023,https://proceedings.neurips.cc/paper_files/paper/2023/file/034d7bfeace2a9a258648b16fc626298-Paper-Conference.pdf,https://proceedings.neurips.cc/paper_files/paper/2023,2026-09-09,convenience_sample_candidate,not_checked,caption_candidates_extracted,True,True,False,False,passed_70_percent_threshold,3,"[{""figure"": 3, ""pdf_page"": 5}, {""figure"": 4, ""pdf_page"": 6}, {""figure"": 5, ""pdf_page"": 7}]",Illustration of the Reasoning Module. The <context> (from Figure 2) related to the object ghost from the QA Extraction module is concatenated,Automatically extracted first 22 words starting at a caption-like line; may include neighboring text.,"[""method_or_architecture"", ""worked_example_or_problem"", ""quantitative_comparison"", ""efficiency_or_tradeoff"", ""qualitative_outputs""]","Bounded browser PDF text windows, not full-paper reading","Bounded proceedings windows; title-prioritized for AI model, method and empirical relevance; not ranked by figure quality."
p0432,Feature-Learning Networks Are Consistent Across Widths At Realistic Scales,"Nikhil Vyas, Alexander Atanasov, Blake Bordelon, Depen Morwani, Sabarish Sainathan, Cengiz Pehlevan",NeurIPS,2023,https://proceedings.neurips.cc/paper_files/paper/2023/file/03600ae6c3392fd65ad7c3a90c6f7ce8-Paper-Conference.pdf,https://proceedings.neurips.cc/paper_files/paper/2023,2026-09-09,convenience_sample_candidate,not_checked,caption_candidates_extracted,True,True,False,False,passed_70_percent_threshold,4,"[{""figure"": 1, ""pdf_page"": 2}, {""figure"": 2, ""pdf_page"": 4}, {""figure"": 3, ""pdf_page"": 4}, {""figure"": 4, ""pdf_page"": 5}]","Consistency of large width behavior across tasks, architectures, observables. a) Loss curves for Resnets on Cifar-5M in µP are nearly to identical",Automatically extracted first 22 words starting at a caption-like line; may include neighboring text.,"[""method_or_architecture"", ""uncertainty_or_distribution""]","Bounded browser PDF text windows, not full-paper reading","Bounded proceedings windows; title-prioritized for AI model, method and empirical relevance; not ranked by figure quality."
p0433,Taylor TD-learning,"Michele Garibbo, Maxime Robeyns, Laurence Aitchison",NeurIPS,2023,https://proceedings.neurips.cc/paper_files/paper/2023/file/036912a83bdbb1fd792baf6532f102d8-Paper-Conference.pdf,https://proceedings.neurips.cc/paper_files/paper/2023,2026-09-09,convenience_sample_candidate,not_checked,pdf_text_retrieved,True,False,False,False,passed_70_percent_threshold,0,[],,,[],"Bounded browser PDF text windows, not full-paper reading","Bounded proceedings windows; title-prioritized for AI model, method and empirical relevance; not ranked by figure quality."
p0434,Calibrating Neural Simulation-Based Inference with Differentiable Coverage Probability,"Maciej Falkiewicz, Naoya Takeishi, Imahn Shekhzadeh, Antoine Wehenkel, Arnaud Delaunoy, Gilles Louppe, Alexandros Kalousis",NeurIPS,2023,https://proceedings.neurips.cc/paper_files/paper/2023/file/03a9a9c1e15850439653bb971a4ad4b3-Paper-Conference.pdf,https://proceedings.neurips.cc/paper_files/paper/2023,2026-09-09,convenience_sample_candidate,not_checked,caption_candidates_extracted,True,True,False,False,passed_70_percent_threshold,4,"[{""figure"": 1, ""pdf_page"": 7}, {""figure"": 2, ""pdf_page"": 8}, {""figure"": 3, ""pdf_page"": 8}, {""figure"": 4, ""pdf_page"": 9}]",Evaluation on six benchmark problems (for each column) in the form of coverage curves estimated on a set of 10k test instances.,Automatically extracted first 22 words starting at a caption-like line; may include neighboring text.,"[""worked_example_or_problem"", ""quantitative_comparison"", ""ablation_or_mechanism"", ""uncertainty_or_distribution""]","Bounded browser PDF text windows, not full-paper reading","Bounded proceedings windows; title-prioritized for AI model, method and empirical relevance; not ranked by figure quality."
p0435,Agnostic Multi-Group Active Learning,"Nicholas Rittler, Kamalika Chaudhuri",NeurIPS,2023,https://proceedings.neurips.cc/paper_files/paper/2023/file/03b1043052700b1a471996b0baf309d4-Paper-Conference.pdf,https://proceedings.neurips.cc/paper_files/paper/2023,2026-09-09,convenience_sample_candidate,not_checked,pdf_text_retrieved,True,False,False,False,passed_70_percent_threshold,0,[],,,[],"Bounded browser PDF text windows, not full-paper reading","Bounded proceedings windows; title-prioritized for AI model, method and empirical relevance; not ranked by figure quality."
p0436,Self-Weighted Contrastive Learning among Multiple Views for Mitigating Representation Degeneration,"Jie Xu, Shuo Chen, Yazhou Ren, Xiaoshuang Shi, Hengtao Shen, Gang Niu, Xiaofeng Zhu",NeurIPS,2023,https://proceedings.neurips.cc/paper_files/paper/2023/file/03b13b0db740b95cb741e007178ef5e5-Paper-Conference.pdf,https://proceedings.neurips.cc/paper_files/paper/2023,2026-09-09,convenience_sample_candidate,not_checked,caption_candidates_extracted,True,True,False,False,passed_70_percent_threshold,2,"[{""figure"": 1, ""pdf_page"": 2}, {""figure"": 2, ""pdf_page"": 3}]",The framework of SEM. It leverages different networks to extract information of different views and conducts the proposed selfweighted multi-view contrastive learning,Automatically extracted first 22 words starting at a caption-like line; may include neighboring text.,"[""method_or_architecture"", ""worked_example_or_problem"", ""quantitative_comparison"", ""qualitative_outputs""]","Bounded browser PDF text windows, not full-paper reading","Bounded proceedings windows; title-prioritized for AI model, method and empirical relevance; not ranked by figure quality."
p0437,Neural Polarizer: A Lightweight and Effective Backdoor Defense via Purifying Poisoned Features,"Mingli Zhu, Shaokui Wei, Hongyuan Zha, Baoyuan Wu",NeurIPS,2023,https://proceedings.neurips.cc/paper_files/paper/2023/file/03df5246cc78af497940338dd3eacbaa-Paper-Conference.pdf,https://proceedings.neurips.cc/paper_files/paper/2023,2026-09-09,convenience_sample_candidate,not_checked,caption_candidates_extracted,True,True,False,False,passed_70_percent_threshold,2,"[{""figure"": 1, ""pdf_page"": 2}, {""figure"": 2, ""pdf_page"": 4}]",Left: Illustration of an optical polarizer [41]. Only light waves with specific polarizations can pass through the polarizer among the three incident,Automatically extracted first 22 words starting at a caption-like line; may include neighboring text.,"[""worked_example_or_problem""]","Bounded browser PDF text windows, not full-paper reading","Bounded proceedings windows; title-prioritized for AI model, method and empirical relevance; not ranked by figure quality."
p0438,Tools for Verifying Neural Models' Training Data,"Dami Choi, Yonadav Shavit, David K. Duvenaud",NeurIPS,2023,https://proceedings.neurips.cc/paper_files/paper/2023/file/03e33e1f62e3302b47fe1d38a235921e-Paper-Conference.pdf,https://proceedings.neurips.cc/paper_files/paper/2023,2026-09-09,convenience_sample_candidate,not_checked,caption_candidates_extracted,True,True,False,False,passed_70_percent_threshold,2,"[{""figure"": 1, ""pdf_page"": 5}, {""figure"": 2, ""pdf_page"": 5}]","Plots from a GPT-2 experiment, demonstrating the local memorization effect. The maximum score for each data segment (row) is marked with a",Automatically extracted first 22 words starting at a caption-like line; may include neighboring text.,"[""efficiency_or_tradeoff""]","Bounded browser PDF text windows, not full-paper reading","Bounded proceedings windows; title-prioritized for AI model, method and empirical relevance; not ranked by figure quality."
p0439,Leveraging Early-Stage Robustness in Diffusion Models for Efficient and High-Quality Image Synthesis,"Yulhwa Kim, Dongwon Jo, Hyesung Jeon, Taesu Kim, Daehyun Ahn, Hyungjun Kim, jae-joon kim",NeurIPS,2023,https://proceedings.neurips.cc/paper_files/paper/2023/file/04261fce1705c4f02f062866717d592a-Paper-Conference.pdf,https://proceedings.neurips.cc/paper_files/paper/2023,2026-09-09,convenience_sample_candidate,not_checked,metadata_catalogued,False,False,False,False,not_run,0,[],,,[],PDF exceeded browser size limit,"Bounded proceedings windows; title-prioritized for AI model, method and empirical relevance; not ranked by figure quality."
p0440,Adversarial Model for Offline Reinforcement Learning,"Mohak Bhardwaj, Tengyang Xie, Byron Boots, Nan Jiang, Ching-An Cheng",NeurIPS,2023,https://proceedings.neurips.cc/paper_files/paper/2023/file/0429ececfb199efc93182990169e73bb-Paper-Conference.pdf,https://proceedings.neurips.cc/paper_files/paper/2023,2026-09-09,convenience_sample_candidate,not_checked,caption_candidates_extracted,True,True,False,False,passed_70_percent_threshold,1,"[{""figure"": 1, ""pdf_page"": 2}]",Robust Policy Improvement: ARMOR can improve performance over the reference policy (REF) over a broad range of pessimism hyperparameter (purple) regardless of,Automatically extracted first 22 words starting at a caption-like line; may include neighboring text.,"[""quantitative_comparison"", ""ablation_or_mechanism""]","Bounded browser PDF text windows, not full-paper reading","Bounded proceedings windows; title-prioritized for AI model, method and empirical relevance; not ranked by figure quality."
p0441,Training Your Image Restoration Network Better with Random Weight Network as Optimization Function,"man zhou, Naishan Zheng, Yuan Xu, Chun-Le Guo, Chongyi Li",NeurIPS,2023,https://proceedings.neurips.cc/paper_files/paper/2023/file/043f0503c4f652c737add3690aa5d12c-Paper-Conference.pdf,https://proceedings.neurips.cc/paper_files/paper/2023,2026-09-09,convenience_sample_candidate,not_checked,pdf_text_retrieved,True,False,False,False,passed_70_percent_threshold,0,[],,,[],"Bounded browser PDF text windows, not full-paper reading","Bounded proceedings windows; title-prioritized for AI model, method and empirical relevance; not ranked by figure quality."
p0442,Passive learning of active causal strategies in agents and language models,"Andrew Lampinen, Stephanie Chan, Ishita Dasgupta, Andrew Nam, Jane Wang",NeurIPS,2023,https://proceedings.neurips.cc/paper_files/paper/2023/file/045c87def0c02e3ad0d3d849766d7f1e-Paper-Conference.pdf,https://proceedings.neurips.cc/paper_files/paper/2023,2026-09-09,convenience_sample_candidate,not_checked,caption_candidates_extracted,True,True,False,False,passed_70_percent_threshold,3,"[{""figure"": 1, ""pdf_page"": 4}, {""figure"": 2, ""pdf_page"": 6}, {""figure"": 3, ""pdf_page"": 6}]","The causal DAG environment and experimental results. (a) The constraints imposed on the causal DAG structures when creating the training dataset, and",Automatically extracted first 22 words starting at a caption-like line; may include neighboring text.,"[""worked_example_or_problem"", ""quantitative_comparison""]","Bounded browser PDF text windows, not full-paper reading","Bounded proceedings windows; title-prioritized for AI model, method and empirical relevance; not ranked by figure quality."
p0443,Towards Free Data Selection with General-Purpose Models,"Yichen Xie, Mingyu Ding, Masayoshi TOMIZUKA, Wei Zhan",NeurIPS,2023,https://proceedings.neurips.cc/paper_files/paper/2023/file/047682108c3b053c61ad2da5a6057b4e-Paper-Conference.pdf,https://proceedings.neurips.cc/paper_files/paper/2023,2026-09-09,convenience_sample_candidate,not_checked,caption_candidates_extracted,True,True,False,False,passed_70_percent_threshold,1,"[{""figure"": 1, ""pdf_page"": 2}]","Comparisons between active learning pipeline and our proposed free selection pipeline. In this paper, we challenge this status quo by introducing an",Automatically extracted first 22 words starting at a caption-like line; may include neighboring text.,"[""method_or_architecture"", ""worked_example_or_problem"", ""quantitative_comparison"", ""efficiency_or_tradeoff""]","Bounded browser PDF text windows, not full-paper reading","Bounded proceedings windows; title-prioritized for AI model, method and empirical relevance; not ranked by figure quality."
p0444,Communication-Efficient Federated Bilevel Optimization with Global and Local Lower Level Problems,"Junyi Li, Feihu Huang, Heng Huang",NeurIPS,2023,https://proceedings.neurips.cc/paper_files/paper/2023/file/04bd683d5428d91c5fbb5a7d2c27064d-Paper-Conference.pdf,https://proceedings.neurips.cc/paper_files/paper/2023,2026-09-09,convenience_sample_candidate,not_checked,caption_candidates_extracted,True,True,False,False,passed_70_percent_threshold,2,"[{""figure"": 2, ""pdf_page"": 8}, {""figure"": 4, ""pdf_page"": 9}]","Validation Error vs Communication Rounds with different number of clients per epoch. From Left to Right: ρ = 0.1, 0.4, 0.8, 0.95.",Automatically extracted first 22 words starting at a caption-like line; may include neighboring text.,[],"Bounded browser PDF text windows, not full-paper reading","Bounded proceedings windows; title-prioritized for AI model, method and empirical relevance; not ranked by figure quality."
p0445,Partial Multi-Label Learning with Probabilistic Graphical Disambiguation,"Jun-Yi Hang, Min-Ling Zhang",NeurIPS,2023,https://proceedings.neurips.cc/paper_files/paper/2023/file/04e05ba5cbc36044f6499d1edf15247e-Paper-Conference.pdf,https://proceedings.neurips.cc/paper_files/paper/2023,2026-09-09,convenience_sample_candidate,not_checked,pdf_text_retrieved,True,False,False,False,passed_70_percent_threshold,0,[],,,[],"Bounded browser PDF text windows, not full-paper reading","Bounded proceedings windows; title-prioritized for AI model, method and empirical relevance; not ranked by figure quality."
p0446,Reward Scale Robustness for Proximal Policy Optimization via DreamerV3 Tricks,"Ryan Sullivan, Akarsh Kumar, Shengyi Huang, John Dickerson, Joseph Suarez",NeurIPS,2023,https://proceedings.neurips.cc/paper_files/paper/2023/file/04f61ec02d1b3a025a59d978269ce437-Paper-Conference.pdf,https://proceedings.neurips.cc/paper_files/paper/2023,2026-09-09,convenience_sample_candidate,not_checked,caption_candidates_extracted,True,True,False,False,passed_70_percent_threshold,2,"[{""figure"": 1, ""pdf_page"": 5}, {""figure"": 2, ""pdf_page"": 7}]","PPO with all tricks enabled compared to base PPO, using the DeepMind Control Suite in a) and c) and Atari environments (with",Automatically extracted first 22 words starting at a caption-like line; may include neighboring text.,"[""quantitative_comparison"", ""ablation_or_mechanism"", ""uncertainty_or_distribution""]","Bounded browser PDF text windows, not full-paper reading","Bounded proceedings windows; title-prioritized for AI model, method and empirical relevance; not ranked by figure quality."
p0447,Emergent Correspondence from Image Diffusion,"Luming Tang, Menglin Jia, Qianqian Wang, Cheng Perng Phoo, Bharath Hariharan",NeurIPS,2023,https://proceedings.neurips.cc/paper_files/paper/2023/file/0503f5dce343a1d06d16ba103dd52db1-Paper-Conference.pdf,https://proceedings.neurips.cc/paper_files/paper/2023,2026-09-09,convenience_sample_candidate,not_checked,metadata_catalogued,False,False,False,False,not_run,0,[],,,[],PDF exceeded browser size limit,"Bounded proceedings windows; title-prioritized for AI model, method and empirical relevance; not ranked by figure quality."
p0448,Robust Learning with Progressive Data Expansion Against Spurious Correlation,"Yihe Deng, Yu Yang, Baharan Mirzasoleiman, Quanquan Gu",NeurIPS,2023,https://proceedings.neurips.cc/paper_files/paper/2023/file/0506ad3d1bcc8398a920db9340f27fe4-Paper-Conference.pdf,https://proceedings.neurips.cc/paper_files/paper/2023,2026-09-09,convenience_sample_candidate,not_checked,caption_candidates_extracted,True,True,False,False,passed_70_percent_threshold,2,"[{""figure"": 1, ""pdf_page"": 2}, {""figure"": 2, ""pdf_page"": 3}]","A overview of the problem, our proposed solution, and the resultant outcomes. (A) We demonstrate the data distribution and provide an example",Automatically extracted first 22 words starting at a caption-like line; may include neighboring text.,"[""method_or_architecture"", ""worked_example_or_problem"", ""qualitative_outputs"", ""uncertainty_or_distribution""]","Bounded browser PDF text windows, not full-paper reading","Bounded proceedings windows; title-prioritized for AI model, method and empirical relevance; not ranked by figure quality."
p0449,Multiclass Boosting: Simple and Intuitive Weak Learning Criteria,"Nataly Brukhim, Amit Daniely, Yishay Mansour, Shay Moran",NeurIPS,2023,https://proceedings.neurips.cc/paper_files/paper/2023/file/050f8591be3874b52fdac4e1060eeb29-Paper-Conference.pdf,https://proceedings.neurips.cc/paper_files/paper/2023,2026-09-09,convenience_sample_candidate,not_checked,pdf_text_retrieved,True,False,False,False,passed_70_percent_threshold,0,[],,,[],"Bounded browser PDF text windows, not full-paper reading","Bounded proceedings windows; title-prioritized for AI model, method and empirical relevance; not ranked by figure quality."
p0450,Uncovering Neural Scaling Laws in Molecular Representation Learning,"Dingshuo Chen, Yanqiao Zhu, Jieyu Zhang, Yuanqi Du, Zhixun Li, Qiang Liu, Shu Wu, Liang Wang",NeurIPS,2023,https://proceedings.neurips.cc/paper_files/paper/2023/file/052e22cfdd344c79634f7ec76fa03e22-Paper-Datasets_and_Benchmarks.pdf,https://proceedings.neurips.cc/paper_files/paper/2023,2026-09-09,convenience_sample_candidate,not_checked,caption_candidates_extracted,True,True,False,False,passed_70_percent_threshold,3,"[{""figure"": 1, ""pdf_page"": 3}, {""figure"": 2, ""pdf_page"": 5}, {""figure"": 3, ""pdf_page"": 6}]",Summary of contributions of this work. We conduct a comprehensive data-centric study to examine the neural scaling laws in molecular representation learning.,Automatically extracted first 22 words starting at a caption-like line; may include neighboring text.,"[""worked_example_or_problem"", ""quantitative_comparison"", ""efficiency_or_tradeoff""]","Bounded browser PDF text windows, not full-paper reading","Bounded proceedings windows; title-prioritized for AI model, method and empirical relevance; not ranked by figure quality."
p0451,Minimum Description Length and Generalization Guarantees for Representation Learning,"Milad Sefidgaran, Abdellatif Zaidi, Piotr Krasnowski",NeurIPS,2023,https://proceedings.neurips.cc/paper_files/paper/2023/file/054e9f9a286671ababa3213d6e59c1c2-Paper-Conference.pdf,https://proceedings.neurips.cc/paper_files/paper/2023,2026-09-09,convenience_sample_candidate,not_checked,caption_candidates_extracted,True,True,False,False,passed_70_percent_threshold,1,"[{""figure"": 1, ""pdf_page"": 3}]",Considered learning frameworks. of establishing bounds on the generalization error of representation learning algorithms in terms of the compressibility of the latent,Automatically extracted first 22 words starting at a caption-like line; may include neighboring text.,"[""method_or_architecture"", ""quantitative_comparison""]","Bounded browser PDF text windows, not full-paper reading","Bounded proceedings windows; title-prioritized for AI model, method and empirical relevance; not ranked by figure quality."
p0452,From Discrete Tokens to High-Fidelity Audio Using Multi-Band Diffusion,"Robin San Roman, Yossi Adi, Antoine Deleforge, Romain Serizel, Gabriel Synnaeve, Alexandre Defossez",NeurIPS,2023,https://proceedings.neurips.cc/paper_files/paper/2023/file/054f771d614df12fe8def8ecdbe4e8e1-Paper-Conference.pdf,https://proceedings.neurips.cc/paper_files/paper/2023,2026-09-09,convenience_sample_candidate,not_checked,caption_candidates_extracted,True,True,False,False,passed_70_percent_threshold,1,"[{""figure"": 3, ""pdf_page"": 5}]",Left curves depict a comparison of the noise level ↵¯ along the diffusion process for cosine schedule and our power schedule. Right,Automatically extracted first 22 words starting at a caption-like line; may include neighboring text.,"[""quantitative_comparison""]","Bounded browser PDF text windows, not full-paper reading","Bounded proceedings windows; title-prioritized for AI model, method and empirical relevance; not ranked by figure quality."
p0453,Fixing the NTK: From Neural Network Linearizations to Exact Convex Programs,"Rajat Vadiraj Dwaraknath, Tolga Ergen, Mert Pilanci",NeurIPS,2023,https://proceedings.neurips.cc/paper_files/paper/2023/file/055fc19a3ce780b96cff15ffe738c1f1-Paper-Conference.pdf,https://proceedings.neurips.cc/paper_files/paper/2023,2026-09-09,convenience_sample_candidate,not_checked,pdf_text_retrieved,True,False,False,False,passed_70_percent_threshold,0,[],,,[],"Bounded browser PDF text windows, not full-paper reading","Bounded proceedings windows; title-prioritized for AI model, method and empirical relevance; not ranked by figure quality."
p0454,Birth of a Transformer: A Memory Viewpoint,"Alberto Bietti, Vivien Cabannes, Diane Bouchacourt, Herve Jegou, Leon Bottou",NeurIPS,2023,https://proceedings.neurips.cc/paper_files/paper/2023/file/0561738a239a995c8cd2ef0e50cfa4fd-Paper-Conference.pdf,https://proceedings.neurips.cc/paper_files/paper/2023,2026-09-09,convenience_sample_candidate,not_checked,caption_candidates_extracted,True,True,False,False,passed_70_percent_threshold,2,"[{""figure"": 1, ""pdf_page"": 3}, {""figure"": 2, ""pdf_page"": 4}]","Induction head mechanism. Induction heads are a two-layer mechanism that can predict b from a context [. . . , a, b,",Automatically extracted first 22 words starting at a caption-like line; may include neighboring text.,[],"Bounded browser PDF text windows, not full-paper reading","Bounded proceedings windows; title-prioritized for AI model, method and empirical relevance; not ranked by figure quality."
p0455,What You See is What You Read? Improving Text-Image Alignment Evaluation,"Michal Yarom, Yonatan Bitton, Soravit Changpinyo, Roee Aharoni, Jonathan Herzig, Oran Lang, Eran Ofek, Idan Szpektor",NeurIPS,2023,https://proceedings.neurips.cc/paper_files/paper/2023/file/056e8e9c8ca9929cb6cf198952bf1dbb-Paper-Conference.pdf,https://proceedings.neurips.cc/paper_files/paper/2023,2026-09-09,convenience_sample_candidate,not_checked,caption_candidates_extracted,True,True,False,False,passed_70_percent_threshold,3,"[{""figure"": 1, ""pdf_page"": 1}, {""figure"": 2, ""pdf_page"": 4}, {""figure"": 3, ""pdf_page"": 5}]",Overview of our approach to text-image alignment evaluation using SeeTRUE. We curate diverse pairs of real and synthetic text and images and,Automatically extracted first 22 words starting at a caption-like line; may include neighboring text.,"[""method_or_architecture"", ""worked_example_or_problem"", ""quantitative_comparison"", ""uncertainty_or_distribution""]","Bounded browser PDF text windows, not full-paper reading","Bounded proceedings windows; title-prioritized for AI model, method and empirical relevance; not ranked by figure quality."
p0456,On the Robustness of Mechanism Design under Total Variation Distance,"Anuran Makur, Marios Mertzanidis, Alexandros Psomas, Athina Terzoglou",NeurIPS,2023,https://proceedings.neurips.cc/paper_files/paper/2023/file/058983528186511a74968e88a6d0ad63-Paper-Conference.pdf,https://proceedings.neurips.cc/paper_files/paper/2023,2026-09-09,convenience_sample_candidate,not_checked,pdf_text_retrieved,True,False,False,False,passed_70_percent_threshold,0,[],,,[],"Bounded browser PDF text windows, not full-paper reading","Bounded proceedings windows; title-prioritized for AI model, method and empirical relevance; not ranked by figure quality."
p0457,"$\mathcal{M}^4$: A Unified XAI Benchmark for Faithfulness Evaluation of Feature Attribution Methods across Metrics, Modalities and Models","Xuhong Li, Mengnan Du, Jiamin Chen, Yekun Chai, Himabindu Lakkaraju, Haoyi Xiong",NeurIPS,2023,https://proceedings.neurips.cc/paper_files/paper/2023/file/05957c194f4c77ac9d91e1374d2def6b-Paper-Datasets_and_Benchmarks.pdf,https://proceedings.neurips.cc/paper_files/paper/2023,2026-09-09,convenience_sample_candidate,not_checked,caption_candidates_extracted,True,True,False,False,passed_70_percent_threshold,2,"[{""figure"": 1, ""pdf_page"": 2}, {""figure"": 2, ""pdf_page"": 6}]","The benchmark pipeline M4, which supports evaluations on two modalities with more than ten deep models to holistically validate the faithfulness of",Automatically extracted first 22 words starting at a caption-like line; may include neighboring text.,"[""method_or_architecture"", ""worked_example_or_problem"", ""efficiency_or_tradeoff""]","Bounded browser PDF text windows, not full-paper reading","Bounded proceedings windows; title-prioritized for AI model, method and empirical relevance; not ranked by figure quality."
p0458,A generative model of the hippocampal formation trained with theta driven local learning rules,"Tom M George, Kimberly L Stachenfeld, Caswell Barry, Claudia Clopath, Tomoki Fukai",NeurIPS,2023,https://proceedings.neurips.cc/paper_files/paper/2023/file/05ab457c7b769f01c2973e2a5ab66ad9-Paper-Conference.pdf,https://proceedings.neurips.cc/paper_files/paper/2023,2026-09-09,convenience_sample_candidate,not_checked,caption_candidates_extracted,True,True,False,False,passed_70_percent_threshold,3,"[{""figure"": 1, ""pdf_page"": 2}, {""figure"": 2, ""pdf_page"": 6}, {""figure"": 3, ""pdf_page"": 7}]",A biologically plausible generative model is trained with theta frequency wake-sleep cycles and a local learning rule. a Network schematic: high-D stimuli,Automatically extracted first 22 words starting at a caption-like line; may include neighboring text.,"[""method_or_architecture"", ""efficiency_or_tradeoff""]","Bounded browser PDF text windows, not full-paper reading","Bounded proceedings windows; title-prioritized for AI model, method and empirical relevance; not ranked by figure quality."
p0459,Risk-Averse Model Uncertainty for Distributionally Robust Safe Reinforcement Learning,"James Queeney, Mouhacine Benosman",NeurIPS,2023,https://proceedings.neurips.cc/paper_files/paper/2023/file/05b63fa06784b71aab3939004e0f0a0d-Paper-Conference.pdf,https://proceedings.neurips.cc/paper_files/paper/2023,2026-09-09,convenience_sample_candidate,not_checked,caption_candidates_extracted,True,True,False,False,passed_70_percent_threshold,2,"[{""figure"": 1, ""pdf_page"": 7}, {""figure"": 2, ""pdf_page"": 9}]",Coherent distortion risk measures used in RAMU experiments. Left: Distortion function g. Right: Weights for sample-based estimates in (7) when n =,Automatically extracted first 22 words starting at a caption-like line; may include neighboring text.,"[""method_or_architecture"", ""quantitative_comparison"", ""ablation_or_mechanism"", ""uncertainty_or_distribution""]","Bounded browser PDF text windows, not full-paper reading","Bounded proceedings windows; title-prioritized for AI model, method and empirical relevance; not ranked by figure quality."
p0460,Optimal approximation using complex-valued neural networks,"Paul Geuchen, Felix Voigtlaender",NeurIPS,2023,https://proceedings.neurips.cc/paper_files/paper/2023/file/05b69cc4c8ff6e24c5de1ecd27223d37-Paper-Conference.pdf,https://proceedings.neurips.cc/paper_files/paper/2023,2026-09-09,convenience_sample_candidate,not_checked,caption_candidates_extracted,True,True,False,False,passed_70_percent_threshold,2,"[{""figure"": 1, ""pdf_page"": 4}, {""figure"": 2, ""pdf_page"": 5}]","Graphical representation of a shallow neural network. Input and output neurons are depicted as dots, hidden neurons are depicted as circles. The",Automatically extracted first 22 words starting at a caption-like line; may include neighboring text.,[],"Bounded browser PDF text windows, not full-paper reading","Bounded proceedings windows; title-prioritized for AI model, method and empirical relevance; not ranked by figure quality."
p0461,BayesDAG: Gradient-Based Posterior Inference for Causal Discovery,"Yashas Annadani, Nick Pawlowski, Joel Jennings, Stefan Bauer, Cheng Zhang, Wenbo Gong",NeurIPS,2023,https://proceedings.neurips.cc/paper_files/paper/2023/file/05cf28e3d3c9a179d789c55270fe6f72-Paper-Conference.pdf,https://proceedings.neurips.cc/paper_files/paper/2023,2026-09-09,convenience_sample_candidate,not_checked,caption_candidates_extracted,True,True,False,False,passed_70_percent_threshold,1,"[{""figure"": 1, ""pdf_page"": 6}]","Graphical model of the inference problem. We employ a Gibbs sampling procedure [10], which iteratively applies (1) sampling p, Θ ∼ p(p,",Automatically extracted first 22 words starting at a caption-like line; may include neighboring text.,"[""worked_example_or_problem""]","Bounded browser PDF text windows, not full-paper reading","Bounded proceedings windows; title-prioritized for AI model, method and empirical relevance; not ranked by figure quality."
p0462,Towards Generic Semi-Supervised Framework for Volumetric Medical Image Segmentation,"Haonan Wang, Xiaomeng Li",NeurIPS,2023,https://proceedings.neurips.cc/paper_files/paper/2023/file/05dc08730e32441edff52b0fa6caab5f-Paper-Conference.pdf,https://proceedings.neurips.cc/paper_files/paper/2023,2026-09-09,convenience_sample_candidate,not_checked,caption_candidates_extracted,True,True,False,False,passed_70_percent_threshold,4,"[{""figure"": 1, ""pdf_page"": 2}, {""figure"": 2, ""pdf_page"": 3}, {""figure"": 3, ""pdf_page"": 3}, {""figure"": 4, ""pdf_page"": 5}]","From (a), (b) to (c): generalizing SSL to UDA and SemiDG settings by sampling more diverse data to form the training and",Automatically extracted first 22 words starting at a caption-like line; may include neighboring text.,"[""method_or_architecture"", ""efficiency_or_tradeoff"", ""uncertainty_or_distribution""]","Bounded browser PDF text windows, not full-paper reading","Bounded proceedings windows; title-prioritized for AI model, method and empirical relevance; not ranked by figure quality."
p0463,PolyDiffuse: Polygonal Shape Reconstruction via Guided Set Diffusion Models,"Jiacheng Chen, Ruizhi Deng, Yasutaka Furukawa",NeurIPS,2023,https://proceedings.neurips.cc/paper_files/paper/2023/file/05f0e2fa003602db2d98ca72b79dec51-Paper-Conference.pdf,https://proceedings.neurips.cc/paper_files/paper/2023,2026-09-09,convenience_sample_candidate,not_checked,caption_candidates_extracted,True,True,False,False,passed_70_percent_threshold,3,"[{""figure"": 1, ""pdf_page"": 2}, {""figure"": 2, ""pdf_page"": 2}, {""figure"": 3, ""pdf_page"": 5}]","PolyDiffuse for floorplan and HD map reconstruction. Starting from an initial proposal (e.g., from a human annotator or an existing method), the",Automatically extracted first 22 words starting at a caption-like line; may include neighboring text.,"[""worked_example_or_problem"", ""qualitative_outputs""]","Bounded browser PDF text windows, not full-paper reading","Bounded proceedings windows; title-prioritized for AI model, method and empirical relevance; not ranked by figure quality."
p0464,Can You Rely on Your Model Evaluation? Improving Model Evaluation with Synthetic Test Data,"Boris van Breugel, Nabeel Seedat, Fergus Imrie, Mihaela van der Schaar",NeurIPS,2023,https://proceedings.neurips.cc/paper_files/paper/2023/file/05fb0f4e645cad23e0ab59d6b9901428-Paper-Conference.pdf,https://proceedings.neurips.cc/paper_files/paper/2023,2026-09-09,convenience_sample_candidate,not_checked,caption_candidates_extracted,True,True,False,False,passed_70_percent_threshold,3,"[{""figure"": 1, ""pdf_page"": 2}, {""figure"": 2, ""pdf_page"": 4}, {""figure"": 3, ""pdf_page"": 5}]",Limitation of testing with real data (Adult dataset): Insufficient real test samples result in imprecise performance estimates when (i) testing underrepresented subgroups,Automatically extracted first 22 words starting at a caption-like line; may include neighboring text.,"[""method_or_architecture"", ""worked_example_or_problem"", ""quantitative_comparison"", ""ablation_or_mechanism"", ""uncertainty_or_distribution""]","Bounded browser PDF text windows, not full-paper reading","Bounded proceedings windows; title-prioritized for AI model, method and empirical relevance; not ranked by figure quality."
p0465,Bullying10K: A Large-Scale Neuromorphic Dataset towards Privacy-Preserving Bullying Recognition,"Yiting Dong, Yang Li, Dongcheng Zhao, Guobin Shen, Yi Zeng",NeurIPS,2023,https://proceedings.neurips.cc/paper_files/paper/2023/file/05ffe69463062b7f9fb506c8351ffdd7-Paper-Datasets_and_Benchmarks.pdf,https://proceedings.neurips.cc/paper_files/paper/2023,2026-09-09,convenience_sample_candidate,not_checked,metadata_catalogued,False,False,False,False,not_run,0,[],,,[],PDF exceeded browser size limit,"Bounded proceedings windows; title-prioritized for AI model, method and empirical relevance; not ranked by figure quality."
p0466,Compression with Bayesian Implicit Neural Representations,"Zongyu Guo, Gergely Flamich, Jiajun He, Zhibo Chen, José Miguel Hernández-Lobato",NeurIPS,2023,https://proceedings.neurips.cc/paper_files/paper/2023/file/060b2af0081a460f7f466f7f174d9052-Paper-Conference.pdf,https://proceedings.neurips.cc/paper_files/paper/2023,2026-09-09,convenience_sample_candidate,not_checked,caption_candidates_extracted,True,True,False,False,passed_70_percent_threshold,1,"[{""figure"": 1, ""pdf_page"": 2}]","Framework overview of COMBINER. It first encodes a datum D into Bayesian implicit neural representations, as variational posterior distribution qw. Then an",Automatically extracted first 22 words starting at a caption-like line; may include neighboring text.,"[""method_or_architecture"", ""quantitative_comparison"", ""efficiency_or_tradeoff"", ""uncertainty_or_distribution""]","Bounded browser PDF text windows, not full-paper reading","Bounded proceedings windows; title-prioritized for AI model, method and empirical relevance; not ranked by figure quality."
p0467,Towards Unbounded Machine Unlearning,"Meghdad Kurmanji, Peter Triantafillou, Jamie Hayes, Eleni Triantafillou",NeurIPS,2023,https://proceedings.neurips.cc/paper_files/paper/2023/file/062d711fb777322e2152435459e6e9d9-Paper-Conference.pdf,https://proceedings.neurips.cc/paper_files/paper/2023,2026-09-09,convenience_sample_candidate,not_checked,caption_candidates_extracted,True,True,False,False,passed_70_percent_threshold,1,"[{""figure"": 1, ""pdf_page"": 5}]",RB results: SCRUB is the only consistent top-performer in terms of forgetting and preserving utility. It is also highly efficient: second only,Automatically extracted first 22 words starting at a caption-like line; may include neighboring text.,"[""quantitative_comparison"", ""efficiency_or_tradeoff"", ""qualitative_outputs""]","Bounded browser PDF text windows, not full-paper reading","Bounded proceedings windows; title-prioritized for AI model, method and empirical relevance; not ranked by figure quality."
p0468,Collaborative Learning via Prediction Consensus,"Dongyang Fan, Celestine Mendler-Dünner, Martin Jaggi",NeurIPS,2023,https://proceedings.neurips.cc/paper_files/paper/2023/file/065e259a1d2d955e63b99aac6a3a3081-Paper-Conference.pdf,https://proceedings.neurips.cc/paper_files/paper/2023,2026-09-09,convenience_sample_candidate,not_checked,caption_candidates_extracted,True,True,False,False,passed_70_percent_threshold,1,"[{""figure"": 1, ""pdf_page"": 5}]","Local data distributions are shown in (a), and the initial fit on local data is shown in (b). (c) and (d) are",Automatically extracted first 22 words starting at a caption-like line; may include neighboring text.,"[""quantitative_comparison"", ""uncertainty_or_distribution""]","Bounded browser PDF text windows, not full-paper reading","Bounded proceedings windows; title-prioritized for AI model, method and empirical relevance; not ranked by figure quality."
p0469,Identification of Nonlinear Latent Hierarchical Models,"Lingjing Kong, Biwei Huang, Feng Xie, Eric P. Xing, Yuejie Chi, Kun Zhang",NeurIPS,2023,https://proceedings.neurips.cc/paper_files/paper/2023/file/065ef23a944b3995de7dd4a3e203d133-Paper-Conference.pdf,https://proceedings.neurips.cc/paper_files/paper/2023,2026-09-09,convenience_sample_candidate,not_checked,caption_candidates_extracted,True,True,False,False,passed_70_percent_threshold,2,"[{""figure"": 1, ""pdf_page"": 2}, {""figure"": 3, ""pdf_page"": 6}]",Examples of latent hierarchical graphs satisfying Conditions 2.4. xi denotes observed variables and zj denotes latent variables. The node size represents the,Automatically extracted first 22 words starting at a caption-like line; may include neighboring text.,"[""worked_example_or_problem"", ""ablation_or_mechanism""]","Bounded browser PDF text windows, not full-paper reading","Bounded proceedings windows; title-prioritized for AI model, method and empirical relevance; not ranked by figure quality."
p0470,Sample Efficient Reinforcement Learning in Mixed Systems through Augmented Samples and Its Applications to Queueing Networks,"Honghao Wei, Xin Liu, Weina Wang, Lei Ying",NeurIPS,2023,https://proceedings.neurips.cc/paper_files/paper/2023/file/0663a39baab211328fc865f91abc75ab-Paper-Conference.pdf,https://proceedings.neurips.cc/paper_files/paper/2023,2026-09-09,convenience_sample_candidate,not_checked,caption_candidates_extracted,True,True,False,False,passed_70_percent_threshold,1,"[{""figure"": 1, ""pdf_page"": 5}]","A Downlink Wireless Network The base station can transmit to one and only one mobile during each time slot, and let At",Automatically extracted first 22 words starting at a caption-like line; may include neighboring text.,[],"Bounded browser PDF text windows, not full-paper reading","Bounded proceedings windows; title-prioritized for AI model, method and empirical relevance; not ranked by figure quality."
p0471,Temporal Graph Benchmark for Machine Learning on Temporal Graphs,"Shenyang Huang, Farimah Poursafaei, Jacob Danovitch, Matthias Fey, Weihua Hu, Emanuele Rossi, Jure Leskovec, Michael Bronstein, Guillaume Rabusseau, Reihaneh Rabbany",NeurIPS,2023,https://proceedings.neurips.cc/paper_files/paper/2023/file/066b98e63313162f6562b35962671288-Paper-Datasets_and_Benchmarks.pdf,https://proceedings.neurips.cc/paper_files/paper/2023,2026-09-09,convenience_sample_candidate,not_checked,caption_candidates_extracted,True,True,False,False,passed_70_percent_threshold,2,"[{""figure"": 1, ""pdf_page"": 2}, {""figure"": 2, ""pdf_page"": 3}]",TGB consists of a diverse set of datasets that are one order of magnitude larger than existing datasets in terms of number,Automatically extracted first 22 words starting at a caption-like line; may include neighboring text.,"[""method_or_architecture""]","Bounded browser PDF text windows, not full-paper reading","Bounded proceedings windows; title-prioritized for AI model, method and empirical relevance; not ranked by figure quality."
p0472,Navigating Data Heterogeneity in Federated Learning: A Semi-Supervised Federated Object Detection,"Taehyeon Kim, Eric Lin, Junu Lee, Christian Lau, Vaikkunth Mugunthan",NeurIPS,2023,https://proceedings.neurips.cc/paper_files/paper/2023/file/066e4dbfeccb5dc2851acd5eca584937-Paper-Conference.pdf,https://proceedings.neurips.cc/paper_files/paper/2023,2026-09-09,convenience_sample_candidate,not_checked,caption_candidates_extracted,True,True,False,False,passed_70_percent_threshold,3,"[{""figure"": 1, ""pdf_page"": 2}, {""figure"": 2, ""pdf_page"": 3}, {""figure"": 3, ""pdf_page"": 5}]","An overview of our FedSTO method within the SSFOD framework with key components: selective training, orthogonal enhancement, and local Exponential Moving Average",Automatically extracted first 22 words starting at a caption-like line; may include neighboring text.,"[""method_or_architecture"", ""worked_example_or_problem"", ""quantitative_comparison"", ""ablation_or_mechanism""]","Bounded browser PDF text windows, not full-paper reading","Bounded proceedings windows; title-prioritized for AI model, method and empirical relevance; not ranked by figure quality."
p0473,On the Generalization Properties of Diffusion Models,"Puheng Li, Zhong Li, Huishuai Zhang, Jiang Bian",NeurIPS,2023,https://proceedings.neurips.cc/paper_files/paper/2023/file/06abed94583030dd50abe6767bd643b1-Paper-Conference.pdf,https://proceedings.neurips.cc/paper_files/paper/2023,2026-09-09,convenience_sample_candidate,not_checked,pdf_text_retrieved,True,False,False,False,passed_70_percent_threshold,0,[],,,[],"Bounded browser PDF text windows, not full-paper reading","Bounded proceedings windows; title-prioritized for AI model, method and empirical relevance; not ranked by figure quality."
p0474,UP-DP: Unsupervised Prompt Learning for Data Pre-Selection with Vision-Language Models,"Xin Li, Sima Behpour, Thang Long Doan, Wenbin He, Liang Gou, Liu Ren",NeurIPS,2023,https://proceedings.neurips.cc/paper_files/paper/2023/file/06d5f1fe6509b001e6d4e0ec1afd83dd-Paper-Conference.pdf,https://proceedings.neurips.cc/paper_files/paper/2023,2026-09-09,convenience_sample_candidate,not_checked,pdf_text_retrieved,True,False,False,False,passed_70_percent_threshold,0,[],,,[],"Bounded browser PDF text windows, not full-paper reading","Bounded proceedings windows; title-prioritized for AI model, method and empirical relevance; not ranked by figure quality."
p0475,Optimistic Rates for Multi-Task Representation Learning,"Austin Watkins, Enayat Ullah, Thanh Nguyen-Tang, Raman Arora",NeurIPS,2023,https://proceedings.neurips.cc/paper_files/paper/2023/file/06e3c330d140f3a25671acf2dc2d6357-Paper-Conference.pdf,https://proceedings.neurips.cc/paper_files/paper/2023,2026-09-09,convenience_sample_candidate,not_checked,caption_candidates_extracted,True,True,False,False,passed_70_percent_threshold,1,"[{""figure"": 1, ""pdf_page"": 25}]",A graph demonstrating the dependency structure of our results. The top blue node is the concentration inequality given in Bousquet [2002]. We,Automatically extracted first 22 words starting at a caption-like line; may include neighboring text.,"[""quantitative_comparison""]","Bounded browser PDF text windows, not full-paper reading","Bounded proceedings windows; title-prioritized for AI model, method and empirical relevance; not ranked by figure quality."
p0476,"Patch n’ Pack: NaViT, a Vision Transformer for any Aspect Ratio and Resolution","Mostafa Dehghani, Basil Mustafa, Josip Djolonga, Jonathan Heek, Matthias Minderer, Mathilde Caron, Andreas Steiner, Joan Puigcerver, Robert Geirhos, Ibrahim M Alabdulmohsin, Avital Oliver, Piotr Padlewski, Alexey Gritsenko, Mario Lucic, Neil Houlsby",NeurIPS,2023,https://proceedings.neurips.cc/paper_files/paper/2023/file/06ea400b9b7cfce6428ec27a371632eb-Paper-Conference.pdf,https://proceedings.neurips.cc/paper_files/paper/2023,2026-09-09,convenience_sample_candidate,not_checked,caption_candidates_extracted,True,True,False,False,passed_70_percent_threshold,8,"[{""figure"": 1, ""pdf_page"": 2}, {""figure"": 2, ""pdf_page"": 2}, {""figure"": 3, ""pdf_page"": 3}, {""figure"": 4, ""pdf_page"": 4}, {""figure"": 5, ""pdf_page"": 6}, {""figure"": 6, ""pdf_page"": 6}, {""figure"": 7, ""pdf_page"": 6}, {""figure"": 8, ""pdf_page"": 6}]",NaViT offers notable computational efficiency during pre-training (left) which carries over to downstream fine-tuning (middle). A single NaViT can be applied successfully,Automatically extracted first 22 words starting at a caption-like line; may include neighboring text.,"[""method_or_architecture"", ""worked_example_or_problem"", ""quantitative_comparison"", ""efficiency_or_tradeoff""]","Bounded browser PDF text windows, not full-paper reading","Bounded proceedings windows; title-prioritized for AI model, method and empirical relevance; not ranked by figure quality."
p0477,The Benefits of Being Distributional: Small-Loss Bounds for Reinforcement Learning,"Kaiwen Wang, Kevin Zhou, Runzhe Wu, Nathan Kallus, Wen Sun",NeurIPS,2023,https://proceedings.neurips.cc/paper_files/paper/2023/file/06fc38f5c21ae66ef955e28b7a78ece5-Paper-Conference.pdf,https://proceedings.neurips.cc/paper_files/paper/2023,2026-09-09,convenience_sample_candidate,not_checked,pdf_text_retrieved,True,False,False,False,passed_70_percent_threshold,0,[],,,[],"Bounded browser PDF text windows, not full-paper reading","Bounded proceedings windows; title-prioritized for AI model, method and empirical relevance; not ranked by figure quality."
p0478,Uncovering and Quantifying Social Biases in Code Generation,"Yan Liu, Xiaokang Chen, Yan Gao, Zhe Su, Fengji Zhang, Daoguang Zan, Jian-Guang Lou, Pin-Yu Chen, Tsung-Yi Ho",NeurIPS,2023,https://proceedings.neurips.cc/paper_files/paper/2023/file/071a637d41ea290ac4360818a8323f33-Paper-Conference.pdf,https://proceedings.neurips.cc/paper_files/paper/2023,2026-09-09,convenience_sample_candidate,not_checked,caption_candidates_extracted,True,True,False,False,passed_70_percent_threshold,3,"[{""figure"": 1, ""pdf_page"": 2}, {""figure"": 2, ""pdf_page"": 4}, {""figure"": 3, ""pdf_page"": 5}]","An example of biased code generated by InCoder-6B [10]. The prompt provided to the model is shown without background, and the model-generated",Automatically extracted first 22 words starting at a caption-like line; may include neighboring text.,"[""worked_example_or_problem"", ""quantitative_comparison"", ""qualitative_outputs"", ""ablation_or_mechanism""]","Bounded browser PDF text windows, not full-paper reading","Bounded proceedings windows; title-prioritized for AI model, method and empirical relevance; not ranked by figure quality."
p0479,A Bounded Ability Estimation for Computerized Adaptive Testing,"Yan Zhuang, Qi Liu, Guanhao Zhao, Zhenya Huang, Weizhe Huang, Zachary Pardos, Enhong Chen, Jinze Wu, Xin Li",NeurIPS,2023,https://proceedings.neurips.cc/paper_files/paper/2023/file/0730b81dbc16cce7e85b519cb7fe5a8d-Paper-Conference.pdf,https://proceedings.neurips.cc/paper_files/paper/2023,2026-09-09,convenience_sample_candidate,not_checked,caption_candidates_extracted,True,True,False,False,passed_70_percent_threshold,2,"[{""figure"": 1, ""pdf_page"": 2}, {""figure"": 2, ""pdf_page"": 4}]","An illustration of the CAT system: At test step t ∈ [1, ..., T], the selection algorithm uses the current ability estimate",Automatically extracted first 22 words starting at a caption-like line; may include neighboring text.,"[""worked_example_or_problem""]","Bounded browser PDF text windows, not full-paper reading","Bounded proceedings windows; title-prioritized for AI model, method and empirical relevance; not ranked by figure quality."
p0480,Exact Bayesian Inference on Discrete Models via Probability Generating Functions: A Probabilistic Programming Approach,"Fabian Zaiser, Andrzej Murawski, Chih-Hao Luke Ong",NeurIPS,2023,https://proceedings.neurips.cc/paper_files/paper/2023/file/0747af6f877c0cb555fea595f01b0e83-Paper-Conference.pdf,https://proceedings.neurips.cc/paper_files/paper/2023,2026-09-09,convenience_sample_candidate,not_checked,caption_candidates_extracted,True,True,False,False,passed_70_percent_threshold,3,"[{""figure"": 1, ""pdf_page"": 9}, {""figure"": 2, ""pdf_page"": 10}, {""figure"": 3, ""pdf_page"": 10}]",Comparison of the population model and its modifications with approximate inference: mean and standard error of the computation time and TVD over,Automatically extracted first 22 words starting at a caption-like line; may include neighboring text.,"[""quantitative_comparison"", ""uncertainty_or_distribution""]","Bounded browser PDF text windows, not full-paper reading","Bounded proceedings windows; title-prioritized for AI model, method and empirical relevance; not ranked by figure quality."
p0481,$SE(3)$ Equivariant Convolution and Transformer in Ray Space,"Yinshuang Xu, Jiahui Lei, Kostas Daniilidis",NeurIPS,2023,https://proceedings.neurips.cc/paper_files/paper/2023/file/075b2875e2b671ddd74aeec0ac9f0357-Paper-Conference.pdf,https://proceedings.neurips.cc/paper_files/paper/2023,2026-09-09,convenience_sample_candidate,not_checked,metadata_catalogued,False,False,False,False,not_run,0,[],,,[],PDF exceeded browser size limit,"Bounded proceedings windows; title-prioritized for AI model, method and empirical relevance; not ranked by figure quality."
p0482,Principle-Driven Self-Alignment of Language Models from Scratch with Minimal Human Supervision,"Zhiqing Sun, Yikang Shen, Qinhong Zhou, Hongxin Zhang, Zhenfang Chen, David Cox, Yiming Yang, Chuang Gan",NeurIPS,2023,https://proceedings.neurips.cc/paper_files/paper/2023/file/0764db1151b936aca59249e2c1386101-Paper-Conference.pdf,https://proceedings.neurips.cc/paper_files/paper/2023,2026-09-09,convenience_sample_candidate,not_checked,caption_candidates_extracted,True,True,False,False,passed_70_percent_threshold,3,"[{""figure"": 1, ""pdf_page"": 2}, {""figure"": 2, ""pdf_page"": 4}, {""figure"": 3, ""pdf_page"": 5}]","An illustration of the four essential stages in the SELF-ALIGN process relies on the availability of extensive human supervision, which is not",Automatically extracted first 22 words starting at a caption-like line; may include neighboring text.,"[""method_or_architecture"", ""worked_example_or_problem"", ""quantitative_comparison"", ""qualitative_outputs""]","Bounded browser PDF text windows, not full-paper reading","Bounded proceedings windows; title-prioritized for AI model, method and empirical relevance; not ranked by figure quality."
p0483,Prototypical Variational Autoencoder for 3D Few-shot Object Detection,"Weiliang Tang, Biqi YANG, Xianzhi Li, Yun-Hui Liu, Pheng-Ann Heng, Chi-Wing Fu",NeurIPS,2023,https://proceedings.neurips.cc/paper_files/paper/2023/file/076a93fd42aa85f5ccee921a01d77dd5-Paper-Conference.pdf,https://proceedings.neurips.cc/paper_files/paper/2023,2026-09-09,convenience_sample_candidate,not_checked,pdf_text_retrieved,True,False,False,False,passed_70_percent_threshold,0,[],,,[],"Bounded browser PDF text windows, not full-paper reading","Bounded proceedings windows; title-prioritized for AI model, method and empirical relevance; not ranked by figure quality."
p0484,Double Gumbel Q-Learning,"David Yu-Tung Hui, Aaron C. Courville, Pierre-Luc Bacon",NeurIPS,2023,https://proceedings.neurips.cc/paper_files/paper/2023/file/07956d40074d6523bad11112b3225c6e-Paper-Conference.pdf,https://proceedings.neurips.cc/paper_files/paper/2023,2026-09-09,convenience_sample_candidate,not_checked,caption_candidates_extracted,True,True,False,False,passed_70_percent_threshold,4,"[{""figure"": 1, ""pdf_page"": 6}, {""figure"": 2, ""pdf_page"": 6}, {""figure"": 16, ""pdf_page"": 32}, {""figure"": 17, ""pdf_page"": 33}]","The empirical distribution of noise in discrete control CartPole-v1. (a, b): Fitted normal, logistic, and Gumbel distributions against (a) unstandardized and (b)",Automatically extracted first 22 words starting at a caption-like line; may include neighboring text.,"[""quantitative_comparison"", ""ablation_or_mechanism"", ""uncertainty_or_distribution""]","Bounded browser PDF text windows, not full-paper reading","Bounded proceedings windows; title-prioritized for AI model, method and empirical relevance; not ranked by figure quality."
p0485,Mutual-Information Regularized Multi-Agent Policy Iteration,"Wang, Deheng Ye, Zongqing Lu",NeurIPS,2023,https://proceedings.neurips.cc/paper_files/paper/2023/file/0799492e7be38b66d10ead5e8809616d-Paper-Conference.pdf,https://proceedings.neurips.cc/paper_files/paper/2023,2026-09-09,convenience_sample_candidate,not_checked,caption_candidates_extracted,True,True,False,False,passed_70_percent_threshold,2,"[{""figure"": 1, ""pdf_page"": 7}, {""figure"": 2, ""pdf_page"": 9}]","Learning framework of MIPI, where each agent i has three modules: a utility function Qi(s, ui; θi), a policy πi(ui|s; ϕi), and",Automatically extracted first 22 words starting at a caption-like line; may include neighboring text.,"[""method_or_architecture""]","Bounded browser PDF text windows, not full-paper reading","Bounded proceedings windows; title-prioritized for AI model, method and empirical relevance; not ranked by figure quality."
p0486,An Efficient End-to-End Training Approach for Zero-Shot Human-AI Coordination,"Xue Yan, Jiaxian Guo, Xingzhou Lou, Jun Wang, Haifeng Zhang, Yali Du",NeurIPS,2023,https://proceedings.neurips.cc/paper_files/paper/2023/file/07a363fd2263091c2063998e0034999c-Paper-Conference.pdf,https://proceedings.neurips.cc/paper_files/paper/2023,2026-09-09,convenience_sample_candidate,not_checked,caption_candidates_extracted,True,True,False,False,passed_70_percent_threshold,2,"[{""figure"": 1, ""pdf_page"": 2}, {""figure"": 2, ""pdf_page"": 4}]",Illustration of training time and zero-shot coordination performance of baselines. The right y-axis is the required hours to train one model. The,Automatically extracted first 22 words starting at a caption-like line; may include neighboring text.,"[""method_or_architecture"", ""worked_example_or_problem"", ""quantitative_comparison"", ""efficiency_or_tradeoff""]","Bounded browser PDF text windows, not full-paper reading","Bounded proceedings windows; title-prioritized for AI model, method and empirical relevance; not ranked by figure quality."
p0487,Computing Optimal Equilibria and Mechanisms via Learning in Zero-Sum Extensive-Form Games,"Brian Zhang, Gabriele Farina, Ioannis Anagnostides, Federico Cacciamani, Stephen McAleer, Andreas Haupt, Andrea Celli, Nicola Gatti, Vincent Conitzer, Tuomas Sandholm",NeurIPS,2023,https://proceedings.neurips.cc/paper_files/paper/2023/file/07be1a0850e58ca29e2b6ce31fc0c791-Paper-Conference.pdf,https://proceedings.neurips.cc/paper_files/paper/2023,2026-09-09,convenience_sample_candidate,not_checked,caption_candidates_extracted,True,True,False,False,passed_70_percent_threshold,1,"[{""figure"": 1, ""pdf_page"": 10}]",Exploitability is measured by summing the best response for both bidders to the mechanism. Zero exploitability corresponds to incentive compatibility. In a,Automatically extracted first 22 words starting at a caption-like line; may include neighboring text.,"[""quantitative_comparison""]","Bounded browser PDF text windows, not full-paper reading","Bounded proceedings windows; title-prioritized for AI model, method and empirical relevance; not ranked by figure quality."
p0488,Parts of Speech–Grounded Subspaces in Vision-Language Models,"James Oldfield, Christos Tzelepis, Yannis Panagakis, Mihalis Nicolaou, Ioannis Patras",NeurIPS,2023,https://proceedings.neurips.cc/paper_files/paper/2023/file/07cf32cf61224da628157b7ed0ce994a-Paper-Conference.pdf,https://proceedings.neurips.cc/paper_files/paper/2023,2026-09-09,convenience_sample_candidate,not_checked,caption_candidates_extracted,True,True,False,False,passed_70_percent_threshold,2,"[{""figure"": 1, ""pdf_page"": 2}, {""figure"": 2, ""pdf_page"": 5}]",CLIP represents multiple visual modes of variation in an embedding (e.g. the ‘object’ and its ‘appearance’). The learnt PoS subspaces more reliably,Automatically extracted first 22 words starting at a caption-like line; may include neighboring text.,"[""worked_example_or_problem"", ""ablation_or_mechanism""]","Bounded browser PDF text windows, not full-paper reading","Bounded proceedings windows; title-prioritized for AI model, method and empirical relevance; not ranked by figure quality."
p0489,Epistemic Neural Networks,"Ian Osband, Zheng Wen, Seyed Mohammad Asghari, Vikranth Dwaracherla, MORTEZA IBRAHIMI, Xiuyuan Lu, Benjamin Van Roy",NeurIPS,2023,https://proceedings.neurips.cc/paper_files/paper/2023/file/07fbde96bee50f4e09303fd4f877c2f3-Paper-Conference.pdf,https://proceedings.neurips.cc/paper_files/paper/2023,2026-09-09,convenience_sample_candidate,not_checked,caption_candidates_extracted,True,True,False,False,passed_70_percent_threshold,1,"[{""figure"": 3, ""pdf_page"": 4}]",An ENN can incorporate the epistemic index z ∼ PZ into its joint predictions. This allows an ENN to differentiate inevitable ambiguity,Automatically extracted first 22 words starting at a caption-like line; may include neighboring text.,"[""quantitative_comparison""]","Bounded browser PDF text windows, not full-paper reading","Bounded proceedings windows; title-prioritized for AI model, method and empirical relevance; not ranked by figure quality."
p0490,HotBEV: Hardware-oriented Transformer-based Multi-View 3D Detector for BEV Perception,"Peiyan Dong, Zhenglun Kong, Xin Meng, Pinrui Yu, Yifan Gong, Geng Yuan, Hao Tang, Yanzhi Wang",NeurIPS,2023,https://proceedings.neurips.cc/paper_files/paper/2023/file/081b08068e4733ae3e7ad019fe8d172f-Paper-Conference.pdf,https://proceedings.neurips.cc/paper_files/paper/2023,2026-09-09,convenience_sample_candidate,not_checked,caption_candidates_extracted,True,True,False,False,passed_70_percent_threshold,4,"[{""figure"": 1, ""pdf_page"": 2}, {""figure"": 2, ""pdf_page"": 2}, {""figure"": 3, ""pdf_page"": 3}, {""figure"": 4, ""pdf_page"": 4}]",(a) Comparison with previous backbone methods in real-world object detection. HotBEV captures the global/local information better than others. (b) HotBEV aims to,Automatically extracted first 22 words starting at a caption-like line; may include neighboring text.,"[""worked_example_or_problem"", ""quantitative_comparison"", ""efficiency_or_tradeoff"", ""uncertainty_or_distribution""]","Bounded browser PDF text windows, not full-paper reading","Bounded proceedings windows; title-prioritized for AI model, method and empirical relevance; not ranked by figure quality."
p0491,Mip-Grid: Anti-aliased Grid Representations for Neural Radiance Fields,"Seungtae Nam, Daniel Rho, Jong Hwan Ko, Eunbyung Park",NeurIPS,2023,https://proceedings.neurips.cc/paper_files/paper/2023/file/082d3d795520c43214da5123e56a3a34-Paper-Conference.pdf,https://proceedings.neurips.cc/paper_files/paper/2023,2026-09-09,convenience_sample_candidate,not_checked,caption_candidates_extracted,True,True,False,False,passed_70_percent_threshold,3,"[{""figure"": 1, ""pdf_page"": 2}, {""figure"": 3, ""pdf_page"": 6}, {""figure"": 4, ""pdf_page"": 7}]",(a) A quantitative comparison of mip-TensoRF against its three baseline models and mip-NeRF (see Sec. 4 for details). (b) Rendering samples of,Automatically extracted first 22 words starting at a caption-like line; may include neighboring text.,"[""method_or_architecture"", ""worked_example_or_problem"", ""quantitative_comparison"", ""efficiency_or_tradeoff"", ""qualitative_outputs"", ""ablation_or_mechanism""]","Bounded browser PDF text windows, not full-paper reading","Bounded proceedings windows; title-prioritized for AI model, method and empirical relevance; not ranked by figure quality."
p0492,Theoretically Guaranteed Bidirectional Data Rectification for Robust Sequential Recommendation,"Yatong Sun, Bin Wang, Zhu Sun, Xiaochun Yang, Yan Wang",NeurIPS,2023,https://proceedings.neurips.cc/paper_files/paper/2023/file/08309150af77fc7c79ade0bf8bb6a562-Paper-Conference.pdf,https://proceedings.neurips.cc/paper_files/paper/2023,2026-09-09,convenience_sample_candidate,not_checked,caption_candidates_extracted,True,True,False,False,passed_70_percent_threshold,1,"[{""figure"": 1, ""pdf_page"": 15}]",The estimated constants C and λ on various datasets. B Proofs of Lemmas and Theorems B.1 The Proof of Theorem 1 Theorem,Automatically extracted first 22 words starting at a caption-like line; may include neighboring text.,[],"Bounded browser PDF text windows, not full-paper reading","Bounded proceedings windows; title-prioritized for AI model, method and empirical relevance; not ranked by figure quality."
p0493,Diffusion-Based Adversarial Sample Generation for Improved Stealthiness and Controllability,"Haotian Xue, Alexandre Araujo, Bin Hu, Yongxin Chen",NeurIPS,2023,https://proceedings.neurips.cc/paper_files/paper/2023/file/088463cd3126aef2002ffc69da42ec59-Paper-Conference.pdf,https://proceedings.neurips.cc/paper_files/paper/2023,2026-09-09,convenience_sample_candidate,not_checked,metadata_catalogued,False,False,False,False,not_run,0,[],,,[],PDF exceeded browser size limit,"Bounded proceedings windows; title-prioritized for AI model, method and empirical relevance; not ranked by figure quality."
p0494,InstanT: Semi-supervised Learning with Instance-dependent Thresholds,"Muyang Li, Runze Wu, Haoyu Liu, Jun Yu, Xun Yang, Bo Han, Tongliang Liu",NeurIPS,2023,https://proceedings.neurips.cc/paper_files/paper/2023/file/088d99765bc121c6df215da7d45bc4e9-Paper-Conference.pdf,https://proceedings.neurips.cc/paper_files/paper/2023,2026-09-09,convenience_sample_candidate,not_checked,pdf_text_retrieved,True,False,False,False,passed_70_percent_threshold,0,[],,,[],"Bounded browser PDF text windows, not full-paper reading","Bounded proceedings windows; title-prioritized for AI model, method and empirical relevance; not ranked by figure quality."
p0495,Neural Lyapunov Control for Discrete-Time Systems,"Junlin Wu, Andrew Clark, Yiannis Kantaros, Yevgeniy Vorobeychik",NeurIPS,2023,https://proceedings.neurips.cc/paper_files/paper/2023/file/08bf1773e94763b6cc366ee7c6582f27-Paper-Conference.pdf,https://proceedings.neurips.cc/paper_files/paper/2023,2026-09-09,convenience_sample_candidate,not_checked,caption_candidates_extracted,True,True,False,False,passed_70_percent_threshold,1,"[{""figure"": 1, ""pdf_page"": 9}]",ROA plot of inverted pendulum (left) and path tracking (right). We select the best result for each method. Inverted Pendulum For the,Automatically extracted first 22 words starting at a caption-like line; may include neighboring text.,"[""efficiency_or_tradeoff""]","Bounded browser PDF text windows, not full-paper reading","Bounded proceedings windows; title-prioritized for AI model, method and empirical relevance; not ranked by figure quality."
p0496,Evolving Connectivity for Recurrent Spiking Neural Networks,"Guan Wang, Yuhao Sun, Sijie Cheng, Sen Song",NeurIPS,2023,https://proceedings.neurips.cc/paper_files/paper/2023/file/08f9de0232c0b485110237f6e6cf88f1-Paper-Conference.pdf,https://proceedings.neurips.cc/paper_files/paper/2023,2026-09-09,convenience_sample_candidate,not_checked,caption_candidates_extracted,True,True,False,False,passed_70_percent_threshold,2,"[{""figure"": 2, ""pdf_page"": 6}, {""figure"": 3, ""pdf_page"": 7}]","Locomotion tasks illustrated from left to right: Humanoid (17-DoF), Walker2d (6-DoF), and Hopper (3-DoF). Tasks. We focus on three robotic locomotion tasks",Automatically extracted first 22 words starting at a caption-like line; may include neighboring text.,"[""method_or_architecture"", ""worked_example_or_problem"", ""quantitative_comparison""]","Bounded browser PDF text windows, not full-paper reading","Bounded proceedings windows; title-prioritized for AI model, method and empirical relevance; not ranked by figure quality."
p0497,Transformed Low-Rank Parameterization Can Help Robust Generalization for Tensor Neural Networks,"Andong Wang, Chao Li, Mingyuan Bai, Zhong Jin, Guoxu Zhou, Qibin Zhao",NeurIPS,2023,https://proceedings.neurips.cc/paper_files/paper/2023/file/092c2d45005ea2db40fc24c470663416-Paper-Conference.pdf,https://proceedings.neurips.cc/paper_files/paper/2023,2026-09-09,convenience_sample_candidate,not_checked,caption_candidates_extracted,True,True,False,False,passed_70_percent_threshold,5,"[{""figure"": 1, ""pdf_page"": 17}, {""figure"": 2, ""pdf_page"": 18}, {""figure"": 3, ""pdf_page"": 18}, {""figure"": 4, ""pdf_page"": 19}, {""figure"": 5, ""pdf_page"": 19}]","The adversarial generalization gaps plotted against the training sample size (N) for t-NNs, both with and without transformed low-rank weight tensors, using",Automatically extracted first 22 words starting at a caption-like line; may include neighboring text.,"[""ablation_or_mechanism""]","Bounded browser PDF text windows, not full-paper reading","Bounded proceedings windows; title-prioritized for AI model, method and empirical relevance; not ranked by figure quality."
p0498,Testing the General Deductive Reasoning Capacity of Large Language Models Using OOD Examples,"Abulhair Saparov, Richard Yuanzhe Pang, Vishakh Padmakumar, Nitish Joshi, Mehran Kazemi, Najoung Kim, He He",NeurIPS,2023,https://proceedings.neurips.cc/paper_files/paper/2023/file/09425891e393e64b0535194a81ba15b7-Paper-Conference.pdf,https://proceedings.neurips.cc/paper_files/paper/2023,2026-09-09,convenience_sample_candidate,not_checked,pdf_text_retrieved,True,False,False,False,passed_70_percent_threshold,0,[],,,[],"Bounded browser PDF text windows, not full-paper reading","Bounded proceedings windows; title-prioritized for AI model, method and empirical relevance; not ranked by figure quality."
p0499,GraphMP: Graph Neural Network-based Motion Planning with Efficient Graph Search,"Xiao Zang, Miao Yin, Jinqi Xiao, Saman Zonouz, Bo Yuan",NeurIPS,2023,https://proceedings.neurips.cc/paper_files/paper/2023/file/096961cae3c3423c44ea045aeb584e05-Paper-Conference.pdf,https://proceedings.neurips.cc/paper_files/paper/2023,2026-09-09,convenience_sample_candidate,not_checked,pdf_text_retrieved,True,False,False,False,passed_70_percent_threshold,0,[],,,[],"Bounded browser PDF text windows, not full-paper reading","Bounded proceedings windows; title-prioritized for AI model, method and empirical relevance; not ranked by figure quality."
p0500,Path following algorithms for $\ell_2$-regularized $M$-estimation with approximation guarantee,"Yunzhang Zhu, Renxiong Liu",NeurIPS,2023,https://proceedings.neurips.cc/paper_files/paper/2023/file/00296c0e10cd24d415c2db63ea2a2c68-Paper-Conference.pdf,https://proceedings.neurips.cc/paper_files/paper/2023,2026-09-09,convenience_sample_candidate,not_checked,caption_candidates_extracted,True,True,False,False,passed_70_percent_threshold,2,"[{""figure"": 1, ""pdf_page"": 9}, {""figure"": 2, ""pdf_page"": 10}]","Runtime v.s. suboptimality for the Newton method, the gradient descent method, the mixed method, the baseline method and Ndiaye’s method under two",Automatically extracted first 22 words starting at a caption-like line; may include neighboring text.,"[""worked_example_or_problem"", ""quantitative_comparison"", ""efficiency_or_tradeoff""]","Bounded browser PDF text windows, not full-paper reading","Bounded proceedings windows; title-prioritized for AI model, method and empirical relevance; not ranked by figure quality."
